Workbook
Name Райони: '0000'!$AA$2:$AA$28

Sheet 0000
B1: Форма № 10 (річна) | E1: Звіт щодо надання психіатричної допомоги населенню за | K1: 2024 рік
AA2: Vinnytska
B3: Термін подання: | E3: Затверджено | J3: Зареєстровано | M3: Погоджено: | AA3: Volynska
B4: відповідно до Наказу МОЗ України | E4: Наказ МОЗ України | J4: у Міністерстві юстиції України | M4: Державна служба статистики України | AA4: Dnipropetrovska
B5: від 9 грудня 2024 року № 2056 | E5: від 30 листопада 2017 року № 1504 | J5: 10 квітня 2018 року за № 426/31878 | M5: Державна регуляторна служба України | AA5: Donetska
M6: Державна служба спеціального зв’язку | AA6: Zhytomyrska
M7: та захисту інформації України | AA7: Zakarpatska
B8: Подають: | AA8: Zaporizka
B9: заклади охорони здоров’я незалежно від їх організаційно-правової форми | AA9: Ivano_Frankivska
B10: та фізичні особи — підприємці, які провадять медичну практику на підставі ліцензії | AA10: Kyivska
B11: й у звітному році брали участь у наданні психіатричної допомоги населенню, в тому числі й особам з розладами психіки та поведінки внаслідок уживання психоактивних речовин | AA11: Kyiv
AA12: Kirovohradska
B13: в електронному вигляді — державній установі «Інститут судової психіатрії Міністерства охорони здоров’я України» | AA13: Luhanska
AA14: Lvivska
B15: 1. Зазначте адресну інформацію, керуючись наведеними у примітках прикладами: | J15: 2. Зазначте наявну інформацію в листах 1000 — 4100, що відповідають таблицям форми № 10 | AA15: Mykolaivska
B16: Респондент: | J16: У звіті ЗОЗ має бути обов'язково заповнено таблицю 4000. У звіті ФОП — таблицю 4100. | AA16: Odeska
A17: edrpou | B17: код за ЄДРПОУ: | J17: Зверніть увагу, що інформацію на цьому та інших листах необхідно вносити | AA17: Poltavska
A18: rnokpp | B18: РНОКПП (зазначати у разі звіту ФОП): | J18: тільки у комірки світло-зеленого кольору | AA18: Rivnenska
A19: name | B19: Найменування ЗОЗ (або П. І. Б. ФОП): | J19: Просимо уникати внесення змін у комірки без кольору чи іншого кольору, | AA19: Sumska
A20: postindex | B20: Місцезнаходження: | E20: поштовий індекс | J20: не видаляти / додавати / редагувати текст та формули, не змінювати форматування тощо | AA20: Ternopilska
A21: oblast | B21: регіон | AA21: Kharkivska
A22: rayon | B22: район | J22: 3. Перевірте правильність внесення даних, користуючись вказівками, розміщеними | AA22: Khersonska
A23: punkt | B23: населений пункт | J23: справа та внизу від таблиць у листах 1000 — 3000. У разі наявності помилок, виправте внесені | AA23: Khmelnytska
A24: street | B24: вулиця / провулок, площа тощо | J24: дані відповідно до перевірочних формул у комірках червоного кольору з позначкою "Помилка" | AA24: Cherkaska
A25: house | B25: № будинку / корпусу | J25: (кількість помилок у кожній таблиці відображається в лівій нижній частині цього листа) | AA25: Chernivetska
A26: room | B26: № квартири / офісу | AA26: Chernihivska
A27: filename | G27: =J28 -> 2024-_ | J27: 4. Після завершення внесення даних перейменуйте файл, як зазначено у комірці нижче: | AA27: AR_Krym
A28: dir | B28: П. І. Б. керівника: | J28: =TRIM(CONCATENATE("2024-",G21,"_",G17)) -> 2024-_ | K28: (наприклад: "2024-Cherkaska_02005484") | AA28: Sevastopol
A29: dir_tel | B29: номер телефону:
A30: dir_email | B30: електронна адреса: | J30: 5. Кожному із закладів з надання психіатричної допомоги області (включно із спеціалізованими
A31: resp | B31: П. І. Б. відповідального за звіт: | J31: та неспеціалізованими) — необхідно надіслати звіт у форматі .xlsx до ДОЗ, для формування
A32: resp_pos | B32: посада: | J32: пакету звітів по області
A33: resp_tel | B33: номер телефону:
A34: resp_email | B34: електронна адреса: | J34: 6. Просимо ДОЗ надіслати пакет звітів усіх закладів з надання психіатричної допомоги
J35: (включно із спеціалізованими та неспеціалізованими) по області (в архівному файлі .zip)
A36: mis_1000 | B36: Кількість помилок | E36: табл. 1000 | G36: =COUNTIF('1000'!E10:AQ239, "Помилка") -> 0 | J36: на електронну адресу: | K36: ndips@ukr.net | M36: відповідно до графіку, зазначеному в додатку 2
A37: mis_1100 | B37: у таблицях: | E37: табл. 1100 | G37: =COUNTIF('1100'!E10:AV157, "Помилка") -> 0 | J37: до Наказу МОЗ України від 9 грудня 2024 року № 2056
A38: mis_1200 | E38: табл. 1200 | G38: =COUNTIF('1200'!E10:AV49, "Помилка") -> 0
A39: mis_1300 | E39: табл. 1300 | G39: =COUNTIF('1300'!E10:Q77, "Помилка") -> 0
A40: mis_1400 | E40: табл. 1400 | G40: =COUNTIF('1400'!E10:AD43, "Помилка") -> 0
A41: mis_1500 | E41: табл. 1500 | G41: =COUNTIF('1500'!E10:AM43, "Помилка") -> 0
A42: mis_2000 | E42: табл. 2000 | G42: =COUNTIF('2000'!E10:AR239, "Помилка") -> 0
A43: mis_2100 | E43: табл. 2100 | G43: =COUNTIF('2100'!E10:AT157, "Помилка") -> 0
A44: mis_2200 | E44: табл. 2200 | G44: =COUNTIF('2200'!E10:T145, "Помилка") -> 0
A45: mis_2300 | E45: табл. 2300 | G45: =COUNTIF('2300'!E10:AN43, "Помилка") -> 1
A46: mis_2400 | E46: табл. 2400 | G46: =COUNTIF('2400'!E10:AM43, "Помилка") -> 0
A47: mis_3000 | E47: табл. 3000 | G47: =COUNTIF('3000'!E10:AL239, "Помилка") -> 0

Sheet 1000
A1: cd | B1: dsrdr | C1: clmn | D1: icd10 | E1: op | F1: op_inc | G1: op_inc_m | H1: op_inc_r | I1: op_inc_u14 | J1: op_inc_u18 | K1: op_inc_y | L1: op_inc_e | M1: op_stp | N1: op_stp_c | O1: op_stp_d | P1: op_prv | Q1: op_prv_m | R1: op_prv_r | S1: op_prv_u14 | T1: op_prv_u18 | U1: op_prv_y | V1: op_prv_e
B2: Таблиця 1000 | C2: Амбулаторна психіатрична допомога
B3: Найменування розладів | C3: Номер | D3: Код за МКХ-10 | E3: Кількість осіб, яким було розпочато надання амбулаторної психіатричної допомоги | M3: Кількість осіб, які припинили отримувати амбулаторну психіатричну допомогу | P3: Кількість осіб, яким надавалась амбулаторна психіатрична допомога на кінець року
C4: рядка | E4: усього | F4: з них з уперше встановленим розладом психіки та поведінки | M4: усього | N4: з них у зв’язку | P4: усього | Q4: у тому числі
F5: усього | G5: у тому числі | N5: з одужанням, | O5: зі смертю | Q5: чоловіки | R5: сільське | S5: за віковими групами
G6: чоловіки | H6: сільське | I6: за віковими групами | N6: стійкою | O6: з різних | R6: населення | S6: малолітні | T6: діти | U6: молодь | V6: особи
H7: населення | I7: малолітні | J7: діти | K7: молодь | L7: особи похилого віку | N7: ремісією | O7: причин | V7: похилого віку
B9: А | C9: Б | D9: В | E9: 1 | F9: 2 | G9: 3 | H9: 4 | I9: 5 | J9: 6 | K9: 7 | L9: 8 | M9: 9 | N9: 10 | O9: 11 | P9: 12 | Q9: 13 | R9: 14 | S9: 15 | T9: 16 | U9: 17 | V9: 18
A10: f_[00:99] | B10: Усього | C10: 1.0 | D10: F00-F99 | E10: 1133 | F10: 615 | G10: 476 | H10: 335 | I10: 110 | J10: 126 | K10: 117 | L10: 59 | M10: 589 | N10: 397 | O10: 25 | P10: 3201 | Q10: 1860 | R10: 1672 | S10: 620 | T10: 739 | U10: 560 | V10: 449 | X10: =IF(E10>=F10,"Вірно","Помилка") -> Вірно | Y10: =IF(F10>=G10,"Вірно","Помилка") -> Вірно | Z10: =IF(F10>=H10,"Вірно","Помилка") -> Вірно | AA10: =IF(F10>=J10,"Вірно","Помилка") -> Вірно | AB10: =IF(J10>=I10,"Вірно","Помилка") -> Вірно | AC10: =IF(F10>=K10,"Вірно","Помилка") -> Вірно | AD10: =IF(F10>=L10,"Вірно","Помилка") -> Вірно | AE10: =IF(M10>=N10,"Вірно","Помилка") -> Вірно | AF10: =IF(M10>=O10,"Вірно","Помилка") -> Вірно | AG10: =IF(P10>=Q10,"Вірно","Помилка") -> Вірно | AH10: =IF(P10>=R10,"Вірно","Помилка") -> Вірно | AI10: =IF(P10>=T10,"Вірно","Помилка") -> Вірно | AJ10: =IF(T10>=S10,"Вірно","Помилка") -> Вірно | AK10: =IF(P10>=U10,"Вірно","Помилка") -> Вірно | AL10: =IF(P10>=V10,"Вірно","Помилка") -> Вірно | AM10: =IF((I10+K10+L10)<=F10,"Вірно","Помилка") -> Вірно | AN10: =IF((J10+L10)<=F10,"Вірно","Помилка") -> Вірно | AO10: =IF((N10+O10)<=M10,"Вірно","Помилка") -> Вірно | AP10: =IF((S10+U10+V10)<=P10,"Вірно","Помилка") -> Вірно | AQ10: =IF((T10+V10)<=P10,"Вірно","Помилка") -> Вірно
B11: у тому числі:
A12: f_0[0:9] | B12: органічні, включно із симптоматичними | C12: 2.0 | D12: F00-F09 | E12: 131 | F12: 36 | G12: 22 | H12: 17 | I12: 11 | J12: 13 | K12: 4 | L12: 15 | M12: 38 | N12: 3 | P12: 240 | Q12: 164 | R12: 186 | S12: 105 | T12: 116 | U12: 11 | V12: 30 | X12: =IF(E12>=F12,"Вірно","Помилка") -> Вірно | Y12: =IF(F12>=G12,"Вірно","Помилка") -> Вірно | Z12: =IF(F12>=H12,"Вірно","Помилка") -> Вірно | AA12: =IF(F12>=J12,"Вірно","Помилка") -> Вірно | AB12: =IF(J12>=I12,"Вірно","Помилка") -> Вірно | AC12: =IF(F12>=K12,"Вірно","Помилка") -> Вірно | AD12: =IF(F12>=L12,"Вірно","Помилка") -> Вірно | AE12: =IF(M12>=N12,"Вірно","Помилка") -> Вірно | AF12: =IF(M12>=O12,"Вірно","Помилка") -> Вірно | AG12: =IF(P12>=Q12,"Вірно","Помилка") -> Вірно | AH12: =IF(P12>=R12,"Вірно","Помилка") -> Вірно | AI12: =IF(P12>=T12,"Вірно","Помилка") -> Вірно | AJ12: =IF(T12>=S12,"Вірно","Помилка") -> Вірно | AK12: =IF(P12>=U12,"Вірно","Помилка") -> Вірно | AL12: =IF(P12>=V12,"Вірно","Помилка") -> Вірно | AM12: =IF((I12+K12+L12)<=F12,"Вірно","Помилка") -> Вірно | AN12: =IF((J12+L12)<=F12,"Вірно","Помилка") -> Вірно | AO12: =IF((N12+O12)<=M12,"Вірно","Помилка") -> Вірно | AP12: =IF((S12+U12+V12)<=P12,"Вірно","Помилка") -> Вірно | AQ12: =IF((T12+V12)<=P12,"Вірно","Помилка") -> Вірно
A13: f_0[0:3] | B13: з них деменція, усі форми | C13: 2.1 | D13: F00-F03 | E13: 1 | F13: 1 | G13: 1 | H13: 1 | L13: 1 | M13: 3 | P13: 1 | Q13: 1 | R13: 1 | V13: 1 | X13: =IF(E13>=F13,"Вірно","Помилка") -> Вірно | Y13: =IF(F13>=G13,"Вірно","Помилка") -> Вірно | Z13: =IF(F13>=H13,"Вірно","Помилка") -> Вірно | AA13: =IF(F13>=J13,"Вірно","Помилка") -> Вірно | AB13: =IF(J13>=I13,"Вірно","Помилка") -> Вірно | AC13: =IF(F13>=K13,"Вірно","Помилка") -> Вірно | AD13: =IF(F13>=L13,"Вірно","Помилка") -> Вірно | AE13: =IF(M13>=N13,"Вірно","Помилка") -> Вірно | AF13: =IF(M13>=O13,"Вірно","Помилка") -> Вірно | AG13: =IF(P13>=Q13,"Вірно","Помилка") -> Вірно | AH13: =IF(P13>=R13,"Вірно","Помилка") -> Вірно | AI13: =IF(P13>=T13,"Вірно","Помилка") -> Вірно | AJ13: =IF(T13>=S13,"Вірно","Помилка") -> Вірно | AK13: =IF(P13>=U13,"Вірно","Помилка") -> Вірно | AL13: =IF(P13>=V13,"Вірно","Помилка") -> Вірно | AM13: =IF((I13+K13+L13)<=F13,"Вірно","Помилка") -> Вірно | AN13: =IF((J13+L13)<=F13,"Вірно","Помилка") -> Вірно | AO13: =IF((N13+O13)<=M13,"Вірно","Помилка") -> Вірно | AP13: =IF((S13+U13+V13)<=P13,"Вірно","Помилка") -> Вірно | AQ13: =IF((T13+V13)<=P13,"Вірно","Помилка") -> Вірно
B14: у тому числі:
A15: f_00 | B15: деменція при хворобі Альцгеймера | C15: 2.1.1 | D15: F00 | X15: =IF(E15>=F15,"Вірно","Помилка") -> Вірно | Y15: =IF(F15>=G15,"Вірно","Помилка") -> Вірно | Z15: =IF(F15>=H15,"Вірно","Помилка") -> Вірно | AA15: =IF(F15>=J15,"Вірно","Помилка") -> Вірно | AB15: =IF(J15>=I15,"Вірно","Помилка") -> Вірно | AC15: =IF(F15>=K15,"Вірно","Помилка") -> Вірно | AD15: =IF(F15>=L15,"Вірно","Помилка") -> Вірно | AE15: =IF(M15>=N15,"Вірно","Помилка") -> Вірно | AF15: =IF(M15>=O15,"Вірно","Помилка") -> Вірно | AG15: =IF(P15>=Q15,"Вірно","Помилка") -> Вірно | AH15: =IF(P15>=R15,"Вірно","Помилка") -> Вірно | AI15: =IF(P15>=T15,"Вірно","Помилка") -> Вірно | AJ15: =IF(T15>=S15,"Вірно","Помилка") -> Вірно | AK15: =IF(P15>=U15,"Вірно","Помилка") -> Вірно | AL15: =IF(P15>=V15,"Вірно","Помилка") -> Вірно | AM15: =IF((I15+K15+L15)<=F15,"Вірно","Помилка") -> Вірно | AN15: =IF((J15+L15)<=F15,"Вірно","Помилка") -> Вірно | AO15: =IF((N15+O15)<=M15,"Вірно","Помилка") -> Вірно | AP15: =IF((S15+U15+V15)<=P15,"Вірно","Помилка") -> Вірно | AQ15: =IF((T15+V15)<=P15,"Вірно","Помилка") -> Вірно
A16: f_01 | B16: судинна деменція | C16: 2.1.2 | D16: F01 | E16: 1 | F16: 1 | G16: 1 | H16: 1 | L16: 1 | M16: 3 | P16: 1 | Q16: 1 | R16: 1 | V16: 1 | X16: =IF(E16>=F16,"Вірно","Помилка") -> Вірно | Y16: =IF(F16>=G16,"Вірно","Помилка") -> Вірно | Z16: =IF(F16>=H16,"Вірно","Помилка") -> Вірно | AA16: =IF(F16>=J16,"Вірно","Помилка") -> Вірно | AB16: =IF(J16>=I16,"Вірно","Помилка") -> Вірно | AC16: =IF(F16>=K16,"Вірно","Помилка") -> Вірно | AD16: =IF(F16>=L16,"Вірно","Помилка") -> Вірно | AE16: =IF(M16>=N16,"Вірно","Помилка") -> Вірно | AF16: =IF(M16>=O16,"Вірно","Помилка") -> Вірно | AG16: =IF(P16>=Q16,"Вірно","Помилка") -> Вірно | AH16: =IF(P16>=R16,"Вірно","Помилка") -> Вірно | AI16: =IF(P16>=T16,"Вірно","Помилка") -> Вірно | AJ16: =IF(T16>=S16,"Вірно","Помилка") -> Вірно | AK16: =IF(P16>=U16,"Вірно","Помилка") -> Вірно | AL16: =IF(P16>=V16,"Вірно","Помилка") -> Вірно | AM16: =IF((I16+K16+L16)<=F16,"Вірно","Помилка") -> Вірно | AN16: =IF((J16+L16)<=F16,"Вірно","Помилка") -> Вірно | AO16: =IF((N16+O16)<=M16,"Вірно","Помилка") -> Вірно | AP16: =IF((S16+U16+V16)<=P16,"Вірно","Помилка") -> Вірно | AQ16: =IF((T16+V16)<=P16,"Вірно","Помилка") -> Вірно
A17: f_06 | B17: інші психічні розлади органічної етіології | C17: 2.2 | D17: F06 | E17: 75 | F17: 11 | G17: 6 | H17: 5 | I17: 4 | J17: 5 | K17: 2 | L17: 3 | M17: 13 | N17: 2 | P17: 143 | Q17: 92 | R17: 124 | S17: 61 | T17: 71 | U17: 6 | V17: 6 | X17: =IF(E17>=F17,"Вірно","Помилка") -> Вірно | Y17: =IF(F17>=G17,"Вірно","Помилка") -> Вірно | Z17: =IF(F17>=H17,"Вірно","Помилка") -> Вірно | AA17: =IF(F17>=J17,"Вірно","Помилка") -> Вірно | AB17: =IF(J17>=I17,"Вірно","Помилка") -> Вірно | AC17: =IF(F17>=K17,"Вірно","Помилка") -> Вірно | AD17: =IF(F17>=L17,"Вірно","Помилка") -> Вірно | AE17: =IF(M17>=N17,"Вірно","Помилка") -> Вірно | AF17: =IF(M17>=O17,"Вірно","Помилка") -> Вірно | AG17: =IF(P17>=Q17,"Вірно","Помилка") -> Вірно | AH17: =IF(P17>=R17,"Вірно","Помилка") -> Вірно | AI17: =IF(P17>=T17,"Вірно","Помилка") -> Вірно | AJ17: =IF(T17>=S17,"Вірно","Помилка") -> Вірно | AK17: =IF(P17>=U17,"Вірно","Помилка") -> Вірно | AL17: =IF(P17>=V17,"Вірно","Помилка") -> Вірно | AM17: =IF((I17+K17+L17)<=F17,"Вірно","Помилка") -> Вірно | AN17: =IF((J17+L17)<=F17,"Вірно","Помилка") -> Вірно | AO17: =IF((N17+O17)<=M17,"Вірно","Помилка") -> Вірно | AP17: =IF((S17+U17+V17)<=P17,"Вірно","Помилка") -> Вірно | AQ17: =IF((T17+V17)<=P17,"Вірно","Помилка") -> Вірно
A18: f_07 | B18: розлади особистості та поведінки органічної етіології | C18: 2.3 | D18: F07 | E18: 55 | F18: 24 | G18: 14 | H18: 11 | I18: 7 | J18: 8 | K18: 2 | L18: 11 | M18: 5 | N18: 1 | P18: 96 | Q18: 71 | R18: 61 | S18: 44 | T18: 45 | U18: 5 | V18: 23 | X18: =IF(E18>=F18,"Вірно","Помилка") -> Вірно | Y18: =IF(F18>=G18,"Вірно","Помилка") -> Вірно | Z18: =IF(F18>=H18,"Вірно","Помилка") -> Вірно | AA18: =IF(F18>=J18,"Вірно","Помилка") -> Вірно | AB18: =IF(J18>=I18,"Вірно","Помилка") -> Вірно | AC18: =IF(F18>=K18,"Вірно","Помилка") -> Вірно | AD18: =IF(F18>=L18,"Вірно","Помилка") -> Вірно | AE18: =IF(M18>=N18,"Вірно","Помилка") -> Вірно | AF18: =IF(M18>=O18,"Вірно","Помилка") -> Вірно | AG18: =IF(P18>=Q18,"Вірно","Помилка") -> Вірно | AH18: =IF(P18>=R18,"Вірно","Помилка") -> Вірно | AI18: =IF(P18>=T18,"Вірно","Помилка") -> Вірно | AJ18: =IF(T18>=S18,"Вірно","Помилка") -> Вірно | AK18: =IF(P18>=U18,"Вірно","Помилка") -> Вірно | AL18: =IF(P18>=V18,"Вірно","Помилка") -> Вірно | AM18: =IF((I18+K18+L18)<=F18,"Вірно","Помилка") -> Вірно | AN18: =IF((J18+L18)<=F18,"Вірно","Помилка") -> Вірно | AO18: =IF((N18+O18)<=M18,"Вірно","Помилка") -> Вірно | AP18: =IF((S18+U18+V18)<=P18,"Вірно","Помилка") -> Вірно | AQ18: =IF((T18+V18)<=P18,"Вірно","Помилка") -> Вірно
A19: f_0_epi | B19: внаслідок епілепсії | C19: 2.4 | D19: F02.8x3, F06.x3, F07.83 | M19: 17 | X19: =IF(E19>=F19,"Вірно","Помилка") -> Вірно | Y19: =IF(F19>=G19,"Вірно","Помилка") -> Вірно | Z19: =IF(F19>=H19,"Вірно","Помилка") -> Вірно | AA19: =IF(F19>=J19,"Вірно","Помилка") -> Вірно | AB19: =IF(J19>=I19,"Вірно","Помилка") -> Вірно | AC19: =IF(F19>=K19,"Вірно","Помилка") -> Вірно | AD19: =IF(F19>=L19,"Вірно","Помилка") -> Вірно | AE19: =IF(M19>=N19,"Вірно","Помилка") -> Вірно | AF19: =IF(M19>=O19,"Вірно","Помилка") -> Вірно | AG19: =IF(P19>=Q19,"Вірно","Помилка") -> Вірно | AH19: =IF(P19>=R19,"Вірно","Помилка") -> Вірно | AI19: =IF(P19>=T19,"Вірно","Помилка") -> Вірно | AJ19: =IF(T19>=S19,"Вірно","Помилка") -> Вірно | AK19: =IF(P19>=U19,"Вірно","Помилка") -> Вірно | AL19: =IF(P19>=V19,"Вірно","Помилка") -> Вірно | AM19: =IF((I19+K19+L19)<=F19,"Вірно","Помилка") -> Вірно | AN19: =IF((J19+L19)<=F19,"Вірно","Помилка") -> Вірно | AO19: =IF((N19+O19)<=M19,"Вірно","Помилка") -> Вірно | AP19: =IF((S19+U19+V19)<=P19,"Вірно","Помилка") -> Вірно | AQ19: =IF((T19+V19)<=P19,"Вірно","Помилка") -> Вірно
A20: f_1[0:9] | B20: внаслідок уживання ПАР | C20: 3.0 | D20: F10-F19 | E20: 408 | F20: 408 | G20: 351 | H20: 205 | K20: 91 | L20: 41 | M20: 459 | N20: 378 | O20: 25 | P20: 1186 | Q20: 1080 | R20: 783 | U20: 214 | V20: 191 | X20: =IF(E20>=F20,"Вірно","Помилка") -> Вірно | Y20: =IF(F20>=G20,"Вірно","Помилка") -> Вірно | Z20: =IF(F20>=H20,"Вірно","Помилка") -> Вірно | AA20: =IF(F20>=J20,"Вірно","Помилка") -> Вірно | AB20: =IF(J20>=I20,"Вірно","Помилка") -> Вірно | AC20: =IF(F20>=K20,"Вірно","Помилка") -> Вірно | AD20: =IF(F20>=L20,"Вірно","Помилка") -> Вірно | AE20: =IF(M20>=N20,"Вірно","Помилка") -> Вірно | AF20: =IF(M20>=O20,"Вірно","Помилка") -> Вірно | AG20: =IF(P20>=Q20,"Вірно","Помилка") -> Вірно | AH20: =IF(P20>=R20,"Вірно","Помилка") -> Вірно | AI20: =IF(P20>=T20,"Вірно","Помилка") -> Вірно | AJ20: =IF(T20>=S20,"Вірно","Помилка") -> Вірно | AK20: =IF(P20>=U20,"Вірно","Помилка") -> Вірно | AL20: =IF(P20>=V20,"Вірно","Помилка") -> Вірно | AM20: =IF((I20+K20+L20)<=F20,"Вірно","Помилка") -> Вірно | AN20: =IF((J20+L20)<=F20,"Вірно","Помилка") -> Вірно | AO20: =IF((N20+O20)<=M20,"Вірно","Помилка") -> Вірно | AP20: =IF((S20+U20+V20)<=P20,"Вірно","Помилка") -> Вірно | AQ20: =IF((T20+V20)<=P20,"Вірно","Помилка") -> Вірно
B21: з них:
A22: f_1[0:9].[0:1] | B22: гостра інтоксикація та вживання зі шкідливими наслідками | C22: 3.1 | D22: F1x.0,1 | E22: 377 | F22: 377 | G22: 320 | H22: 185 | K22: 84 | L22: 37 | M22: 378 | N22: 378 | P22: 377 | Q22: 320 | R22: 185 | U22: 84 | V22: 37 | X22: =IF(E22>=F22,"Вірно","Помилка") -> Вірно | Y22: =IF(F22>=G22,"Вірно","Помилка") -> Вірно | Z22: =IF(F22>=H22,"Вірно","Помилка") -> Вірно | AA22: =IF(F22>=J22,"Вірно","Помилка") -> Вірно | AB22: =IF(J22>=I22,"Вірно","Помилка") -> Вірно | AC22: =IF(F22>=K22,"Вірно","Помилка") -> Вірно | AD22: =IF(F22>=L22,"Вірно","Помилка") -> Вірно | AE22: =IF(M22>=N22,"Вірно","Помилка") -> Вірно | AF22: =IF(M22>=O22,"Вірно","Помилка") -> Вірно | AG22: =IF(P22>=Q22,"Вірно","Помилка") -> Вірно | AH22: =IF(P22>=R22,"Вірно","Помилка") -> Вірно | AI22: =IF(P22>=T22,"Вірно","Помилка") -> Вірно | AJ22: =IF(T22>=S22,"Вірно","Помилка") -> Вірно | AK22: =IF(P22>=U22,"Вірно","Помилка") -> Вірно | AL22: =IF(P22>=V22,"Вірно","Помилка") -> Вірно | AM22: =IF((I22+K22+L22)<=F22,"Вірно","Помилка") -> Вірно | AN22: =IF((J22+L22)<=F22,"Вірно","Помилка") -> Вірно | AO22: =IF((N22+O22)<=M22,"Вірно","Помилка") -> Вірно | AP22: =IF((S22+U22+V22)<=P22,"Вірно","Помилка") -> Вірно | AQ22: =IF((T22+V22)<=P22,"Вірно","Помилка") -> Вірно
B23: у тому числі внаслідок уживання:
A24: f_10.[0:1] | B24: алкоголю | C24: 3.1.1 | D24: F10.0,1 | E24: 231 | F24: 231 | G24: 219 | H24: 112 | K24: 35 | L24: 32 | M24: 220 | N24: 220 | P24: 231 | Q24: 219 | R24: 112 | U24: 35 | V24: 32 | X24: =IF(E24>=F24,"Вірно","Помилка") -> Вірно | Y24: =IF(F24>=G24,"Вірно","Помилка") -> Вірно | Z24: =IF(F24>=H24,"Вірно","Помилка") -> Вірно | AA24: =IF(F24>=J24,"Вірно","Помилка") -> Вірно | AB24: =IF(J24>=I24,"Вірно","Помилка") -> Вірно | AC24: =IF(F24>=K24,"Вірно","Помилка") -> Вірно | AD24: =IF(F24>=L24,"Вірно","Помилка") -> Вірно | AE24: =IF(M24>=N24,"Вірно","Помилка") -> Вірно | AF24: =IF(M24>=O24,"Вірно","Помилка") -> Вірно | AG24: =IF(P24>=Q24,"Вірно","Помилка") -> Вірно | AH24: =IF(P24>=R24,"Вірно","Помилка") -> Вірно | AI24: =IF(P24>=T24,"Вірно","Помилка") -> Вірно | AJ24: =IF(T24>=S24,"Вірно","Помилка") -> Вірно | AK24: =IF(P24>=U24,"Вірно","Помилка") -> Вірно | AL24: =IF(P24>=V24,"Вірно","Помилка") -> Вірно | AM24: =IF((I24+K24+L24)<=F24,"Вірно","Помилка") -> Вірно | AN24: =IF((J24+L24)<=F24,"Вірно","Помилка") -> Вірно | AO24: =IF((N24+O24)<=M24,"Вірно","Помилка") -> Вірно | AP24: =IF((S24+U24+V24)<=P24,"Вірно","Помилка") -> Вірно | AQ24: =IF((T24+V24)<=P24,"Вірно","Помилка") -> Вірно
A25: f_11.[0:1] | B25: опіоїдів | C25: 3.1.2 | D25: F11.0,1 | M25: 3 | N25: 3 | X25: =IF(E25>=F25,"Вірно","Помилка") -> Вірно | Y25: =IF(F25>=G25,"Вірно","Помилка") -> Вірно | Z25: =IF(F25>=H25,"Вірно","Помилка") -> Вірно | AA25: =IF(F25>=J25,"Вірно","Помилка") -> Вірно | AB25: =IF(J25>=I25,"Вірно","Помилка") -> Вірно | AC25: =IF(F25>=K25,"Вірно","Помилка") -> Вірно | AD25: =IF(F25>=L25,"Вірно","Помилка") -> Вірно | AE25: =IF(M25>=N25,"Вірно","Помилка") -> Вірно | AF25: =IF(M25>=O25,"Вірно","Помилка") -> Вірно | AG25: =IF(P25>=Q25,"Вірно","Помилка") -> Вірно | AH25: =IF(P25>=R25,"Вірно","Помилка") -> Вірно | AI25: =IF(P25>=T25,"Вірно","Помилка") -> Вірно | AJ25: =IF(T25>=S25,"Вірно","Помилка") -> Вірно | AK25: =IF(P25>=U25,"Вірно","Помилка") -> Вірно | AL25: =IF(P25>=V25,"Вірно","Помилка") -> Вірно | AM25: =IF((I25+K25+L25)<=F25,"Вірно","Помилка") -> Вірно | AN25: =IF((J25+L25)<=F25,"Вірно","Помилка") -> Вірно | AO25: =IF((N25+O25)<=M25,"Вірно","Помилка") -> Вірно | AP25: =IF((S25+U25+V25)<=P25,"Вірно","Помилка") -> Вірно | AQ25: =IF((T25+V25)<=P25,"Вірно","Помилка") -> Вірно
A26: f_11.[0:1]_opm | B26: з них: опій | C26: 3.1.2.1 | D26: F11.0,1 (частина) | M26: 3 | N26: 3 | X26: =IF(E26>=F26,"Вірно","Помилка") -> Вірно | Y26: =IF(F26>=G26,"Вірно","Помилка") -> Вірно | Z26: =IF(F26>=H26,"Вірно","Помилка") -> Вірно | AA26: =IF(F26>=J26,"Вірно","Помилка") -> Вірно | AB26: =IF(J26>=I26,"Вірно","Помилка") -> Вірно | AC26: =IF(F26>=K26,"Вірно","Помилка") -> Вірно | AD26: =IF(F26>=L26,"Вірно","Помилка") -> Вірно | AE26: =IF(M26>=N26,"Вірно","Помилка") -> Вірно | AF26: =IF(M26>=O26,"Вірно","Помилка") -> Вірно | AG26: =IF(P26>=Q26,"Вірно","Помилка") -> Вірно | AH26: =IF(P26>=R26,"Вірно","Помилка") -> Вірно | AI26: =IF(P26>=T26,"Вірно","Помилка") -> Вірно | AJ26: =IF(T26>=S26,"Вірно","Помилка") -> Вірно | AK26: =IF(P26>=U26,"Вірно","Помилка") -> Вірно | AL26: =IF(P26>=V26,"Вірно","Помилка") -> Вірно | AM26: =IF((I26+K26+L26)<=F26,"Вірно","Помилка") -> Вірно | AN26: =IF((J26+L26)<=F26,"Вірно","Помилка") -> Вірно | AO26: =IF((N26+O26)<=M26,"Вірно","Помилка") -> Вірно | AP26: =IF((S26+U26+V26)<=P26,"Вірно","Помилка") -> Вірно | AQ26: =IF((T26+V26)<=P26,"Вірно","Помилка") -> Вірно
A27: f_11.[0:1]_opm_a | B27: опій ацетильований | C27: 3.1.2.2 | D27: F11.0,1 (частина) | X27: =IF(E27>=F27,"Вірно","Помилка") -> Вірно | Y27: =IF(F27>=G27,"Вірно","Помилка") -> Вірно | Z27: =IF(F27>=H27,"Вірно","Помилка") -> Вірно | AA27: =IF(F27>=J27,"Вірно","Помилка") -> Вірно | AB27: =IF(J27>=I27,"Вірно","Помилка") -> Вірно | AC27: =IF(F27>=K27,"Вірно","Помилка") -> Вірно | AD27: =IF(F27>=L27,"Вірно","Помилка") -> Вірно | AE27: =IF(M27>=N27,"Вірно","Помилка") -> Вірно | AF27: =IF(M27>=O27,"Вірно","Помилка") -> Вірно | AG27: =IF(P27>=Q27,"Вірно","Помилка") -> Вірно | AH27: =IF(P27>=R27,"Вірно","Помилка") -> Вірно | AI27: =IF(P27>=T27,"Вірно","Помилка") -> Вірно | AJ27: =IF(T27>=S27,"Вірно","Помилка") -> Вірно | AK27: =IF(P27>=U27,"Вірно","Помилка") -> Вірно | AL27: =IF(P27>=V27,"Вірно","Помилка") -> Вірно | AM27: =IF((I27+K27+L27)<=F27,"Вірно","Помилка") -> Вірно | AN27: =IF((J27+L27)<=F27,"Вірно","Помилка") -> Вірно | AO27: =IF((N27+O27)<=M27,"Вірно","Помилка") -> Вірно | AP27: =IF((S27+U27+V27)<=P27,"Вірно","Помилка") -> Вірно | AQ27: =IF((T27+V27)<=P27,"Вірно","Помилка") -> Вірно
A28: f_11.[0:1]_hrn | B28: героїн | C28: 3.1.2.3 | D28: F11.0,1 (частина) | X28: =IF(E28>=F28,"Вірно","Помилка") -> Вірно | Y28: =IF(F28>=G28,"Вірно","Помилка") -> Вірно | Z28: =IF(F28>=H28,"Вірно","Помилка") -> Вірно | AA28: =IF(F28>=J28,"Вірно","Помилка") -> Вірно | AB28: =IF(J28>=I28,"Вірно","Помилка") -> Вірно | AC28: =IF(F28>=K28,"Вірно","Помилка") -> Вірно | AD28: =IF(F28>=L28,"Вірно","Помилка") -> Вірно | AE28: =IF(M28>=N28,"Вірно","Помилка") -> Вірно | AF28: =IF(M28>=O28,"Вірно","Помилка") -> Вірно | AG28: =IF(P28>=Q28,"Вірно","Помилка") -> Вірно | AH28: =IF(P28>=R28,"Вірно","Помилка") -> Вірно | AI28: =IF(P28>=T28,"Вірно","Помилка") -> Вірно | AJ28: =IF(T28>=S28,"Вірно","Помилка") -> Вірно | AK28: =IF(P28>=U28,"Вірно","Помилка") -> Вірно | AL28: =IF(P28>=V28,"Вірно","Помилка") -> Вірно | AM28: =IF((I28+K28+L28)<=F28,"Вірно","Помилка") -> Вірно | AN28: =IF((J28+L28)<=F28,"Вірно","Помилка") -> Вірно | AO28: =IF((N28+O28)<=M28,"Вірно","Помилка") -> Вірно | AP28: =IF((S28+U28+V28)<=P28,"Вірно","Помилка") -> Вірно | AQ28: =IF((T28+V28)<=P28,"Вірно","Помилка") -> Вірно
A29: f_11.[0:1]_mtd | B29: метадон | C29: 3.1.2.4 | D29: F11.0,1 (частина) | X29: =IF(E29>=F29,"Вірно","Помилка") -> Вірно | Y29: =IF(F29>=G29,"Вірно","Помилка") -> Вірно | Z29: =IF(F29>=H29,"Вірно","Помилка") -> Вірно | AA29: =IF(F29>=J29,"Вірно","Помилка") -> Вірно | AB29: =IF(J29>=I29,"Вірно","Помилка") -> Вірно | AC29: =IF(F29>=K29,"Вірно","Помилка") -> Вірно | AD29: =IF(F29>=L29,"Вірно","Помилка") -> Вірно | AE29: =IF(M29>=N29,"Вірно","Помилка") -> Вірно | AF29: =IF(M29>=O29,"Вірно","Помилка") -> Вірно | AG29: =IF(P29>=Q29,"Вірно","Помилка") -> Вірно | AH29: =IF(P29>=R29,"Вірно","Помилка") -> Вірно | AI29: =IF(P29>=T29,"Вірно","Помилка") -> Вірно | AJ29: =IF(T29>=S29,"Вірно","Помилка") -> Вірно | AK29: =IF(P29>=U29,"Вірно","Помилка") -> Вірно | AL29: =IF(P29>=V29,"Вірно","Помилка") -> Вірно | AM29: =IF((I29+K29+L29)<=F29,"Вірно","Помилка") -> Вірно | AN29: =IF((J29+L29)<=F29,"Вірно","Помилка") -> Вірно | AO29: =IF((N29+O29)<=M29,"Вірно","Помилка") -> Вірно | AP29: =IF((S29+U29+V29)<=P29,"Вірно","Помилка") -> Вірно | AQ29: =IF((T29+V29)<=P29,"Вірно","Помилка") -> Вірно
A30: f_11.[0:1]_bpr | B30: бупренорфін | C30: 3.1.2.5 | D30: F11.0,1 (частина) | X30: =IF(E30>=F30,"Вірно","Помилка") -> Вірно | Y30: =IF(F30>=G30,"Вірно","Помилка") -> Вірно | Z30: =IF(F30>=H30,"Вірно","Помилка") -> Вірно | AA30: =IF(F30>=J30,"Вірно","Помилка") -> Вірно | AB30: =IF(J30>=I30,"Вірно","Помилка") -> Вірно | AC30: =IF(F30>=K30,"Вірно","Помилка") -> Вірно | AD30: =IF(F30>=L30,"Вірно","Помилка") -> Вірно | AE30: =IF(M30>=N30,"Вірно","Помилка") -> Вірно | AF30: =IF(M30>=O30,"Вірно","Помилка") -> Вірно | AG30: =IF(P30>=Q30,"Вірно","Помилка") -> Вірно | AH30: =IF(P30>=R30,"Вірно","Помилка") -> Вірно | AI30: =IF(P30>=T30,"Вірно","Помилка") -> Вірно | AJ30: =IF(T30>=S30,"Вірно","Помилка") -> Вірно | AK30: =IF(P30>=U30,"Вірно","Помилка") -> Вірно | AL30: =IF(P30>=V30,"Вірно","Помилка") -> Вірно | AM30: =IF((I30+K30+L30)<=F30,"Вірно","Помилка") -> Вірно | AN30: =IF((J30+L30)<=F30,"Вірно","Помилка") -> Вірно | AO30: =IF((N30+O30)<=M30,"Вірно","Помилка") -> Вірно | AP30: =IF((S30+U30+V30)<=P30,"Вірно","Помилка") -> Вірно | AQ30: =IF((T30+V30)<=P30,"Вірно","Помилка") -> Вірно
A31: f_11.[0:1]_mrf | B31: морфін | C31: 3.1.2.6 | D31: F11.0,1 (частина) | X31: =IF(E31>=F31,"Вірно","Помилка") -> Вірно | Y31: =IF(F31>=G31,"Вірно","Помилка") -> Вірно | Z31: =IF(F31>=H31,"Вірно","Помилка") -> Вірно | AA31: =IF(F31>=J31,"Вірно","Помилка") -> Вірно | AB31: =IF(J31>=I31,"Вірно","Помилка") -> Вірно | AC31: =IF(F31>=K31,"Вірно","Помилка") -> Вірно | AD31: =IF(F31>=L31,"Вірно","Помилка") -> Вірно | AE31: =IF(M31>=N31,"Вірно","Помилка") -> Вірно | AF31: =IF(M31>=O31,"Вірно","Помилка") -> Вірно | AG31: =IF(P31>=Q31,"Вірно","Помилка") -> Вірно | AH31: =IF(P31>=R31,"Вірно","Помилка") -> Вірно | AI31: =IF(P31>=T31,"Вірно","Помилка") -> Вірно | AJ31: =IF(T31>=S31,"Вірно","Помилка") -> Вірно | AK31: =IF(P31>=U31,"Вірно","Помилка") -> Вірно | AL31: =IF(P31>=V31,"Вірно","Помилка") -> Вірно | AM31: =IF((I31+K31+L31)<=F31,"Вірно","Помилка") -> Вірно | AN31: =IF((J31+L31)<=F31,"Вірно","Помилка") -> Вірно | AO31: =IF((N31+O31)<=M31,"Вірно","Помилка") -> Вірно | AP31: =IF((S31+U31+V31)<=P31,"Вірно","Помилка") -> Вірно | AQ31: =IF((T31+V31)<=P31,"Вірно","Помилка") -> Вірно
A32: f_11.[0:1]_fnt | B32: фентаніл та його похідні | C32: 3.1.2.7 | D32: F11.0,1 (частина) | X32: =IF(E32>=F32,"Вірно","Помилка") -> Вірно | Y32: =IF(F32>=G32,"Вірно","Помилка") -> Вірно | Z32: =IF(F32>=H32,"Вірно","Помилка") -> Вірно | AA32: =IF(F32>=J32,"Вірно","Помилка") -> Вірно | AB32: =IF(J32>=I32,"Вірно","Помилка") -> Вірно | AC32: =IF(F32>=K32,"Вірно","Помилка") -> Вірно | AD32: =IF(F32>=L32,"Вірно","Помилка") -> Вірно | AE32: =IF(M32>=N32,"Вірно","Помилка") -> Вірно | AF32: =IF(M32>=O32,"Вірно","Помилка") -> Вірно | AG32: =IF(P32>=Q32,"Вірно","Помилка") -> Вірно | AH32: =IF(P32>=R32,"Вірно","Помилка") -> Вірно | AI32: =IF(P32>=T32,"Вірно","Помилка") -> Вірно | AJ32: =IF(T32>=S32,"Вірно","Помилка") -> Вірно | AK32: =IF(P32>=U32,"Вірно","Помилка") -> Вірно | AL32: =IF(P32>=V32,"Вірно","Помилка") -> Вірно | AM32: =IF((I32+K32+L32)<=F32,"Вірно","Помилка") -> Вірно | AN32: =IF((J32+L32)<=F32,"Вірно","Помилка") -> Вірно | AO32: =IF((N32+O32)<=M32,"Вірно","Помилка") -> Вірно | AP32: =IF((S32+U32+V32)<=P32,"Вірно","Помилка") -> Вірно | AQ32: =IF((T32+V32)<=P32,"Вірно","Помилка") -> Вірно
A33: f_11.[0:1]_cdn | B33: кодеїн та кодеїновмісні препарати | C33: 3.1.2.8 | D33: F11.0,1 (частина) | X33: =IF(E33>=F33,"Вірно","Помилка") -> Вірно | Y33: =IF(F33>=G33,"Вірно","Помилка") -> Вірно | Z33: =IF(F33>=H33,"Вірно","Помилка") -> Вірно | AA33: =IF(F33>=J33,"Вірно","Помилка") -> Вірно | AB33: =IF(J33>=I33,"Вірно","Помилка") -> Вірно | AC33: =IF(F33>=K33,"Вірно","Помилка") -> Вірно | AD33: =IF(F33>=L33,"Вірно","Помилка") -> Вірно | AE33: =IF(M33>=N33,"Вірно","Помилка") -> Вірно | AF33: =IF(M33>=O33,"Вірно","Помилка") -> Вірно | AG33: =IF(P33>=Q33,"Вірно","Помилка") -> Вірно | AH33: =IF(P33>=R33,"Вірно","Помилка") -> Вірно | AI33: =IF(P33>=T33,"Вірно","Помилка") -> Вірно | AJ33: =IF(T33>=S33,"Вірно","Помилка") -> Вірно | AK33: =IF(P33>=U33,"Вірно","Помилка") -> Вірно | AL33: =IF(P33>=V33,"Вірно","Помилка") -> Вірно | AM33: =IF((I33+K33+L33)<=F33,"Вірно","Помилка") -> Вірно | AN33: =IF((J33+L33)<=F33,"Вірно","Помилка") -> Вірно | AO33: =IF((N33+O33)<=M33,"Вірно","Помилка") -> Вірно | AP33: =IF((S33+U33+V33)<=P33,"Вірно","Помилка") -> Вірно | AQ33: =IF((T33+V33)<=P33,"Вірно","Помилка") -> Вірно
A34: f_11.[0:1]_trm | B34: трамадол | C34: 3.1.2.9 | D34: F11.0,1 (частина) | X34: =IF(E34>=F34,"Вірно","Помилка") -> Вірно | Y34: =IF(F34>=G34,"Вірно","Помилка") -> Вірно | Z34: =IF(F34>=H34,"Вірно","Помилка") -> Вірно | AA34: =IF(F34>=J34,"Вірно","Помилка") -> Вірно | AB34: =IF(J34>=I34,"Вірно","Помилка") -> Вірно | AC34: =IF(F34>=K34,"Вірно","Помилка") -> Вірно | AD34: =IF(F34>=L34,"Вірно","Помилка") -> Вірно | AE34: =IF(M34>=N34,"Вірно","Помилка") -> Вірно | AF34: =IF(M34>=O34,"Вірно","Помилка") -> Вірно | AG34: =IF(P34>=Q34,"Вірно","Помилка") -> Вірно | AH34: =IF(P34>=R34,"Вірно","Помилка") -> Вірно | AI34: =IF(P34>=T34,"Вірно","Помилка") -> Вірно | AJ34: =IF(T34>=S34,"Вірно","Помилка") -> Вірно | AK34: =IF(P34>=U34,"Вірно","Помилка") -> Вірно | AL34: =IF(P34>=V34,"Вірно","Помилка") -> Вірно | AM34: =IF((I34+K34+L34)<=F34,"Вірно","Помилка") -> Вірно | AN34: =IF((J34+L34)<=F34,"Вірно","Помилка") -> Вірно | AO34: =IF((N34+O34)<=M34,"Вірно","Помилка") -> Вірно | AP34: =IF((S34+U34+V34)<=P34,"Вірно","Помилка") -> Вірно | AQ34: =IF((T34+V34)<=P34,"Вірно","Помилка") -> Вірно
A35: f_11.[0:1]_nlb | B35: налбуфін | C35: 3.1.2.10 | D35: F11.0,1 (частина) | X35: =IF(E35>=F35,"Вірно","Помилка") -> Вірно | Y35: =IF(F35>=G35,"Вірно","Помилка") -> Вірно | Z35: =IF(F35>=H35,"Вірно","Помилка") -> Вірно | AA35: =IF(F35>=J35,"Вірно","Помилка") -> Вірно | AB35: =IF(J35>=I35,"Вірно","Помилка") -> Вірно | AC35: =IF(F35>=K35,"Вірно","Помилка") -> Вірно | AD35: =IF(F35>=L35,"Вірно","Помилка") -> Вірно | AE35: =IF(M35>=N35,"Вірно","Помилка") -> Вірно | AF35: =IF(M35>=O35,"Вірно","Помилка") -> Вірно | AG35: =IF(P35>=Q35,"Вірно","Помилка") -> Вірно | AH35: =IF(P35>=R35,"Вірно","Помилка") -> Вірно | AI35: =IF(P35>=T35,"Вірно","Помилка") -> Вірно | AJ35: =IF(T35>=S35,"Вірно","Помилка") -> Вірно | AK35: =IF(P35>=U35,"Вірно","Помилка") -> Вірно | AL35: =IF(P35>=V35,"Вірно","Помилка") -> Вірно | AM35: =IF((I35+K35+L35)<=F35,"Вірно","Помилка") -> Вірно | AN35: =IF((J35+L35)<=F35,"Вірно","Помилка") -> Вірно | AO35: =IF((N35+O35)<=M35,"Вірно","Помилка") -> Вірно | AP35: =IF((S35+U35+V35)<=P35,"Вірно","Помилка") -> Вірно | AQ35: =IF((T35+V35)<=P35,"Вірно","Помилка") -> Вірно
A36: f_11.[0:1]_opd_othr_s | B36: інші синтетичні опіоїди | C36: 3.1.2.11 | D36: F11.0,1 (частина) | X36: =IF(E36>=F36,"Вірно","Помилка") -> Вірно | Y36: =IF(F36>=G36,"Вірно","Помилка") -> Вірно | Z36: =IF(F36>=H36,"Вірно","Помилка") -> Вірно | AA36: =IF(F36>=J36,"Вірно","Помилка") -> Вірно | AB36: =IF(J36>=I36,"Вірно","Помилка") -> Вірно | AC36: =IF(F36>=K36,"Вірно","Помилка") -> Вірно | AD36: =IF(F36>=L36,"Вірно","Помилка") -> Вірно | AE36: =IF(M36>=N36,"Вірно","Помилка") -> Вірно | AF36: =IF(M36>=O36,"Вірно","Помилка") -> Вірно | AG36: =IF(P36>=Q36,"Вірно","Помилка") -> Вірно | AH36: =IF(P36>=R36,"Вірно","Помилка") -> Вірно | AI36: =IF(P36>=T36,"Вірно","Помилка") -> Вірно | AJ36: =IF(T36>=S36,"Вірно","Помилка") -> Вірно | AK36: =IF(P36>=U36,"Вірно","Помилка") -> Вірно | AL36: =IF(P36>=V36,"Вірно","Помилка") -> Вірно | AM36: =IF((I36+K36+L36)<=F36,"Вірно","Помилка") -> Вірно | AN36: =IF((J36+L36)<=F36,"Вірно","Помилка") -> Вірно | AO36: =IF((N36+O36)<=M36,"Вірно","Помилка") -> Вірно | AP36: =IF((S36+U36+V36)<=P36,"Вірно","Помилка") -> Вірно | AQ36: =IF((T36+V36)<=P36,"Вірно","Помилка") -> Вірно
A37: f_12.[0:1] | B37: канабіноїдів | C37: 3.1.3 | D37: F12.0,1 | E37: 2 | F37: 2 | G37: 2 | K37: 2 | M37: 4 | N37: 4 | P37: 2 | Q37: 2 | U37: 2 | X37: =IF(E37>=F37,"Вірно","Помилка") -> Вірно | Y37: =IF(F37>=G37,"Вірно","Помилка") -> Вірно | Z37: =IF(F37>=H37,"Вірно","Помилка") -> Вірно | AA37: =IF(F37>=J37,"Вірно","Помилка") -> Вірно | AB37: =IF(J37>=I37,"Вірно","Помилка") -> Вірно | AC37: =IF(F37>=K37,"Вірно","Помилка") -> Вірно | AD37: =IF(F37>=L37,"Вірно","Помилка") -> Вірно | AE37: =IF(M37>=N37,"Вірно","Помилка") -> Вірно | AF37: =IF(M37>=O37,"Вірно","Помилка") -> Вірно | AG37: =IF(P37>=Q37,"Вірно","Помилка") -> Вірно | AH37: =IF(P37>=R37,"Вірно","Помилка") -> Вірно | AI37: =IF(P37>=T37,"Вірно","Помилка") -> Вірно | AJ37: =IF(T37>=S37,"Вірно","Помилка") -> Вірно | AK37: =IF(P37>=U37,"Вірно","Помилка") -> Вірно | AL37: =IF(P37>=V37,"Вірно","Помилка") -> Вірно | AM37: =IF((I37+K37+L37)<=F37,"Вірно","Помилка") -> Вірно | AN37: =IF((J37+L37)<=F37,"Вірно","Помилка") -> Вірно | AO37: =IF((N37+O37)<=M37,"Вірно","Помилка") -> Вірно | AP37: =IF((S37+U37+V37)<=P37,"Вірно","Помилка") -> Вірно | AQ37: =IF((T37+V37)<=P37,"Вірно","Помилка") -> Вірно
A38: f_12.[0:1]_cnb_synth | B38: з них синтетичні канабіноїди | C38: 3.1.3.1 | D38: F12.0,1 (частина) | X38: =IF(E38>=F38,"Вірно","Помилка") -> Вірно | Y38: =IF(F38>=G38,"Вірно","Помилка") -> Вірно | Z38: =IF(F38>=H38,"Вірно","Помилка") -> Вірно | AA38: =IF(F38>=J38,"Вірно","Помилка") -> Вірно | AB38: =IF(J38>=I38,"Вірно","Помилка") -> Вірно | AC38: =IF(F38>=K38,"Вірно","Помилка") -> Вірно | AD38: =IF(F38>=L38,"Вірно","Помилка") -> Вірно | AE38: =IF(M38>=N38,"Вірно","Помилка") -> Вірно | AF38: =IF(M38>=O38,"Вірно","Помилка") -> Вірно | AG38: =IF(P38>=Q38,"Вірно","Помилка") -> Вірно | AH38: =IF(P38>=R38,"Вірно","Помилка") -> Вірно | AI38: =IF(P38>=T38,"Вірно","Помилка") -> Вірно | AJ38: =IF(T38>=S38,"Вірно","Помилка") -> Вірно | AK38: =IF(P38>=U38,"Вірно","Помилка") -> Вірно | AL38: =IF(P38>=V38,"Вірно","Помилка") -> Вірно | AM38: =IF((I38+K38+L38)<=F38,"Вірно","Помилка") -> Вірно | AN38: =IF((J38+L38)<=F38,"Вірно","Помилка") -> Вірно | AO38: =IF((N38+O38)<=M38,"Вірно","Помилка") -> Вірно | AP38: =IF((S38+U38+V38)<=P38,"Вірно","Помилка") -> Вірно | AQ38: =IF((T38+V38)<=P38,"Вірно","Помилка") -> Вірно
A39: f_13.[0:1] | B39: седативних чи снодійних засобів | C39: 3.1.4 | D39: F13.0,1 | E39: 15 | F39: 15 | G39: 9 | H39: 8 | K39: 9 | L39: 5 | M39: 15 | N39: 15 | P39: 15 | Q39: 9 | R39: 8 | U39: 9 | V39: 5 | X39: =IF(E39>=F39,"Вірно","Помилка") -> Вірно | Y39: =IF(F39>=G39,"Вірно","Помилка") -> Вірно | Z39: =IF(F39>=H39,"Вірно","Помилка") -> Вірно | AA39: =IF(F39>=J39,"Вірно","Помилка") -> Вірно | AB39: =IF(J39>=I39,"Вірно","Помилка") -> Вірно | AC39: =IF(F39>=K39,"Вірно","Помилка") -> Вірно | AD39: =IF(F39>=L39,"Вірно","Помилка") -> Вірно | AE39: =IF(M39>=N39,"Вірно","Помилка") -> Вірно | AF39: =IF(M39>=O39,"Вірно","Помилка") -> Вірно | AG39: =IF(P39>=Q39,"Вірно","Помилка") -> Вірно | AH39: =IF(P39>=R39,"Вірно","Помилка") -> Вірно | AI39: =IF(P39>=T39,"Вірно","Помилка") -> Вірно | AJ39: =IF(T39>=S39,"Вірно","Помилка") -> Вірно | AK39: =IF(P39>=U39,"Вірно","Помилка") -> Вірно | AL39: =IF(P39>=V39,"Вірно","Помилка") -> Вірно | AM39: =IF((I39+K39+L39)<=F39,"Вірно","Помилка") -> Вірно | AN39: =IF((J39+L39)<=F39,"Вірно","Помилка") -> Вірно | AO39: =IF((N39+O39)<=M39,"Вірно","Помилка") -> Вірно | AP39: =IF((S39+U39+V39)<=P39,"Вірно","Помилка") -> Вірно | AQ39: =IF((T39+V39)<=P39,"Вірно","Помилка") -> Вірно
A40: f_13.[0:1]_bzd | B40: з них: бензодіазепіни | C40: 3.1.4.1 | D40: F13.0,1 (частина) | E40: 10 | F40: 10 | G40: 5 | H40: 3 | K40: 4 | L40: 4 | M40: 10 | N40: 10 | P40: 10 | Q40: 5 | R40: 3 | U40: 4 | V40: 4 | X40: =IF(E40>=F40,"Вірно","Помилка") -> Вірно | Y40: =IF(F40>=G40,"Вірно","Помилка") -> Вірно | Z40: =IF(F40>=H40,"Вірно","Помилка") -> Вірно | AA40: =IF(F40>=J40,"Вірно","Помилка") -> Вірно | AB40: =IF(J40>=I40,"Вірно","Помилка") -> Вірно | AC40: =IF(F40>=K40,"Вірно","Помилка") -> Вірно | AD40: =IF(F40>=L40,"Вірно","Помилка") -> Вірно | AE40: =IF(M40>=N40,"Вірно","Помилка") -> Вірно | AF40: =IF(M40>=O40,"Вірно","Помилка") -> Вірно | AG40: =IF(P40>=Q40,"Вірно","Помилка") -> Вірно | AH40: =IF(P40>=R40,"Вірно","Помилка") -> Вірно | AI40: =IF(P40>=T40,"Вірно","Помилка") -> Вірно | AJ40: =IF(T40>=S40,"Вірно","Помилка") -> Вірно | AK40: =IF(P40>=U40,"Вірно","Помилка") -> Вірно | AL40: =IF(P40>=V40,"Вірно","Помилка") -> Вірно | AM40: =IF((I40+K40+L40)<=F40,"Вірно","Помилка") -> Вірно | AN40: =IF((J40+L40)<=F40,"Вірно","Помилка") -> Вірно | AO40: =IF((N40+O40)<=M40,"Вірно","Помилка") -> Вірно | AP40: =IF((S40+U40+V40)<=P40,"Вірно","Помилка") -> Вірно | AQ40: =IF((T40+V40)<=P40,"Вірно","Помилка") -> Вірно
A41: f_13.[0:1]_brb | B41: барбітурати | C41: 3.1.4.2 | D41: F13.0,1 (частина) | E41: 5 | F41: 5 | G41: 4 | H41: 5 | K41: 4 | L41: 1 | M41: 5 | N41: 5 | P41: 5 | Q41: 4 | R41: 5 | U41: 4 | V41: 1 | X41: =IF(E41>=F41,"Вірно","Помилка") -> Вірно | Y41: =IF(F41>=G41,"Вірно","Помилка") -> Вірно | Z41: =IF(F41>=H41,"Вірно","Помилка") -> Вірно | AA41: =IF(F41>=J41,"Вірно","Помилка") -> Вірно | AB41: =IF(J41>=I41,"Вірно","Помилка") -> Вірно | AC41: =IF(F41>=K41,"Вірно","Помилка") -> Вірно | AD41: =IF(F41>=L41,"Вірно","Помилка") -> Вірно | AE41: =IF(M41>=N41,"Вірно","Помилка") -> Вірно | AF41: =IF(M41>=O41,"Вірно","Помилка") -> Вірно | AG41: =IF(P41>=Q41,"Вірно","Помилка") -> Вірно | AH41: =IF(P41>=R41,"Вірно","Помилка") -> Вірно | AI41: =IF(P41>=T41,"Вірно","Помилка") -> Вірно | AJ41: =IF(T41>=S41,"Вірно","Помилка") -> Вірно | AK41: =IF(P41>=U41,"Вірно","Помилка") -> Вірно | AL41: =IF(P41>=V41,"Вірно","Помилка") -> Вірно | AM41: =IF((I41+K41+L41)<=F41,"Вірно","Помилка") -> Вірно | AN41: =IF((J41+L41)<=F41,"Вірно","Помилка") -> Вірно | AO41: =IF((N41+O41)<=M41,"Вірно","Помилка") -> Вірно | AP41: =IF((S41+U41+V41)<=P41,"Вірно","Помилка") -> Вірно | AQ41: =IF((T41+V41)<=P41,"Вірно","Помилка") -> Вірно
A42: f_14.[0:1] | B42: кокаїну | C42: 3.1.5 | D42: F14.0,1 | X42: =IF(E42>=F42,"Вірно","Помилка") -> Вірно | Y42: =IF(F42>=G42,"Вірно","Помилка") -> Вірно | Z42: =IF(F42>=H42,"Вірно","Помилка") -> Вірно | AA42: =IF(F42>=J42,"Вірно","Помилка") -> Вірно | AB42: =IF(J42>=I42,"Вірно","Помилка") -> Вірно | AC42: =IF(F42>=K42,"Вірно","Помилка") -> Вірно | AD42: =IF(F42>=L42,"Вірно","Помилка") -> Вірно | AE42: =IF(M42>=N42,"Вірно","Помилка") -> Вірно | AF42: =IF(M42>=O42,"Вірно","Помилка") -> Вірно | AG42: =IF(P42>=Q42,"Вірно","Помилка") -> Вірно | AH42: =IF(P42>=R42,"Вірно","Помилка") -> Вірно | AI42: =IF(P42>=T42,"Вірно","Помилка") -> Вірно | AJ42: =IF(T42>=S42,"Вірно","Помилка") -> Вірно | AK42: =IF(P42>=U42,"Вірно","Помилка") -> Вірно | AL42: =IF(P42>=V42,"Вірно","Помилка") -> Вірно | AM42: =IF((I42+K42+L42)<=F42,"Вірно","Помилка") -> Вірно | AN42: =IF((J42+L42)<=F42,"Вірно","Помилка") -> Вірно | AO42: =IF((N42+O42)<=M42,"Вірно","Помилка") -> Вірно | AP42: =IF((S42+U42+V42)<=P42,"Вірно","Помилка") -> Вірно | AQ42: =IF((T42+V42)<=P42,"Вірно","Помилка") -> Вірно
A43: f_15.[0:1] | B43: інших стимуляторів | C43: 3.1.6 | D43: F15.0,1 | X43: =IF(E43>=F43,"Вірно","Помилка") -> Вірно | Y43: =IF(F43>=G43,"Вірно","Помилка") -> Вірно | Z43: =IF(F43>=H43,"Вірно","Помилка") -> Вірно | AA43: =IF(F43>=J43,"Вірно","Помилка") -> Вірно | AB43: =IF(J43>=I43,"Вірно","Помилка") -> Вірно | AC43: =IF(F43>=K43,"Вірно","Помилка") -> Вірно | AD43: =IF(F43>=L43,"Вірно","Помилка") -> Вірно | AE43: =IF(M43>=N43,"Вірно","Помилка") -> Вірно | AF43: =IF(M43>=O43,"Вірно","Помилка") -> Вірно | AG43: =IF(P43>=Q43,"Вірно","Помилка") -> Вірно | AH43: =IF(P43>=R43,"Вірно","Помилка") -> Вірно | AI43: =IF(P43>=T43,"Вірно","Помилка") -> Вірно | AJ43: =IF(T43>=S43,"Вірно","Помилка") -> Вірно | AK43: =IF(P43>=U43,"Вірно","Помилка") -> Вірно | AL43: =IF(P43>=V43,"Вірно","Помилка") -> Вірно | AM43: =IF((I43+K43+L43)<=F43,"Вірно","Помилка") -> Вірно | AN43: =IF((J43+L43)<=F43,"Вірно","Помилка") -> Вірно | AO43: =IF((N43+O43)<=M43,"Вірно","Помилка") -> Вірно | AP43: =IF((S43+U43+V43)<=P43,"Вірно","Помилка") -> Вірно | AQ43: =IF((T43+V43)<=P43,"Вірно","Помилка") -> Вірно
A44: f_15.[0:1]_amf | B44: з них: амфетамін | C44: 3.1.6.1 | D44: F15.0,1 (частина) | X44: =IF(E44>=F44,"Вірно","Помилка") -> Вірно | Y44: =IF(F44>=G44,"Вірно","Помилка") -> Вірно | Z44: =IF(F44>=H44,"Вірно","Помилка") -> Вірно | AA44: =IF(F44>=J44,"Вірно","Помилка") -> Вірно | AB44: =IF(J44>=I44,"Вірно","Помилка") -> Вірно | AC44: =IF(F44>=K44,"Вірно","Помилка") -> Вірно | AD44: =IF(F44>=L44,"Вірно","Помилка") -> Вірно | AE44: =IF(M44>=N44,"Вірно","Помилка") -> Вірно | AF44: =IF(M44>=O44,"Вірно","Помилка") -> Вірно | AG44: =IF(P44>=Q44,"Вірно","Помилка") -> Вірно | AH44: =IF(P44>=R44,"Вірно","Помилка") -> Вірно | AI44: =IF(P44>=T44,"Вірно","Помилка") -> Вірно | AJ44: =IF(T44>=S44,"Вірно","Помилка") -> Вірно | AK44: =IF(P44>=U44,"Вірно","Помилка") -> Вірно | AL44: =IF(P44>=V44,"Вірно","Помилка") -> Вірно | AM44: =IF((I44+K44+L44)<=F44,"Вірно","Помилка") -> Вірно | AN44: =IF((J44+L44)<=F44,"Вірно","Помилка") -> Вірно | AO44: =IF((N44+O44)<=M44,"Вірно","Помилка") -> Вірно | AP44: =IF((S44+U44+V44)<=P44,"Вірно","Помилка") -> Вірно | AQ44: =IF((T44+V44)<=P44,"Вірно","Помилка") -> Вірно
A45: f_15.[0:1]_mamf | B45: метамфетамін | C45: 3.1.6.2 | D45: F15.0,1 (частина) | X45: =IF(E45>=F45,"Вірно","Помилка") -> Вірно | Y45: =IF(F45>=G45,"Вірно","Помилка") -> Вірно | Z45: =IF(F45>=H45,"Вірно","Помилка") -> Вірно | AA45: =IF(F45>=J45,"Вірно","Помилка") -> Вірно | AB45: =IF(J45>=I45,"Вірно","Помилка") -> Вірно | AC45: =IF(F45>=K45,"Вірно","Помилка") -> Вірно | AD45: =IF(F45>=L45,"Вірно","Помилка") -> Вірно | AE45: =IF(M45>=N45,"Вірно","Помилка") -> Вірно | AF45: =IF(M45>=O45,"Вірно","Помилка") -> Вірно | AG45: =IF(P45>=Q45,"Вірно","Помилка") -> Вірно | AH45: =IF(P45>=R45,"Вірно","Помилка") -> Вірно | AI45: =IF(P45>=T45,"Вірно","Помилка") -> Вірно | AJ45: =IF(T45>=S45,"Вірно","Помилка") -> Вірно | AK45: =IF(P45>=U45,"Вірно","Помилка") -> Вірно | AL45: =IF(P45>=V45,"Вірно","Помилка") -> Вірно | AM45: =IF((I45+K45+L45)<=F45,"Вірно","Помилка") -> Вірно | AN45: =IF((J45+L45)<=F45,"Вірно","Помилка") -> Вірно | AO45: =IF((N45+O45)<=M45,"Вірно","Помилка") -> Вірно | AP45: =IF((S45+U45+V45)<=P45,"Вірно","Помилка") -> Вірно | AQ45: =IF((T45+V45)<=P45,"Вірно","Помилка") -> Вірно
A46: f_15.[0:1]_mdma | B46: МДМА та речовини групи «екстазі» | C46: 3.1.6.3 | D46: F15.0,1 (частина) | X46: =IF(E46>=F46,"Вірно","Помилка") -> Вірно | Y46: =IF(F46>=G46,"Вірно","Помилка") -> Вірно | Z46: =IF(F46>=H46,"Вірно","Помилка") -> Вірно | AA46: =IF(F46>=J46,"Вірно","Помилка") -> Вірно | AB46: =IF(J46>=I46,"Вірно","Помилка") -> Вірно | AC46: =IF(F46>=K46,"Вірно","Помилка") -> Вірно | AD46: =IF(F46>=L46,"Вірно","Помилка") -> Вірно | AE46: =IF(M46>=N46,"Вірно","Помилка") -> Вірно | AF46: =IF(M46>=O46,"Вірно","Помилка") -> Вірно | AG46: =IF(P46>=Q46,"Вірно","Помилка") -> Вірно | AH46: =IF(P46>=R46,"Вірно","Помилка") -> Вірно | AI46: =IF(P46>=T46,"Вірно","Помилка") -> Вірно | AJ46: =IF(T46>=S46,"Вірно","Помилка") -> Вірно | AK46: =IF(P46>=U46,"Вірно","Помилка") -> Вірно | AL46: =IF(P46>=V46,"Вірно","Помилка") -> Вірно | AM46: =IF((I46+K46+L46)<=F46,"Вірно","Помилка") -> Вірно | AN46: =IF((J46+L46)<=F46,"Вірно","Помилка") -> Вірно | AO46: =IF((N46+O46)<=M46,"Вірно","Помилка") -> Вірно | AP46: =IF((S46+U46+V46)<=P46,"Вірно","Помилка") -> Вірно | AQ46: =IF((T46+V46)<=P46,"Вірно","Помилка") -> Вірно
A47: f_16.[0:1] | B47: галюциногенів | C47: 3.1.7 | D47: F16.0,1 | X47: =IF(E47>=F47,"Вірно","Помилка") -> Вірно | Y47: =IF(F47>=G47,"Вірно","Помилка") -> Вірно | Z47: =IF(F47>=H47,"Вірно","Помилка") -> Вірно | AA47: =IF(F47>=J47,"Вірно","Помилка") -> Вірно | AB47: =IF(J47>=I47,"Вірно","Помилка") -> Вірно | AC47: =IF(F47>=K47,"Вірно","Помилка") -> Вірно | AD47: =IF(F47>=L47,"Вірно","Помилка") -> Вірно | AE47: =IF(M47>=N47,"Вірно","Помилка") -> Вірно | AF47: =IF(M47>=O47,"Вірно","Помилка") -> Вірно | AG47: =IF(P47>=Q47,"Вірно","Помилка") -> Вірно | AH47: =IF(P47>=R47,"Вірно","Помилка") -> Вірно | AI47: =IF(P47>=T47,"Вірно","Помилка") -> Вірно | AJ47: =IF(T47>=S47,"Вірно","Помилка") -> Вірно | AK47: =IF(P47>=U47,"Вірно","Помилка") -> Вірно | AL47: =IF(P47>=V47,"Вірно","Помилка") -> Вірно | AM47: =IF((I47+K47+L47)<=F47,"Вірно","Помилка") -> Вірно | AN47: =IF((J47+L47)<=F47,"Вірно","Помилка") -> Вірно | AO47: =IF((N47+O47)<=M47,"Вірно","Помилка") -> Вірно | AP47: =IF((S47+U47+V47)<=P47,"Вірно","Помилка") -> Вірно | AQ47: =IF((T47+V47)<=P47,"Вірно","Помилка") -> Вірно
A48: f_16.[0:1]_lsd | B48: з них: ЛСД | C48: 3.1.7.1 | D48: F16.0,1 (частина) | X48: =IF(E48>=F48,"Вірно","Помилка") -> Вірно | Y48: =IF(F48>=G48,"Вірно","Помилка") -> Вірно | Z48: =IF(F48>=H48,"Вірно","Помилка") -> Вірно | AA48: =IF(F48>=J48,"Вірно","Помилка") -> Вірно | AB48: =IF(J48>=I48,"Вірно","Помилка") -> Вірно | AC48: =IF(F48>=K48,"Вірно","Помилка") -> Вірно | AD48: =IF(F48>=L48,"Вірно","Помилка") -> Вірно | AE48: =IF(M48>=N48,"Вірно","Помилка") -> Вірно | AF48: =IF(M48>=O48,"Вірно","Помилка") -> Вірно | AG48: =IF(P48>=Q48,"Вірно","Помилка") -> Вірно | AH48: =IF(P48>=R48,"Вірно","Помилка") -> Вірно | AI48: =IF(P48>=T48,"Вірно","Помилка") -> Вірно | AJ48: =IF(T48>=S48,"Вірно","Помилка") -> Вірно | AK48: =IF(P48>=U48,"Вірно","Помилка") -> Вірно | AL48: =IF(P48>=V48,"Вірно","Помилка") -> Вірно | AM48: =IF((I48+K48+L48)<=F48,"Вірно","Помилка") -> Вірно | AN48: =IF((J48+L48)<=F48,"Вірно","Помилка") -> Вірно | AO48: =IF((N48+O48)<=M48,"Вірно","Помилка") -> Вірно | AP48: =IF((S48+U48+V48)<=P48,"Вірно","Помилка") -> Вірно | AQ48: =IF((T48+V48)<=P48,"Вірно","Помилка") -> Вірно
A49: f_16.[0:1]_msk | B49: мескалін | C49: 3.1.7.2 | D49: F16.0,1 (частина) | X49: =IF(E49>=F49,"Вірно","Помилка") -> Вірно | Y49: =IF(F49>=G49,"Вірно","Помилка") -> Вірно | Z49: =IF(F49>=H49,"Вірно","Помилка") -> Вірно | AA49: =IF(F49>=J49,"Вірно","Помилка") -> Вірно | AB49: =IF(J49>=I49,"Вірно","Помилка") -> Вірно | AC49: =IF(F49>=K49,"Вірно","Помилка") -> Вірно | AD49: =IF(F49>=L49,"Вірно","Помилка") -> Вірно | AE49: =IF(M49>=N49,"Вірно","Помилка") -> Вірно | AF49: =IF(M49>=O49,"Вірно","Помилка") -> Вірно | AG49: =IF(P49>=Q49,"Вірно","Помилка") -> Вірно | AH49: =IF(P49>=R49,"Вірно","Помилка") -> Вірно | AI49: =IF(P49>=T49,"Вірно","Помилка") -> Вірно | AJ49: =IF(T49>=S49,"Вірно","Помилка") -> Вірно | AK49: =IF(P49>=U49,"Вірно","Помилка") -> Вірно | AL49: =IF(P49>=V49,"Вірно","Помилка") -> Вірно | AM49: =IF((I49+K49+L49)<=F49,"Вірно","Помилка") -> Вірно | AN49: =IF((J49+L49)<=F49,"Вірно","Помилка") -> Вірно | AO49: =IF((N49+O49)<=M49,"Вірно","Помилка") -> Вірно | AP49: =IF((S49+U49+V49)<=P49,"Вірно","Помилка") -> Вірно | AQ49: =IF((T49+V49)<=P49,"Вірно","Помилка") -> Вірно
A50: f_16.[0:1]_psl | B50: псилоцибін та псилоцин | C50: 3.1.7.3 | D50: F16.0,1 (частина) | X50: =IF(E50>=F50,"Вірно","Помилка") -> Вірно | Y50: =IF(F50>=G50,"Вірно","Помилка") -> Вірно | Z50: =IF(F50>=H50,"Вірно","Помилка") -> Вірно | AA50: =IF(F50>=J50,"Вірно","Помилка") -> Вірно | AB50: =IF(J50>=I50,"Вірно","Помилка") -> Вірно | AC50: =IF(F50>=K50,"Вірно","Помилка") -> Вірно | AD50: =IF(F50>=L50,"Вірно","Помилка") -> Вірно | AE50: =IF(M50>=N50,"Вірно","Помилка") -> Вірно | AF50: =IF(M50>=O50,"Вірно","Помилка") -> Вірно | AG50: =IF(P50>=Q50,"Вірно","Помилка") -> Вірно | AH50: =IF(P50>=R50,"Вірно","Помилка") -> Вірно | AI50: =IF(P50>=T50,"Вірно","Помилка") -> Вірно | AJ50: =IF(T50>=S50,"Вірно","Помилка") -> Вірно | AK50: =IF(P50>=U50,"Вірно","Помилка") -> Вірно | AL50: =IF(P50>=V50,"Вірно","Помилка") -> Вірно | AM50: =IF((I50+K50+L50)<=F50,"Вірно","Помилка") -> Вірно | AN50: =IF((J50+L50)<=F50,"Вірно","Помилка") -> Вірно | AO50: =IF((N50+O50)<=M50,"Вірно","Помилка") -> Вірно | AP50: =IF((S50+U50+V50)<=P50,"Вірно","Помилка") -> Вірно | AQ50: =IF((T50+V50)<=P50,"Вірно","Помилка") -> Вірно
A51: f_16.[0:1]_slv | B51: сальвінорин А | C51: 3.1.7.4 | D51: F16.0,1 (частина) | X51: =IF(E51>=F51,"Вірно","Помилка") -> Вірно | Y51: =IF(F51>=G51,"Вірно","Помилка") -> Вірно | Z51: =IF(F51>=H51,"Вірно","Помилка") -> Вірно | AA51: =IF(F51>=J51,"Вірно","Помилка") -> Вірно | AB51: =IF(J51>=I51,"Вірно","Помилка") -> Вірно | AC51: =IF(F51>=K51,"Вірно","Помилка") -> Вірно | AD51: =IF(F51>=L51,"Вірно","Помилка") -> Вірно | AE51: =IF(M51>=N51,"Вірно","Помилка") -> Вірно | AF51: =IF(M51>=O51,"Вірно","Помилка") -> Вірно | AG51: =IF(P51>=Q51,"Вірно","Помилка") -> Вірно | AH51: =IF(P51>=R51,"Вірно","Помилка") -> Вірно | AI51: =IF(P51>=T51,"Вірно","Помилка") -> Вірно | AJ51: =IF(T51>=S51,"Вірно","Помилка") -> Вірно | AK51: =IF(P51>=U51,"Вірно","Помилка") -> Вірно | AL51: =IF(P51>=V51,"Вірно","Помилка") -> Вірно | AM51: =IF((I51+K51+L51)<=F51,"Вірно","Помилка") -> Вірно | AN51: =IF((J51+L51)<=F51,"Вірно","Помилка") -> Вірно | AO51: =IF((N51+O51)<=M51,"Вірно","Помилка") -> Вірно | AP51: =IF((S51+U51+V51)<=P51,"Вірно","Помилка") -> Вірно | AQ51: =IF((T51+V51)<=P51,"Вірно","Помилка") -> Вірно
A52: f_17.[0:1] | B52: тютюну | C52: 3.1.8 | D52: F17.0,1 | E52: 129 | F52: 129 | G52: 90 | H52: 65 | K52: 38 | M52: 136 | N52: 136 | P52: 129 | Q52: 90 | R52: 65 | U52: 38 | X52: =IF(E52>=F52,"Вірно","Помилка") -> Вірно | Y52: =IF(F52>=G52,"Вірно","Помилка") -> Вірно | Z52: =IF(F52>=H52,"Вірно","Помилка") -> Вірно | AA52: =IF(F52>=J52,"Вірно","Помилка") -> Вірно | AB52: =IF(J52>=I52,"Вірно","Помилка") -> Вірно | AC52: =IF(F52>=K52,"Вірно","Помилка") -> Вірно | AD52: =IF(F52>=L52,"Вірно","Помилка") -> Вірно | AE52: =IF(M52>=N52,"Вірно","Помилка") -> Вірно | AF52: =IF(M52>=O52,"Вірно","Помилка") -> Вірно | AG52: =IF(P52>=Q52,"Вірно","Помилка") -> Вірно | AH52: =IF(P52>=R52,"Вірно","Помилка") -> Вірно | AI52: =IF(P52>=T52,"Вірно","Помилка") -> Вірно | AJ52: =IF(T52>=S52,"Вірно","Помилка") -> Вірно | AK52: =IF(P52>=U52,"Вірно","Помилка") -> Вірно | AL52: =IF(P52>=V52,"Вірно","Помилка") -> Вірно | AM52: =IF((I52+K52+L52)<=F52,"Вірно","Помилка") -> Вірно | AN52: =IF((J52+L52)<=F52,"Вірно","Помилка") -> Вірно | AO52: =IF((N52+O52)<=M52,"Вірно","Помилка") -> Вірно | AP52: =IF((S52+U52+V52)<=P52,"Вірно","Помилка") -> Вірно | AQ52: =IF((T52+V52)<=P52,"Вірно","Помилка") -> Вірно
A53: f_18.[0:1] | B53: летких розчинників | C53: 3.1.9 | D53: F18.0,1 | X53: =IF(E53>=F53,"Вірно","Помилка") -> Вірно | Y53: =IF(F53>=G53,"Вірно","Помилка") -> Вірно | Z53: =IF(F53>=H53,"Вірно","Помилка") -> Вірно | AA53: =IF(F53>=J53,"Вірно","Помилка") -> Вірно | AB53: =IF(J53>=I53,"Вірно","Помилка") -> Вірно | AC53: =IF(F53>=K53,"Вірно","Помилка") -> Вірно | AD53: =IF(F53>=L53,"Вірно","Помилка") -> Вірно | AE53: =IF(M53>=N53,"Вірно","Помилка") -> Вірно | AF53: =IF(M53>=O53,"Вірно","Помилка") -> Вірно | AG53: =IF(P53>=Q53,"Вірно","Помилка") -> Вірно | AH53: =IF(P53>=R53,"Вірно","Помилка") -> Вірно | AI53: =IF(P53>=T53,"Вірно","Помилка") -> Вірно | AJ53: =IF(T53>=S53,"Вірно","Помилка") -> Вірно | AK53: =IF(P53>=U53,"Вірно","Помилка") -> Вірно | AL53: =IF(P53>=V53,"Вірно","Помилка") -> Вірно | AM53: =IF((I53+K53+L53)<=F53,"Вірно","Помилка") -> Вірно | AN53: =IF((J53+L53)<=F53,"Вірно","Помилка") -> Вірно | AO53: =IF((N53+O53)<=M53,"Вірно","Помилка") -> Вірно | AP53: =IF((S53+U53+V53)<=P53,"Вірно","Помилка") -> Вірно | AQ53: =IF((T53+V53)<=P53,"Вірно","Помилка") -> Вірно
A54: f_19.[0:1] | B54: поєднаних ПАР | C54: 3.1.10 | D54: F19.0,1 | X54: =IF(E54>=F54,"Вірно","Помилка") -> Вірно | Y54: =IF(F54>=G54,"Вірно","Помилка") -> Вірно | Z54: =IF(F54>=H54,"Вірно","Помилка") -> Вірно | AA54: =IF(F54>=J54,"Вірно","Помилка") -> Вірно | AB54: =IF(J54>=I54,"Вірно","Помилка") -> Вірно | AC54: =IF(F54>=K54,"Вірно","Помилка") -> Вірно | AD54: =IF(F54>=L54,"Вірно","Помилка") -> Вірно | AE54: =IF(M54>=N54,"Вірно","Помилка") -> Вірно | AF54: =IF(M54>=O54,"Вірно","Помилка") -> Вірно | AG54: =IF(P54>=Q54,"Вірно","Помилка") -> Вірно | AH54: =IF(P54>=R54,"Вірно","Помилка") -> Вірно | AI54: =IF(P54>=T54,"Вірно","Помилка") -> Вірно | AJ54: =IF(T54>=S54,"Вірно","Помилка") -> Вірно | AK54: =IF(P54>=U54,"Вірно","Помилка") -> Вірно | AL54: =IF(P54>=V54,"Вірно","Помилка") -> Вірно | AM54: =IF((I54+K54+L54)<=F54,"Вірно","Помилка") -> Вірно | AN54: =IF((J54+L54)<=F54,"Вірно","Помилка") -> Вірно | AO54: =IF((N54+O54)<=M54,"Вірно","Помилка") -> Вірно | AP54: =IF((S54+U54+V54)<=P54,"Вірно","Помилка") -> Вірно | AQ54: =IF((T54+V54)<=P54,"Вірно","Помилка") -> Вірно
A55: f_1[0:9].[2:3] | B55: синдром залежності та стан відміни (абстинентний) | C55: 3.2 | D55: F1x.2,3 | E55: 24 | F55: 24 | G55: 24 | H55: 13 | K55: 6 | L55: 1 | M55: 81 | O55: 25 | P55: 801 | Q55: 752 | R55: 586 | U55: 129 | V55: 151 | X55: =IF(E55>=F55,"Вірно","Помилка") -> Вірно | Y55: =IF(F55>=G55,"Вірно","Помилка") -> Вірно | Z55: =IF(F55>=H55,"Вірно","Помилка") -> Вірно | AA55: =IF(F55>=J55,"Вірно","Помилка") -> Вірно | AB55: =IF(J55>=I55,"Вірно","Помилка") -> Вірно | AC55: =IF(F55>=K55,"Вірно","Помилка") -> Вірно | AD55: =IF(F55>=L55,"Вірно","Помилка") -> Вірно | AE55: =IF(M55>=N55,"Вірно","Помилка") -> Вірно | AF55: =IF(M55>=O55,"Вірно","Помилка") -> Вірно | AG55: =IF(P55>=Q55,"Вірно","Помилка") -> Вірно | AH55: =IF(P55>=R55,"Вірно","Помилка") -> Вірно | AI55: =IF(P55>=T55,"Вірно","Помилка") -> Вірно | AJ55: =IF(T55>=S55,"Вірно","Помилка") -> Вірно | AK55: =IF(P55>=U55,"Вірно","Помилка") -> Вірно | AL55: =IF(P55>=V55,"Вірно","Помилка") -> Вірно | AM55: =IF((I55+K55+L55)<=F55,"Вірно","Помилка") -> Вірно | AN55: =IF((J55+L55)<=F55,"Вірно","Помилка") -> Вірно | AO55: =IF((N55+O55)<=M55,"Вірно","Помилка") -> Вірно | AP55: =IF((S55+U55+V55)<=P55,"Вірно","Помилка") -> Вірно | AQ55: =IF((T55+V55)<=P55,"Вірно","Помилка") -> Вірно
B56: у тому числі внаслідок уживання:
A57: f_10.[2:3] | B57: алкоголю | C57: 3.2.1 | D57: F10.2,3 | E57: 20 | F57: 20 | G57: 20 | H57: 11 | K57: 3 | L57: 1 | M57: 79 | O57: 24 | P57: 782 | Q57: 733 | R57: 574 | U57: 126 | V57: 149 | X57: =IF(E57>=F57,"Вірно","Помилка") -> Вірно | Y57: =IF(F57>=G57,"Вірно","Помилка") -> Вірно | Z57: =IF(F57>=H57,"Вірно","Помилка") -> Вірно | AA57: =IF(F57>=J57,"Вірно","Помилка") -> Вірно | AB57: =IF(J57>=I57,"Вірно","Помилка") -> Вірно | AC57: =IF(F57>=K57,"Вірно","Помилка") -> Вірно | AD57: =IF(F57>=L57,"Вірно","Помилка") -> Вірно | AE57: =IF(M57>=N57,"Вірно","Помилка") -> Вірно | AF57: =IF(M57>=O57,"Вірно","Помилка") -> Вірно | AG57: =IF(P57>=Q57,"Вірно","Помилка") -> Вірно | AH57: =IF(P57>=R57,"Вірно","Помилка") -> Вірно | AI57: =IF(P57>=T57,"Вірно","Помилка") -> Вірно | AJ57: =IF(T57>=S57,"Вірно","Помилка") -> Вірно | AK57: =IF(P57>=U57,"Вірно","Помилка") -> Вірно | AL57: =IF(P57>=V57,"Вірно","Помилка") -> Вірно | AM57: =IF((I57+K57+L57)<=F57,"Вірно","Помилка") -> Вірно | AN57: =IF((J57+L57)<=F57,"Вірно","Помилка") -> Вірно | AO57: =IF((N57+O57)<=M57,"Вірно","Помилка") -> Вірно | AP57: =IF((S57+U57+V57)<=P57,"Вірно","Помилка") -> Вірно | AQ57: =IF((T57+V57)<=P57,"Вірно","Помилка") -> Вірно
A58: f_11.[2:3] | B58: опіоїдів | C58: 3.2.2 | D58: F11.2,3 | E58: 2 | F58: 2 | G58: 2 | K58: 1 | M58: 2 | O58: 1 | P58: 13 | Q58: 13 | R58: 7 | U58: 1 | V58: 1 | X58: =IF(E58>=F58,"Вірно","Помилка") -> Вірно | Y58: =IF(F58>=G58,"Вірно","Помилка") -> Вірно | Z58: =IF(F58>=H58,"Вірно","Помилка") -> Вірно | AA58: =IF(F58>=J58,"Вірно","Помилка") -> Вірно | AB58: =IF(J58>=I58,"Вірно","Помилка") -> Вірно | AC58: =IF(F58>=K58,"Вірно","Помилка") -> Вірно | AD58: =IF(F58>=L58,"Вірно","Помилка") -> Вірно | AE58: =IF(M58>=N58,"Вірно","Помилка") -> Вірно | AF58: =IF(M58>=O58,"Вірно","Помилка") -> Вірно | AG58: =IF(P58>=Q58,"Вірно","Помилка") -> Вірно | AH58: =IF(P58>=R58,"Вірно","Помилка") -> Вірно | AI58: =IF(P58>=T58,"Вірно","Помилка") -> Вірно | AJ58: =IF(T58>=S58,"Вірно","Помилка") -> Вірно | AK58: =IF(P58>=U58,"Вірно","Помилка") -> Вірно | AL58: =IF(P58>=V58,"Вірно","Помилка") -> Вірно | AM58: =IF((I58+K58+L58)<=F58,"Вірно","Помилка") -> Вірно | AN58: =IF((J58+L58)<=F58,"Вірно","Помилка") -> Вірно | AO58: =IF((N58+O58)<=M58,"Вірно","Помилка") -> Вірно | AP58: =IF((S58+U58+V58)<=P58,"Вірно","Помилка") -> Вірно | AQ58: =IF((T58+V58)<=P58,"Вірно","Помилка") -> Вірно
A59: f_11.[2:3]_opm | B59: з них: опій | C59: 3.2.2.1 | D59: F11.2,3 (частина) | E59: 2 | F59: 2 | G59: 2 | K59: 1 | M59: 1 | P59: 13 | Q59: 13 | R59: 7 | U59: 1 | V59: 1 | X59: =IF(E59>=F59,"Вірно","Помилка") -> Вірно | Y59: =IF(F59>=G59,"Вірно","Помилка") -> Вірно | Z59: =IF(F59>=H59,"Вірно","Помилка") -> Вірно | AA59: =IF(F59>=J59,"Вірно","Помилка") -> Вірно | AB59: =IF(J59>=I59,"Вірно","Помилка") -> Вірно | AC59: =IF(F59>=K59,"Вірно","Помилка") -> Вірно | AD59: =IF(F59>=L59,"Вірно","Помилка") -> Вірно | AE59: =IF(M59>=N59,"Вірно","Помилка") -> Вірно | AF59: =IF(M59>=O59,"Вірно","Помилка") -> Вірно | AG59: =IF(P59>=Q59,"Вірно","Помилка") -> Вірно | AH59: =IF(P59>=R59,"Вірно","Помилка") -> Вірно | AI59: =IF(P59>=T59,"Вірно","Помилка") -> Вірно | AJ59: =IF(T59>=S59,"Вірно","Помилка") -> Вірно | AK59: =IF(P59>=U59,"Вірно","Помилка") -> Вірно | AL59: =IF(P59>=V59,"Вірно","Помилка") -> Вірно | AM59: =IF((I59+K59+L59)<=F59,"Вірно","Помилка") -> Вірно | AN59: =IF((J59+L59)<=F59,"Вірно","Помилка") -> Вірно | AO59: =IF((N59+O59)<=M59,"Вірно","Помилка") -> Вірно | AP59: =IF((S59+U59+V59)<=P59,"Вірно","Помилка") -> Вірно | AQ59: =IF((T59+V59)<=P59,"Вірно","Помилка") -> Вірно
A60: f_11.[2:3]_opm_a | B60: опій ацетильований | C60: 3.2.2.2 | D60: F11.2,3 (частина) | X60: =IF(E60>=F60,"Вірно","Помилка") -> Вірно | Y60: =IF(F60>=G60,"Вірно","Помилка") -> Вірно | Z60: =IF(F60>=H60,"Вірно","Помилка") -> Вірно | AA60: =IF(F60>=J60,"Вірно","Помилка") -> Вірно | AB60: =IF(J60>=I60,"Вірно","Помилка") -> Вірно | AC60: =IF(F60>=K60,"Вірно","Помилка") -> Вірно | AD60: =IF(F60>=L60,"Вірно","Помилка") -> Вірно | AE60: =IF(M60>=N60,"Вірно","Помилка") -> Вірно | AF60: =IF(M60>=O60,"Вірно","Помилка") -> Вірно | AG60: =IF(P60>=Q60,"Вірно","Помилка") -> Вірно | AH60: =IF(P60>=R60,"Вірно","Помилка") -> Вірно | AI60: =IF(P60>=T60,"Вірно","Помилка") -> Вірно | AJ60: =IF(T60>=S60,"Вірно","Помилка") -> Вірно | AK60: =IF(P60>=U60,"Вірно","Помилка") -> Вірно | AL60: =IF(P60>=V60,"Вірно","Помилка") -> Вірно | AM60: =IF((I60+K60+L60)<=F60,"Вірно","Помилка") -> Вірно | AN60: =IF((J60+L60)<=F60,"Вірно","Помилка") -> Вірно | AO60: =IF((N60+O60)<=M60,"Вірно","Помилка") -> Вірно | AP60: =IF((S60+U60+V60)<=P60,"Вірно","Помилка") -> Вірно | AQ60: =IF((T60+V60)<=P60,"Вірно","Помилка") -> Вірно
A61: f_11.[2:3]_hrn | B61: героїн | C61: 3.2.2.3 | D61: F11.2,3 (частина) | X61: =IF(E61>=F61,"Вірно","Помилка") -> Вірно | Y61: =IF(F61>=G61,"Вірно","Помилка") -> Вірно | Z61: =IF(F61>=H61,"Вірно","Помилка") -> Вірно | AA61: =IF(F61>=J61,"Вірно","Помилка") -> Вірно | AB61: =IF(J61>=I61,"Вірно","Помилка") -> Вірно | AC61: =IF(F61>=K61,"Вірно","Помилка") -> Вірно | AD61: =IF(F61>=L61,"Вірно","Помилка") -> Вірно | AE61: =IF(M61>=N61,"Вірно","Помилка") -> Вірно | AF61: =IF(M61>=O61,"Вірно","Помилка") -> Вірно | AG61: =IF(P61>=Q61,"Вірно","Помилка") -> Вірно | AH61: =IF(P61>=R61,"Вірно","Помилка") -> Вірно | AI61: =IF(P61>=T61,"Вірно","Помилка") -> Вірно | AJ61: =IF(T61>=S61,"Вірно","Помилка") -> Вірно | AK61: =IF(P61>=U61,"Вірно","Помилка") -> Вірно | AL61: =IF(P61>=V61,"Вірно","Помилка") -> Вірно | AM61: =IF((I61+K61+L61)<=F61,"Вірно","Помилка") -> Вірно | AN61: =IF((J61+L61)<=F61,"Вірно","Помилка") -> Вірно | AO61: =IF((N61+O61)<=M61,"Вірно","Помилка") -> Вірно | AP61: =IF((S61+U61+V61)<=P61,"Вірно","Помилка") -> Вірно | AQ61: =IF((T61+V61)<=P61,"Вірно","Помилка") -> Вірно
A62: f_11.[2:3]_mtd | B62: метадон | C62: 3.2.2.4 | D62: F11.2,3 (частина) | X62: =IF(E62>=F62,"Вірно","Помилка") -> Вірно | Y62: =IF(F62>=G62,"Вірно","Помилка") -> Вірно | Z62: =IF(F62>=H62,"Вірно","Помилка") -> Вірно | AA62: =IF(F62>=J62,"Вірно","Помилка") -> Вірно | AB62: =IF(J62>=I62,"Вірно","Помилка") -> Вірно | AC62: =IF(F62>=K62,"Вірно","Помилка") -> Вірно | AD62: =IF(F62>=L62,"Вірно","Помилка") -> Вірно | AE62: =IF(M62>=N62,"Вірно","Помилка") -> Вірно | AF62: =IF(M62>=O62,"Вірно","Помилка") -> Вірно | AG62: =IF(P62>=Q62,"Вірно","Помилка") -> Вірно | AH62: =IF(P62>=R62,"Вірно","Помилка") -> Вірно | AI62: =IF(P62>=T62,"Вірно","Помилка") -> Вірно | AJ62: =IF(T62>=S62,"Вірно","Помилка") -> Вірно | AK62: =IF(P62>=U62,"Вірно","Помилка") -> Вірно | AL62: =IF(P62>=V62,"Вірно","Помилка") -> Вірно | AM62: =IF((I62+K62+L62)<=F62,"Вірно","Помилка") -> Вірно | AN62: =IF((J62+L62)<=F62,"Вірно","Помилка") -> Вірно | AO62: =IF((N62+O62)<=M62,"Вірно","Помилка") -> Вірно | AP62: =IF((S62+U62+V62)<=P62,"Вірно","Помилка") -> Вірно | AQ62: =IF((T62+V62)<=P62,"Вірно","Помилка") -> Вірно
A63: f_11.[2:3]_bpr | B63: бупренорфін | C63: 3.2.2.5 | D63: F11.2,3 (частина) | X63: =IF(E63>=F63,"Вірно","Помилка") -> Вірно | Y63: =IF(F63>=G63,"Вірно","Помилка") -> Вірно | Z63: =IF(F63>=H63,"Вірно","Помилка") -> Вірно | AA63: =IF(F63>=J63,"Вірно","Помилка") -> Вірно | AB63: =IF(J63>=I63,"Вірно","Помилка") -> Вірно | AC63: =IF(F63>=K63,"Вірно","Помилка") -> Вірно | AD63: =IF(F63>=L63,"Вірно","Помилка") -> Вірно | AE63: =IF(M63>=N63,"Вірно","Помилка") -> Вірно | AF63: =IF(M63>=O63,"Вірно","Помилка") -> Вірно | AG63: =IF(P63>=Q63,"Вірно","Помилка") -> Вірно | AH63: =IF(P63>=R63,"Вірно","Помилка") -> Вірно | AI63: =IF(P63>=T63,"Вірно","Помилка") -> Вірно | AJ63: =IF(T63>=S63,"Вірно","Помилка") -> Вірно | AK63: =IF(P63>=U63,"Вірно","Помилка") -> Вірно | AL63: =IF(P63>=V63,"Вірно","Помилка") -> Вірно | AM63: =IF((I63+K63+L63)<=F63,"Вірно","Помилка") -> Вірно | AN63: =IF((J63+L63)<=F63,"Вірно","Помилка") -> Вірно | AO63: =IF((N63+O63)<=M63,"Вірно","Помилка") -> Вірно | AP63: =IF((S63+U63+V63)<=P63,"Вірно","Помилка") -> Вірно | AQ63: =IF((T63+V63)<=P63,"Вірно","Помилка") -> Вірно
A64: f_11.[2:3]_mrf | B64: морфін | C64: 3.2.2.6 | D64: F11.2,3 (частина) | X64: =IF(E64>=F64,"Вірно","Помилка") -> Вірно | Y64: =IF(F64>=G64,"Вірно","Помилка") -> Вірно | Z64: =IF(F64>=H64,"Вірно","Помилка") -> Вірно | AA64: =IF(F64>=J64,"Вірно","Помилка") -> Вірно | AB64: =IF(J64>=I64,"Вірно","Помилка") -> Вірно | AC64: =IF(F64>=K64,"Вірно","Помилка") -> Вірно | AD64: =IF(F64>=L64,"Вірно","Помилка") -> Вірно | AE64: =IF(M64>=N64,"Вірно","Помилка") -> Вірно | AF64: =IF(M64>=O64,"Вірно","Помилка") -> Вірно | AG64: =IF(P64>=Q64,"Вірно","Помилка") -> Вірно | AH64: =IF(P64>=R64,"Вірно","Помилка") -> Вірно | AI64: =IF(P64>=T64,"Вірно","Помилка") -> Вірно | AJ64: =IF(T64>=S64,"Вірно","Помилка") -> Вірно | AK64: =IF(P64>=U64,"Вірно","Помилка") -> Вірно | AL64: =IF(P64>=V64,"Вірно","Помилка") -> Вірно | AM64: =IF((I64+K64+L64)<=F64,"Вірно","Помилка") -> Вірно | AN64: =IF((J64+L64)<=F64,"Вірно","Помилка") -> Вірно | AO64: =IF((N64+O64)<=M64,"Вірно","Помилка") -> Вірно | AP64: =IF((S64+U64+V64)<=P64,"Вірно","Помилка") -> Вірно | AQ64: =IF((T64+V64)<=P64,"Вірно","Помилка") -> Вірно
A65: f_11.[2:3]_fnt | B65: фентаніл та його похідні | C65: 3.2.2.7 | D65: F11.2,3 (частина) | X65: =IF(E65>=F65,"Вірно","Помилка") -> Вірно | Y65: =IF(F65>=G65,"Вірно","Помилка") -> Вірно | Z65: =IF(F65>=H65,"Вірно","Помилка") -> Вірно | AA65: =IF(F65>=J65,"Вірно","Помилка") -> Вірно | AB65: =IF(J65>=I65,"Вірно","Помилка") -> Вірно | AC65: =IF(F65>=K65,"Вірно","Помилка") -> Вірно | AD65: =IF(F65>=L65,"Вірно","Помилка") -> Вірно | AE65: =IF(M65>=N65,"Вірно","Помилка") -> Вірно | AF65: =IF(M65>=O65,"Вірно","Помилка") -> Вірно | AG65: =IF(P65>=Q65,"Вірно","Помилка") -> Вірно | AH65: =IF(P65>=R65,"Вірно","Помилка") -> Вірно | AI65: =IF(P65>=T65,"Вірно","Помилка") -> Вірно | AJ65: =IF(T65>=S65,"Вірно","Помилка") -> Вірно | AK65: =IF(P65>=U65,"Вірно","Помилка") -> Вірно | AL65: =IF(P65>=V65,"Вірно","Помилка") -> Вірно | AM65: =IF((I65+K65+L65)<=F65,"Вірно","Помилка") -> Вірно | AN65: =IF((J65+L65)<=F65,"Вірно","Помилка") -> Вірно | AO65: =IF((N65+O65)<=M65,"Вірно","Помилка") -> Вірно | AP65: =IF((S65+U65+V65)<=P65,"Вірно","Помилка") -> Вірно | AQ65: =IF((T65+V65)<=P65,"Вірно","Помилка") -> Вірно
A66: f_11.[2:3]_cdn | B66: кодеїн та кодеїновмісні препарати | C66: 3.2.2.8 | D66: F11.2,3 (частина) | X66: =IF(E66>=F66,"Вірно","Помилка") -> Вірно | Y66: =IF(F66>=G66,"Вірно","Помилка") -> Вірно | Z66: =IF(F66>=H66,"Вірно","Помилка") -> Вірно | AA66: =IF(F66>=J66,"Вірно","Помилка") -> Вірно | AB66: =IF(J66>=I66,"Вірно","Помилка") -> Вірно | AC66: =IF(F66>=K66,"Вірно","Помилка") -> Вірно | AD66: =IF(F66>=L66,"Вірно","Помилка") -> Вірно | AE66: =IF(M66>=N66,"Вірно","Помилка") -> Вірно | AF66: =IF(M66>=O66,"Вірно","Помилка") -> Вірно | AG66: =IF(P66>=Q66,"Вірно","Помилка") -> Вірно | AH66: =IF(P66>=R66,"Вірно","Помилка") -> Вірно | AI66: =IF(P66>=T66,"Вірно","Помилка") -> Вірно | AJ66: =IF(T66>=S66,"Вірно","Помилка") -> Вірно | AK66: =IF(P66>=U66,"Вірно","Помилка") -> Вірно | AL66: =IF(P66>=V66,"Вірно","Помилка") -> Вірно | AM66: =IF((I66+K66+L66)<=F66,"Вірно","Помилка") -> Вірно | AN66: =IF((J66+L66)<=F66,"Вірно","Помилка") -> Вірно | AO66: =IF((N66+O66)<=M66,"Вірно","Помилка") -> Вірно | AP66: =IF((S66+U66+V66)<=P66,"Вірно","Помилка") -> Вірно | AQ66: =IF((T66+V66)<=P66,"Вірно","Помилка") -> Вірно
A67: f_11.[2:3]_trm | B67: трамадол | C67: 3.2.2.9 | D67: F11.2,3 (частина) | X67: =IF(E67>=F67,"Вірно","Помилка") -> Вірно | Y67: =IF(F67>=G67,"Вірно","Помилка") -> Вірно | Z67: =IF(F67>=H67,"Вірно","Помилка") -> Вірно | AA67: =IF(F67>=J67,"Вірно","Помилка") -> Вірно | AB67: =IF(J67>=I67,"Вірно","Помилка") -> Вірно | AC67: =IF(F67>=K67,"Вірно","Помилка") -> Вірно | AD67: =IF(F67>=L67,"Вірно","Помилка") -> Вірно | AE67: =IF(M67>=N67,"Вірно","Помилка") -> Вірно | AF67: =IF(M67>=O67,"Вірно","Помилка") -> Вірно | AG67: =IF(P67>=Q67,"Вірно","Помилка") -> Вірно | AH67: =IF(P67>=R67,"Вірно","Помилка") -> Вірно | AI67: =IF(P67>=T67,"Вірно","Помилка") -> Вірно | AJ67: =IF(T67>=S67,"Вірно","Помилка") -> Вірно | AK67: =IF(P67>=U67,"Вірно","Помилка") -> Вірно | AL67: =IF(P67>=V67,"Вірно","Помилка") -> Вірно | AM67: =IF((I67+K67+L67)<=F67,"Вірно","Помилка") -> Вірно | AN67: =IF((J67+L67)<=F67,"Вірно","Помилка") -> Вірно | AO67: =IF((N67+O67)<=M67,"Вірно","Помилка") -> Вірно | AP67: =IF((S67+U67+V67)<=P67,"Вірно","Помилка") -> Вірно | AQ67: =IF((T67+V67)<=P67,"Вірно","Помилка") -> Вірно
A68: f_11.[2:3]_nlb | B68: налбуфін | C68: 3.2.2.10 | D68: F11.2,3 (частина) | X68: =IF(E68>=F68,"Вірно","Помилка") -> Вірно | Y68: =IF(F68>=G68,"Вірно","Помилка") -> Вірно | Z68: =IF(F68>=H68,"Вірно","Помилка") -> Вірно | AA68: =IF(F68>=J68,"Вірно","Помилка") -> Вірно | AB68: =IF(J68>=I68,"Вірно","Помилка") -> Вірно | AC68: =IF(F68>=K68,"Вірно","Помилка") -> Вірно | AD68: =IF(F68>=L68,"Вірно","Помилка") -> Вірно | AE68: =IF(M68>=N68,"Вірно","Помилка") -> Вірно | AF68: =IF(M68>=O68,"Вірно","Помилка") -> Вірно | AG68: =IF(P68>=Q68,"Вірно","Помилка") -> Вірно | AH68: =IF(P68>=R68,"Вірно","Помилка") -> Вірно | AI68: =IF(P68>=T68,"Вірно","Помилка") -> Вірно | AJ68: =IF(T68>=S68,"Вірно","Помилка") -> Вірно | AK68: =IF(P68>=U68,"Вірно","Помилка") -> Вірно | AL68: =IF(P68>=V68,"Вірно","Помилка") -> Вірно | AM68: =IF((I68+K68+L68)<=F68,"Вірно","Помилка") -> Вірно | AN68: =IF((J68+L68)<=F68,"Вірно","Помилка") -> Вірно | AO68: =IF((N68+O68)<=M68,"Вірно","Помилка") -> Вірно | AP68: =IF((S68+U68+V68)<=P68,"Вірно","Помилка") -> Вірно | AQ68: =IF((T68+V68)<=P68,"Вірно","Помилка") -> Вірно
A69: f_11.[2:3]_opd_othr_s | B69: інші синтетичні опіоїди | C69: 3.2.2.11 | D69: F11.2,3 (частина) | X69: =IF(E69>=F69,"Вірно","Помилка") -> Вірно | Y69: =IF(F69>=G69,"Вірно","Помилка") -> Вірно | Z69: =IF(F69>=H69,"Вірно","Помилка") -> Вірно | AA69: =IF(F69>=J69,"Вірно","Помилка") -> Вірно | AB69: =IF(J69>=I69,"Вірно","Помилка") -> Вірно | AC69: =IF(F69>=K69,"Вірно","Помилка") -> Вірно | AD69: =IF(F69>=L69,"Вірно","Помилка") -> Вірно | AE69: =IF(M69>=N69,"Вірно","Помилка") -> Вірно | AF69: =IF(M69>=O69,"Вірно","Помилка") -> Вірно | AG69: =IF(P69>=Q69,"Вірно","Помилка") -> Вірно | AH69: =IF(P69>=R69,"Вірно","Помилка") -> Вірно | AI69: =IF(P69>=T69,"Вірно","Помилка") -> Вірно | AJ69: =IF(T69>=S69,"Вірно","Помилка") -> Вірно | AK69: =IF(P69>=U69,"Вірно","Помилка") -> Вірно | AL69: =IF(P69>=V69,"Вірно","Помилка") -> Вірно | AM69: =IF((I69+K69+L69)<=F69,"Вірно","Помилка") -> Вірно | AN69: =IF((J69+L69)<=F69,"Вірно","Помилка") -> Вірно | AO69: =IF((N69+O69)<=M69,"Вірно","Помилка") -> Вірно | AP69: =IF((S69+U69+V69)<=P69,"Вірно","Помилка") -> Вірно | AQ69: =IF((T69+V69)<=P69,"Вірно","Помилка") -> Вірно
A70: f_12.[2:3] | B70: канабіноїдів | C70: 3.2.3 | D70: F12.2,3 | E70: 1 | F70: 1 | G70: 1 | H70: 1 | K70: 1 | P70: 1 | Q70: 1 | R70: 1 | U70: 1 | X70: =IF(E70>=F70,"Вірно","Помилка") -> Вірно | Y70: =IF(F70>=G70,"Вірно","Помилка") -> Вірно | Z70: =IF(F70>=H70,"Вірно","Помилка") -> Вірно | AA70: =IF(F70>=J70,"Вірно","Помилка") -> Вірно | AB70: =IF(J70>=I70,"Вірно","Помилка") -> Вірно | AC70: =IF(F70>=K70,"Вірно","Помилка") -> Вірно | AD70: =IF(F70>=L70,"Вірно","Помилка") -> Вірно | AE70: =IF(M70>=N70,"Вірно","Помилка") -> Вірно | AF70: =IF(M70>=O70,"Вірно","Помилка") -> Вірно | AG70: =IF(P70>=Q70,"Вірно","Помилка") -> Вірно | AH70: =IF(P70>=R70,"Вірно","Помилка") -> Вірно | AI70: =IF(P70>=T70,"Вірно","Помилка") -> Вірно | AJ70: =IF(T70>=S70,"Вірно","Помилка") -> Вірно | AK70: =IF(P70>=U70,"Вірно","Помилка") -> Вірно | AL70: =IF(P70>=V70,"Вірно","Помилка") -> Вірно | AM70: =IF((I70+K70+L70)<=F70,"Вірно","Помилка") -> Вірно | AN70: =IF((J70+L70)<=F70,"Вірно","Помилка") -> Вірно | AO70: =IF((N70+O70)<=M70,"Вірно","Помилка") -> Вірно | AP70: =IF((S70+U70+V70)<=P70,"Вірно","Помилка") -> Вірно | AQ70: =IF((T70+V70)<=P70,"Вірно","Помилка") -> Вірно
A71: f_12.[2:3]_cnb_synth | B71: з них синтетичні канабіноїди | C71: 3.2.3.1 | D71: F12.2,3 (частина) | X71: =IF(E71>=F71,"Вірно","Помилка") -> Вірно | Y71: =IF(F71>=G71,"Вірно","Помилка") -> Вірно | Z71: =IF(F71>=H71,"Вірно","Помилка") -> Вірно | AA71: =IF(F71>=J71,"Вірно","Помилка") -> Вірно | AB71: =IF(J71>=I71,"Вірно","Помилка") -> Вірно | AC71: =IF(F71>=K71,"Вірно","Помилка") -> Вірно | AD71: =IF(F71>=L71,"Вірно","Помилка") -> Вірно | AE71: =IF(M71>=N71,"Вірно","Помилка") -> Вірно | AF71: =IF(M71>=O71,"Вірно","Помилка") -> Вірно | AG71: =IF(P71>=Q71,"Вірно","Помилка") -> Вірно | AH71: =IF(P71>=R71,"Вірно","Помилка") -> Вірно | AI71: =IF(P71>=T71,"Вірно","Помилка") -> Вірно | AJ71: =IF(T71>=S71,"Вірно","Помилка") -> Вірно | AK71: =IF(P71>=U71,"Вірно","Помилка") -> Вірно | AL71: =IF(P71>=V71,"Вірно","Помилка") -> Вірно | AM71: =IF((I71+K71+L71)<=F71,"Вірно","Помилка") -> Вірно | AN71: =IF((J71+L71)<=F71,"Вірно","Помилка") -> Вірно | AO71: =IF((N71+O71)<=M71,"Вірно","Помилка") -> Вірно | AP71: =IF((S71+U71+V71)<=P71,"Вірно","Помилка") -> Вірно | AQ71: =IF((T71+V71)<=P71,"Вірно","Помилка") -> Вірно
A72: f_13.[2:3] | B72: седативних чи снодійних засобів | C72: 3.2.4 | D72: F13.2,3 | X72: =IF(E72>=F72,"Вірно","Помилка") -> Вірно | Y72: =IF(F72>=G72,"Вірно","Помилка") -> Вірно | Z72: =IF(F72>=H72,"Вірно","Помилка") -> Вірно | AA72: =IF(F72>=J72,"Вірно","Помилка") -> Вірно | AB72: =IF(J72>=I72,"Вірно","Помилка") -> Вірно | AC72: =IF(F72>=K72,"Вірно","Помилка") -> Вірно | AD72: =IF(F72>=L72,"Вірно","Помилка") -> Вірно | AE72: =IF(M72>=N72,"Вірно","Помилка") -> Вірно | AF72: =IF(M72>=O72,"Вірно","Помилка") -> Вірно | AG72: =IF(P72>=Q72,"Вірно","Помилка") -> Вірно | AH72: =IF(P72>=R72,"Вірно","Помилка") -> Вірно | AI72: =IF(P72>=T72,"Вірно","Помилка") -> Вірно | AJ72: =IF(T72>=S72,"Вірно","Помилка") -> Вірно | AK72: =IF(P72>=U72,"Вірно","Помилка") -> Вірно | AL72: =IF(P72>=V72,"Вірно","Помилка") -> Вірно | AM72: =IF((I72+K72+L72)<=F72,"Вірно","Помилка") -> Вірно | AN72: =IF((J72+L72)<=F72,"Вірно","Помилка") -> Вірно | AO72: =IF((N72+O72)<=M72,"Вірно","Помилка") -> Вірно | AP72: =IF((S72+U72+V72)<=P72,"Вірно","Помилка") -> Вірно | AQ72: =IF((T72+V72)<=P72,"Вірно","Помилка") -> Вірно
A73: f_13.[2:3]_bzd | B73: з них: бензодіазепіни | C73: 3.2.4.1 | D73: F13.2,3 (частина) | X73: =IF(E73>=F73,"Вірно","Помилка") -> Вірно | Y73: =IF(F73>=G73,"Вірно","Помилка") -> Вірно | Z73: =IF(F73>=H73,"Вірно","Помилка") -> Вірно | AA73: =IF(F73>=J73,"Вірно","Помилка") -> Вірно | AB73: =IF(J73>=I73,"Вірно","Помилка") -> Вірно | AC73: =IF(F73>=K73,"Вірно","Помилка") -> Вірно | AD73: =IF(F73>=L73,"Вірно","Помилка") -> Вірно | AE73: =IF(M73>=N73,"Вірно","Помилка") -> Вірно | AF73: =IF(M73>=O73,"Вірно","Помилка") -> Вірно | AG73: =IF(P73>=Q73,"Вірно","Помилка") -> Вірно | AH73: =IF(P73>=R73,"Вірно","Помилка") -> Вірно | AI73: =IF(P73>=T73,"Вірно","Помилка") -> Вірно | AJ73: =IF(T73>=S73,"Вірно","Помилка") -> Вірно | AK73: =IF(P73>=U73,"Вірно","Помилка") -> Вірно | AL73: =IF(P73>=V73,"Вірно","Помилка") -> Вірно | AM73: =IF((I73+K73+L73)<=F73,"Вірно","Помилка") -> Вірно | AN73: =IF((J73+L73)<=F73,"Вірно","Помилка") -> Вірно | AO73: =IF((N73+O73)<=M73,"Вірно","Помилка") -> Вірно | AP73: =IF((S73+U73+V73)<=P73,"Вірно","Помилка") -> Вірно | AQ73: =IF((T73+V73)<=P73,"Вірно","Помилка") -> Вірно
A74: f_13.[2:3]_brb | B74: барбітурати | C74: 3.2.4.2 | D74: F13.2,3 (частина) | X74: =IF(E74>=F74,"Вірно","Помилка") -> Вірно | Y74: =IF(F74>=G74,"Вірно","Помилка") -> Вірно | Z74: =IF(F74>=H74,"Вірно","Помилка") -> Вірно | AA74: =IF(F74>=J74,"Вірно","Помилка") -> Вірно | AB74: =IF(J74>=I74,"Вірно","Помилка") -> Вірно | AC74: =IF(F74>=K74,"Вірно","Помилка") -> Вірно | AD74: =IF(F74>=L74,"Вірно","Помилка") -> Вірно | AE74: =IF(M74>=N74,"Вірно","Помилка") -> Вірно | AF74: =IF(M74>=O74,"Вірно","Помилка") -> Вірно | AG74: =IF(P74>=Q74,"Вірно","Помилка") -> Вірно | AH74: =IF(P74>=R74,"Вірно","Помилка") -> Вірно | AI74: =IF(P74>=T74,"Вірно","Помилка") -> Вірно | AJ74: =IF(T74>=S74,"Вірно","Помилка") -> Вірно | AK74: =IF(P74>=U74,"Вірно","Помилка") -> Вірно | AL74: =IF(P74>=V74,"Вірно","Помилка") -> Вірно | AM74: =IF((I74+K74+L74)<=F74,"Вірно","Помилка") -> Вірно | AN74: =IF((J74+L74)<=F74,"Вірно","Помилка") -> Вірно | AO74: =IF((N74+O74)<=M74,"Вірно","Помилка") -> Вірно | AP74: =IF((S74+U74+V74)<=P74,"Вірно","Помилка") -> Вірно | AQ74: =IF((T74+V74)<=P74,"Вірно","Помилка") -> Вірно
A75: f_14.[2:3] | B75: кокаїну | C75: 3.2.5 | D75: F14.2,3 | X75: =IF(E75>=F75,"Вірно","Помилка") -> Вірно | Y75: =IF(F75>=G75,"Вірно","Помилка") -> Вірно | Z75: =IF(F75>=H75,"Вірно","Помилка") -> Вірно | AA75: =IF(F75>=J75,"Вірно","Помилка") -> Вірно | AB75: =IF(J75>=I75,"Вірно","Помилка") -> Вірно | AC75: =IF(F75>=K75,"Вірно","Помилка") -> Вірно | AD75: =IF(F75>=L75,"Вірно","Помилка") -> Вірно | AE75: =IF(M75>=N75,"Вірно","Помилка") -> Вірно | AF75: =IF(M75>=O75,"Вірно","Помилка") -> Вірно | AG75: =IF(P75>=Q75,"Вірно","Помилка") -> Вірно | AH75: =IF(P75>=R75,"Вірно","Помилка") -> Вірно | AI75: =IF(P75>=T75,"Вірно","Помилка") -> Вірно | AJ75: =IF(T75>=S75,"Вірно","Помилка") -> Вірно | AK75: =IF(P75>=U75,"Вірно","Помилка") -> Вірно | AL75: =IF(P75>=V75,"Вірно","Помилка") -> Вірно | AM75: =IF((I75+K75+L75)<=F75,"Вірно","Помилка") -> Вірно | AN75: =IF((J75+L75)<=F75,"Вірно","Помилка") -> Вірно | AO75: =IF((N75+O75)<=M75,"Вірно","Помилка") -> Вірно | AP75: =IF((S75+U75+V75)<=P75,"Вірно","Помилка") -> Вірно | AQ75: =IF((T75+V75)<=P75,"Вірно","Помилка") -> Вірно
A76: f_15.[2:3] | B76: інших стимуляторів | C76: 3.2.6 | D76: F15.2,3 | X76: =IF(E76>=F76,"Вірно","Помилка") -> Вірно | Y76: =IF(F76>=G76,"Вірно","Помилка") -> Вірно | Z76: =IF(F76>=H76,"Вірно","Помилка") -> Вірно | AA76: =IF(F76>=J76,"Вірно","Помилка") -> Вірно | AB76: =IF(J76>=I76,"Вірно","Помилка") -> Вірно | AC76: =IF(F76>=K76,"Вірно","Помилка") -> Вірно | AD76: =IF(F76>=L76,"Вірно","Помилка") -> Вірно | AE76: =IF(M76>=N76,"Вірно","Помилка") -> Вірно | AF76: =IF(M76>=O76,"Вірно","Помилка") -> Вірно | AG76: =IF(P76>=Q76,"Вірно","Помилка") -> Вірно | AH76: =IF(P76>=R76,"Вірно","Помилка") -> Вірно | AI76: =IF(P76>=T76,"Вірно","Помилка") -> Вірно | AJ76: =IF(T76>=S76,"Вірно","Помилка") -> Вірно | AK76: =IF(P76>=U76,"Вірно","Помилка") -> Вірно | AL76: =IF(P76>=V76,"Вірно","Помилка") -> Вірно | AM76: =IF((I76+K76+L76)<=F76,"Вірно","Помилка") -> Вірно | AN76: =IF((J76+L76)<=F76,"Вірно","Помилка") -> Вірно | AO76: =IF((N76+O76)<=M76,"Вірно","Помилка") -> Вірно | AP76: =IF((S76+U76+V76)<=P76,"Вірно","Помилка") -> Вірно | AQ76: =IF((T76+V76)<=P76,"Вірно","Помилка") -> Вірно
A77: f_15.[2:3]_amf | B77: з них: амфетамін | C77: 3.2.6.1 | D77: F15.2,3 (частина) | X77: =IF(E77>=F77,"Вірно","Помилка") -> Вірно | Y77: =IF(F77>=G77,"Вірно","Помилка") -> Вірно | Z77: =IF(F77>=H77,"Вірно","Помилка") -> Вірно | AA77: =IF(F77>=J77,"Вірно","Помилка") -> Вірно | AB77: =IF(J77>=I77,"Вірно","Помилка") -> Вірно | AC77: =IF(F77>=K77,"Вірно","Помилка") -> Вірно | AD77: =IF(F77>=L77,"Вірно","Помилка") -> Вірно | AE77: =IF(M77>=N77,"Вірно","Помилка") -> Вірно | AF77: =IF(M77>=O77,"Вірно","Помилка") -> Вірно | AG77: =IF(P77>=Q77,"Вірно","Помилка") -> Вірно | AH77: =IF(P77>=R77,"Вірно","Помилка") -> Вірно | AI77: =IF(P77>=T77,"Вірно","Помилка") -> Вірно | AJ77: =IF(T77>=S77,"Вірно","Помилка") -> Вірно | AK77: =IF(P77>=U77,"Вірно","Помилка") -> Вірно | AL77: =IF(P77>=V77,"Вірно","Помилка") -> Вірно | AM77: =IF((I77+K77+L77)<=F77,"Вірно","Помилка") -> Вірно | AN77: =IF((J77+L77)<=F77,"Вірно","Помилка") -> Вірно | AO77: =IF((N77+O77)<=M77,"Вірно","Помилка") -> Вірно | AP77: =IF((S77+U77+V77)<=P77,"Вірно","Помилка") -> Вірно | AQ77: =IF((T77+V77)<=P77,"Вірно","Помилка") -> Вірно
A78: f_15.[2:3]_mamf | B78: метамфетамін | C78: 3.2.6.2 | D78: F15.2,3 (частина) | X78: =IF(E78>=F78,"Вірно","Помилка") -> Вірно | Y78: =IF(F78>=G78,"Вірно","Помилка") -> Вірно | Z78: =IF(F78>=H78,"Вірно","Помилка") -> Вірно | AA78: =IF(F78>=J78,"Вірно","Помилка") -> Вірно | AB78: =IF(J78>=I78,"Вірно","Помилка") -> Вірно | AC78: =IF(F78>=K78,"Вірно","Помилка") -> Вірно | AD78: =IF(F78>=L78,"Вірно","Помилка") -> Вірно | AE78: =IF(M78>=N78,"Вірно","Помилка") -> Вірно | AF78: =IF(M78>=O78,"Вірно","Помилка") -> Вірно | AG78: =IF(P78>=Q78,"Вірно","Помилка") -> Вірно | AH78: =IF(P78>=R78,"Вірно","Помилка") -> Вірно | AI78: =IF(P78>=T78,"Вірно","Помилка") -> Вірно | AJ78: =IF(T78>=S78,"Вірно","Помилка") -> Вірно | AK78: =IF(P78>=U78,"Вірно","Помилка") -> Вірно | AL78: =IF(P78>=V78,"Вірно","Помилка") -> Вірно | AM78: =IF((I78+K78+L78)<=F78,"Вірно","Помилка") -> Вірно | AN78: =IF((J78+L78)<=F78,"Вірно","Помилка") -> Вірно | AO78: =IF((N78+O78)<=M78,"Вірно","Помилка") -> Вірно | AP78: =IF((S78+U78+V78)<=P78,"Вірно","Помилка") -> Вірно | AQ78: =IF((T78+V78)<=P78,"Вірно","Помилка") -> Вірно
A79: f_15.[2:3]_mdma | B79: МДМА та речовини групи «екстазі» | C79: 3.2.6.3 | D79: F15.2,3 (частина) | X79: =IF(E79>=F79,"Вірно","Помилка") -> Вірно | Y79: =IF(F79>=G79,"Вірно","Помилка") -> Вірно | Z79: =IF(F79>=H79,"Вірно","Помилка") -> Вірно | AA79: =IF(F79>=J79,"Вірно","Помилка") -> Вірно | AB79: =IF(J79>=I79,"Вірно","Помилка") -> Вірно | AC79: =IF(F79>=K79,"Вірно","Помилка") -> Вірно | AD79: =IF(F79>=L79,"Вірно","Помилка") -> Вірно | AE79: =IF(M79>=N79,"Вірно","Помилка") -> Вірно | AF79: =IF(M79>=O79,"Вірно","Помилка") -> Вірно | AG79: =IF(P79>=Q79,"Вірно","Помилка") -> Вірно | AH79: =IF(P79>=R79,"Вірно","Помилка") -> Вірно | AI79: =IF(P79>=T79,"Вірно","Помилка") -> Вірно | AJ79: =IF(T79>=S79,"Вірно","Помилка") -> Вірно | AK79: =IF(P79>=U79,"Вірно","Помилка") -> Вірно | AL79: =IF(P79>=V79,"Вірно","Помилка") -> Вірно | AM79: =IF((I79+K79+L79)<=F79,"Вірно","Помилка") -> Вірно | AN79: =IF((J79+L79)<=F79,"Вірно","Помилка") -> Вірно | AO79: =IF((N79+O79)<=M79,"Вірно","Помилка") -> Вірно | AP79: =IF((S79+U79+V79)<=P79,"Вірно","Помилка") -> Вірно | AQ79: =IF((T79+V79)<=P79,"Вірно","Помилка") -> Вірно
A80: f_16.[2:3] | B80: галюциногенів | C80: 3.2.7 | D80: F16.2,3 | X80: =IF(E80>=F80,"Вірно","Помилка") -> Вірно | Y80: =IF(F80>=G80,"Вірно","Помилка") -> Вірно | Z80: =IF(F80>=H80,"Вірно","Помилка") -> Вірно | AA80: =IF(F80>=J80,"Вірно","Помилка") -> Вірно | AB80: =IF(J80>=I80,"Вірно","Помилка") -> Вірно | AC80: =IF(F80>=K80,"Вірно","Помилка") -> Вірно | AD80: =IF(F80>=L80,"Вірно","Помилка") -> Вірно | AE80: =IF(M80>=N80,"Вірно","Помилка") -> Вірно | AF80: =IF(M80>=O80,"Вірно","Помилка") -> Вірно | AG80: =IF(P80>=Q80,"Вірно","Помилка") -> Вірно | AH80: =IF(P80>=R80,"Вірно","Помилка") -> Вірно | AI80: =IF(P80>=T80,"Вірно","Помилка") -> Вірно | AJ80: =IF(T80>=S80,"Вірно","Помилка") -> Вірно | AK80: =IF(P80>=U80,"Вірно","Помилка") -> Вірно | AL80: =IF(P80>=V80,"Вірно","Помилка") -> Вірно | AM80: =IF((I80+K80+L80)<=F80,"Вірно","Помилка") -> Вірно | AN80: =IF((J80+L80)<=F80,"Вірно","Помилка") -> Вірно | AO80: =IF((N80+O80)<=M80,"Вірно","Помилка") -> Вірно | AP80: =IF((S80+U80+V80)<=P80,"Вірно","Помилка") -> Вірно | AQ80: =IF((T80+V80)<=P80,"Вірно","Помилка") -> Вірно
A81: f_16.[2:3]_lsd | B81: з них: ЛСД | C81: 3.2.7.1 | D81: F16.2,3 (частина) | X81: =IF(E81>=F81,"Вірно","Помилка") -> Вірно | Y81: =IF(F81>=G81,"Вірно","Помилка") -> Вірно | Z81: =IF(F81>=H81,"Вірно","Помилка") -> Вірно | AA81: =IF(F81>=J81,"Вірно","Помилка") -> Вірно | AB81: =IF(J81>=I81,"Вірно","Помилка") -> Вірно | AC81: =IF(F81>=K81,"Вірно","Помилка") -> Вірно | AD81: =IF(F81>=L81,"Вірно","Помилка") -> Вірно | AE81: =IF(M81>=N81,"Вірно","Помилка") -> Вірно | AF81: =IF(M81>=O81,"Вірно","Помилка") -> Вірно | AG81: =IF(P81>=Q81,"Вірно","Помилка") -> Вірно | AH81: =IF(P81>=R81,"Вірно","Помилка") -> Вірно | AI81: =IF(P81>=T81,"Вірно","Помилка") -> Вірно | AJ81: =IF(T81>=S81,"Вірно","Помилка") -> Вірно | AK81: =IF(P81>=U81,"Вірно","Помилка") -> Вірно | AL81: =IF(P81>=V81,"Вірно","Помилка") -> Вірно | AM81: =IF((I81+K81+L81)<=F81,"Вірно","Помилка") -> Вірно | AN81: =IF((J81+L81)<=F81,"Вірно","Помилка") -> Вірно | AO81: =IF((N81+O81)<=M81,"Вірно","Помилка") -> Вірно | AP81: =IF((S81+U81+V81)<=P81,"Вірно","Помилка") -> Вірно | AQ81: =IF((T81+V81)<=P81,"Вірно","Помилка") -> Вірно
A82: f_16.[2:3]_msk | B82: мескалін | C82: 3.2.7.2 | D82: F16.2,3 (частина) | X82: =IF(E82>=F82,"Вірно","Помилка") -> Вірно | Y82: =IF(F82>=G82,"Вірно","Помилка") -> Вірно | Z82: =IF(F82>=H82,"Вірно","Помилка") -> Вірно | AA82: =IF(F82>=J82,"Вірно","Помилка") -> Вірно | AB82: =IF(J82>=I82,"Вірно","Помилка") -> Вірно | AC82: =IF(F82>=K82,"Вірно","Помилка") -> Вірно | AD82: =IF(F82>=L82,"Вірно","Помилка") -> Вірно | AE82: =IF(M82>=N82,"Вірно","Помилка") -> Вірно | AF82: =IF(M82>=O82,"Вірно","Помилка") -> Вірно | AG82: =IF(P82>=Q82,"Вірно","Помилка") -> Вірно | AH82: =IF(P82>=R82,"Вірно","Помилка") -> Вірно | AI82: =IF(P82>=T82,"Вірно","Помилка") -> Вірно | AJ82: =IF(T82>=S82,"Вірно","Помилка") -> Вірно | AK82: =IF(P82>=U82,"Вірно","Помилка") -> Вірно | AL82: =IF(P82>=V82,"Вірно","Помилка") -> Вірно | AM82: =IF((I82+K82+L82)<=F82,"Вірно","Помилка") -> Вірно | AN82: =IF((J82+L82)<=F82,"Вірно","Помилка") -> Вірно | AO82: =IF((N82+O82)<=M82,"Вірно","Помилка") -> Вірно | AP82: =IF((S82+U82+V82)<=P82,"Вірно","Помилка") -> Вірно | AQ82: =IF((T82+V82)<=P82,"Вірно","Помилка") -> Вірно
... A86: f_18.[2:3] | B86: летких розчинників | C86: 3.2.9 | D86: F18.2,3 | X86: =IF(E86>=F86,"Вірно","Помилка") -> Вірно | Y86: =IF(F86>=G86,"Вірно","Помилка") -> Вірно | Z86: =IF(F86>=H86,"Вірно","Помилка") -> Вірно | AA86: =IF(F86>=J86,"Вірно","Помилка") -> Вірно | AB86: =IF(J86>=I86,"Вірно","Помилка") -> Вірно | AC86: =IF(F86>=K86,"Вірно","Помилка") -> Вірно | AD86: =IF(F86>=L86,"Вірно","Помилка") -> Вірно | AE86: =IF(M86>=N86,"Вірно","Помилка") -> Вірно | AF86: =IF(M86>=O86,"Вірно","Помилка") -> Вірно | AG86: =IF(P86>=Q86,"Вірно","Помилка") -> Вірно | AH86: =IF(P86>=R86,"Вірно","Помилка") -> Вірно | AI86: =IF(P86>=T86,"Вірно","Помилка") -> Вірно | AJ86: =IF(T86>=S86,"Вірно","Помилка") -> Вірно | AK86: =IF(P86>=U86,"Вірно","Помилка") -> Вірно | AL86: =IF(P86>=V86,"Вірно","Помилка") -> Вірно | AM86: =IF((I86+K86+L86)<=F86,"Вірно","Помилка") -> Вірно | AN86: =IF((J86+L86)<=F86,"Вірно","Помилка") -> Вірно | AO86: =IF((N86+O86)<=M86,"Вірно","Помилка") -> Вірно | AP86: =IF((S86+U86+V86)<=P86,"Вірно","Помилка") -> Вірно | AQ86: =IF((T86+V86)<=P86,"Вірно","Помилка") -> Вірно
A87: f_19.[2:3] | B87: поєднаних ПАР | C87: 3.2.10 | D87: F19.2,3 | E87: 1 | F87: 1 | G87: 1 | H87: 1 | K87: 1 | P87: 5 | Q87: 5 | R87: 4 | U87: 1 | V87: 1 | X87: =IF(E87>=F87,"Вірно","Помилка") -> Вірно | Y87: =IF(F87>=G87,"Вірно","Помилка") -> Вірно | Z87: =IF(F87>=H87,"Вірно","Помилка") -> Вірно | AA87: =IF(F87>=J87,"Вірно","Помилка") -> Вірно | AB87: =IF(J87>=I87,"Вірно","Помилка") -> Вірно | AC87: =IF(F87>=K87,"Вірно","Помилка") -> Вірно | AD87: =IF(F87>=L87,"Вірно","Помилка") -> Вірно | AE87: =IF(M87>=N87,"Вірно","Помилка") -> Вірно | AF87: =IF(M87>=O87,"Вірно","Помилка") -> Вірно | AG87: =IF(P87>=Q87,"Вірно","Помилка") -> Вірно | AH87: =IF(P87>=R87,"Вірно","Помилка") -> Вірно | AI87: =IF(P87>=T87,"Вірно","Помилка") -> Вірно | AJ87: =IF(T87>=S87,"Вірно","Помилка") -> Вірно | AK87: =IF(P87>=U87,"Вірно","Помилка") -> Вірно | AL87: =IF(P87>=V87,"Вірно","Помилка") -> Вірно | AM87: =IF((I87+K87+L87)<=F87,"Вірно","Помилка") -> Вірно | AN87: =IF((J87+L87)<=F87,"Вірно","Помилка") -> Вірно | AO87: =IF((N87+O87)<=M87,"Вірно","Помилка") -> Вірно | AP87: =IF((S87+U87+V87)<=P87,"Вірно","Помилка") -> Вірно | AQ87: =IF((T87+V87)<=P87,"Вірно","Помилка") -> Вірно
A88: f_1[0:9].[4:5] | B88: стан відміни з делірієм та психотичні розлади | C88: 3.3 | D88: F1x.4,5 | E88: 7 | F88: 7 | G88: 7 | H88: 7 | K88: 1 | L88: 3 | P88: 7 | Q88: 7 | R88: 7 | U88: 1 | V88: 3 | X88: =IF(E88>=F88,"Вірно","Помилка") -> Вірно | Y88: =IF(F88>=G88,"Вірно","Помилка") -> Вірно | Z88: =IF(F88>=H88,"Вірно","Помилка") -> Вірно | AA88: =IF(F88>=J88,"Вірно","Помилка") -> Вірно | AB88: =IF(J88>=I88,"Вірно","Помилка") -> Вірно | AC88: =IF(F88>=K88,"Вірно","Помилка") -> Вірно | AD88: =IF(F88>=L88,"Вірно","Помилка") -> Вірно | AE88: =IF(M88>=N88,"Вірно","Помилка") -> Вірно | AF88: =IF(M88>=O88,"Вірно","Помилка") -> Вірно | AG88: =IF(P88>=Q88,"Вірно","Помилка") -> Вірно | AH88: =IF(P88>=R88,"Вірно","Помилка") -> Вірно | AI88: =IF(P88>=T88,"Вірно","Помилка") -> Вірно | AJ88: =IF(T88>=S88,"Вірно","Помилка") -> Вірно | AK88: =IF(P88>=U88,"Вірно","Помилка") -> Вірно | AL88: =IF(P88>=V88,"Вірно","Помилка") -> Вірно | AM88: =IF((I88+K88+L88)<=F88,"Вірно","Помилка") -> Вірно | AN88: =IF((J88+L88)<=F88,"Вірно","Помилка") -> Вірно | AO88: =IF((N88+O88)<=M88,"Вірно","Помилка") -> Вірно | AP88: =IF((S88+U88+V88)<=P88,"Вірно","Помилка") -> Вірно | AQ88: =IF((T88+V88)<=P88,"Вірно","Помилка") -> Вірно
B89: у тому числі внаслідок уживання:
A90: f_10.[4:5] | B90: алкоголю | C90: 3.3.1 | D90: F10.4,5 | E90: 7 | F90: 7 | G90: 7 | H90: 7 | K90: 1 | L90: 3 | P90: 7 | Q90: 7 | R90: 7 | U90: 1 | V90: 3 | X90: =IF(E90>=F90,"Вірно","Помилка") -> Вірно | Y90: =IF(F90>=G90,"Вірно","Помилка") -> Вірно | Z90: =IF(F90>=H90,"Вірно","Помилка") -> Вірно | AA90: =IF(F90>=J90,"Вірно","Помилка") -> Вірно | AB90: =IF(J90>=I90,"Вірно","Помилка") -> Вірно | AC90: =IF(F90>=K90,"Вірно","Помилка") -> Вірно | AD90: =IF(F90>=L90,"Вірно","Помилка") -> Вірно | AE90: =IF(M90>=N90,"Вірно","Помилка") -> Вірно | AF90: =IF(M90>=O90,"Вірно","Помилка") -> Вірно | AG90: =IF(P90>=Q90,"Вірно","Помилка") -> Вірно | AH90: =IF(P90>=R90,"Вірно","Помилка") -> Вірно | AI90: =IF(P90>=T90,"Вірно","Помилка") -> Вірно | AJ90: =IF(T90>=S90,"Вірно","Помилка") -> Вірно | AK90: =IF(P90>=U90,"Вірно","Помилка") -> Вірно | AL90: =IF(P90>=V90,"Вірно","Помилка") -> Вірно | AM90: =IF((I90+K90+L90)<=F90,"Вірно","Помилка") -> Вірно | AN90: =IF((J90+L90)<=F90,"Вірно","Помилка") -> Вірно | AO90: =IF((N90+O90)<=M90,"Вірно","Помилка") -> Вірно | AP90: =IF((S90+U90+V90)<=P90,"Вірно","Помилка") -> Вірно | AQ90: =IF((T90+V90)<=P90,"Вірно","Помилка") -> Вірно
A91: f_11.[4:5] | B91: опіоїдів | C91: 3.3.2 | D91: F11.4,5 | X91: =IF(E91>=F91,"Вірно","Помилка") -> Вірно | Y91: =IF(F91>=G91,"Вірно","Помилка") -> Вірно | Z91: =IF(F91>=H91,"Вірно","Помилка") -> Вірно | AA91: =IF(F91>=J91,"Вірно","Помилка") -> Вірно | AB91: =IF(J91>=I91,"Вірно","Помилка") -> Вірно | AC91: =IF(F91>=K91,"Вірно","Помилка") -> Вірно | AD91: =IF(F91>=L91,"Вірно","Помилка") -> Вірно | AE91: =IF(M91>=N91,"Вірно","Помилка") -> Вірно | AF91: =IF(M91>=O91,"Вірно","Помилка") -> Вірно | AG91: =IF(P91>=Q91,"Вірно","Помилка") -> Вірно | AH91: =IF(P91>=R91,"Вірно","Помилка") -> Вірно | AI91: =IF(P91>=T91,"Вірно","Помилка") -> Вірно | AJ91: =IF(T91>=S91,"Вірно","Помилка") -> Вірно | AK91: =IF(P91>=U91,"Вірно","Помилка") -> Вірно | AL91: =IF(P91>=V91,"Вірно","Помилка") -> Вірно | AM91: =IF((I91+K91+L91)<=F91,"Вірно","Помилка") -> Вірно | AN91: =IF((J91+L91)<=F91,"Вірно","Помилка") -> Вірно | AO91: =IF((N91+O91)<=M91,"Вірно","Помилка") -> Вірно | AP91: =IF((S91+U91+V91)<=P91,"Вірно","Помилка") -> Вірно | AQ91: =IF((T91+V91)<=P91,"Вірно","Помилка") -> Вірно
A92: f_11.[4:5]_opm | B92: з них: опій | C92: 3.3.2.1 | D92: F11.4,5 (частина) | X92: =IF(E92>=F92,"Вірно","Помилка") -> Вірно | Y92: =IF(F92>=G92,"Вірно","Помилка") -> Вірно | Z92: =IF(F92>=H92,"Вірно","Помилка") -> Вірно | AA92: =IF(F92>=J92,"Вірно","Помилка") -> Вірно | AB92: =IF(J92>=I92,"Вірно","Помилка") -> Вірно | AC92: =IF(F92>=K92,"Вірно","Помилка") -> Вірно | AD92: =IF(F92>=L92,"Вірно","Помилка") -> Вірно | AE92: =IF(M92>=N92,"Вірно","Помилка") -> Вірно | AF92: =IF(M92>=O92,"Вірно","Помилка") -> Вірно | AG92: =IF(P92>=Q92,"Вірно","Помилка") -> Вірно | AH92: =IF(P92>=R92,"Вірно","Помилка") -> Вірно | AI92: =IF(P92>=T92,"Вірно","Помилка") -> Вірно | AJ92: =IF(T92>=S92,"Вірно","Помилка") -> Вірно | AK92: =IF(P92>=U92,"Вірно","Помилка") -> Вірно | AL92: =IF(P92>=V92,"Вірно","Помилка") -> Вірно | AM92: =IF((I92+K92+L92)<=F92,"Вірно","Помилка") -> Вірно | AN92: =IF((J92+L92)<=F92,"Вірно","Помилка") -> Вірно | AO92: =IF((N92+O92)<=M92,"Вірно","Помилка") -> Вірно | AP92: =IF((S92+U92+V92)<=P92,"Вірно","Помилка") -> Вірно | AQ92: =IF((T92+V92)<=P92,"Вірно","Помилка") -> Вірно
A93: f_11.[4:5]_opm_a | B93: опій ацетильований | C93: 3.3.2.2 | D93: F11.4,5 (частина) | X93: =IF(E93>=F93,"Вірно","Помилка") -> Вірно | Y93: =IF(F93>=G93,"Вірно","Помилка") -> Вірно | Z93: =IF(F93>=H93,"Вірно","Помилка") -> Вірно | AA93: =IF(F93>=J93,"Вірно","Помилка") -> Вірно | AB93: =IF(J93>=I93,"Вірно","Помилка") -> Вірно | AC93: =IF(F93>=K93,"Вірно","Помилка") -> Вірно | AD93: =IF(F93>=L93,"Вірно","Помилка") -> Вірно | AE93: =IF(M93>=N93,"Вірно","Помилка") -> Вірно | AF93: =IF(M93>=O93,"Вірно","Помилка") -> Вірно | AG93: =IF(P93>=Q93,"Вірно","Помилка") -> Вірно | AH93: =IF(P93>=R93,"Вірно","Помилка") -> Вірно | AI93: =IF(P93>=T93,"Вірно","Помилка") -> Вірно | AJ93: =IF(T93>=S93,"Вірно","Помилка") -> Вірно | AK93: =IF(P93>=U93,"Вірно","Помилка") -> Вірно | AL93: =IF(P93>=V93,"Вірно","Помилка") -> Вірно | AM93: =IF((I93+K93+L93)<=F93,"Вірно","Помилка") -> Вірно | AN93: =IF((J93+L93)<=F93,"Вірно","Помилка") -> Вірно | AO93: =IF((N93+O93)<=M93,"Вірно","Помилка") -> Вірно | AP93: =IF((S93+U93+V93)<=P93,"Вірно","Помилка") -> Вірно | AQ93: =IF((T93+V93)<=P93,"Вірно","Помилка") -> Вірно
A94: f_11.[4:5]_hrn | B94: героїн | C94: 3.3.2.3 | D94: F11.4,5 (частина) | X94: =IF(E94>=F94,"Вірно","Помилка") -> Вірно | Y94: =IF(F94>=G94,"Вірно","Помилка") -> Вірно | Z94: =IF(F94>=H94,"Вірно","Помилка") -> Вірно | AA94: =IF(F94>=J94,"Вірно","Помилка") -> Вірно | AB94: =IF(J94>=I94,"Вірно","Помилка") -> Вірно | AC94: =IF(F94>=K94,"Вірно","Помилка") -> Вірно | AD94: =IF(F94>=L94,"Вірно","Помилка") -> Вірно | AE94: =IF(M94>=N94,"Вірно","Помилка") -> Вірно | AF94: =IF(M94>=O94,"Вірно","Помилка") -> Вірно | AG94: =IF(P94>=Q94,"Вірно","Помилка") -> Вірно | AH94: =IF(P94>=R94,"Вірно","Помилка") -> Вірно | AI94: =IF(P94>=T94,"Вірно","Помилка") -> Вірно | AJ94: =IF(T94>=S94,"Вірно","Помилка") -> Вірно | AK94: =IF(P94>=U94,"Вірно","Помилка") -> Вірно | AL94: =IF(P94>=V94,"Вірно","Помилка") -> Вірно | AM94: =IF((I94+K94+L94)<=F94,"Вірно","Помилка") -> Вірно | AN94: =IF((J94+L94)<=F94,"Вірно","Помилка") -> Вірно | AO94: =IF((N94+O94)<=M94,"Вірно","Помилка") -> Вірно | AP94: =IF((S94+U94+V94)<=P94,"Вірно","Помилка") -> Вірно | AQ94: =IF((T94+V94)<=P94,"Вірно","Помилка") -> Вірно
A95: f_11.[4:5]_mtd | B95: метадон | C95: 3.3.2.4 | D95: F11.4,5 (частина) | X95: =IF(E95>=F95,"Вірно","Помилка") -> Вірно | Y95: =IF(F95>=G95,"Вірно","Помилка") -> Вірно | Z95: =IF(F95>=H95,"Вірно","Помилка") -> Вірно | AA95: =IF(F95>=J95,"Вірно","Помилка") -> Вірно | AB95: =IF(J95>=I95,"Вірно","Помилка") -> Вірно | AC95: =IF(F95>=K95,"Вірно","Помилка") -> Вірно | AD95: =IF(F95>=L95,"Вірно","Помилка") -> Вірно | AE95: =IF(M95>=N95,"Вірно","Помилка") -> Вірно | AF95: =IF(M95>=O95,"Вірно","Помилка") -> Вірно | AG95: =IF(P95>=Q95,"Вірно","Помилка") -> Вірно | AH95: =IF(P95>=R95,"Вірно","Помилка") -> Вірно | AI95: =IF(P95>=T95,"Вірно","Помилка") -> Вірно | AJ95: =IF(T95>=S95,"Вірно","Помилка") -> Вірно | AK95: =IF(P95>=U95,"Вірно","Помилка") -> Вірно | AL95: =IF(P95>=V95,"Вірно","Помилка") -> Вірно | AM95: =IF((I95+K95+L95)<=F95,"Вірно","Помилка") -> Вірно | AN95: =IF((J95+L95)<=F95,"Вірно","Помилка") -> Вірно | AO95: =IF((N95+O95)<=M95,"Вірно","Помилка") -> Вірно | AP95: =IF((S95+U95+V95)<=P95,"Вірно","Помилка") -> Вірно | AQ95: =IF((T95+V95)<=P95,"Вірно","Помилка") -> Вірно
A96: f_11.[4:5]_bpr | B96: бупренорфін | C96: 3.3.2.5 | D96: F11.4,5 (частина) | X96: =IF(E96>=F96,"Вірно","Помилка") -> Вірно | Y96: =IF(F96>=G96,"Вірно","Помилка") -> Вірно | Z96: =IF(F96>=H96,"Вірно","Помилка") -> Вірно | AA96: =IF(F96>=J96,"Вірно","Помилка") -> Вірно | AB96: =IF(J96>=I96,"Вірно","Помилка") -> Вірно | AC96: =IF(F96>=K96,"Вірно","Помилка") -> Вірно | AD96: =IF(F96>=L96,"Вірно","Помилка") -> Вірно | AE96: =IF(M96>=N96,"Вірно","Помилка") -> Вірно | AF96: =IF(M96>=O96,"Вірно","Помилка") -> Вірно | AG96: =IF(P96>=Q96,"Вірно","Помилка") -> Вірно | AH96: =IF(P96>=R96,"Вірно","Помилка") -> Вірно | AI96: =IF(P96>=T96,"Вірно","Помилка") -> Вірно | AJ96: =IF(T96>=S96,"Вірно","Помилка") -> Вірно | AK96: =IF(P96>=U96,"Вірно","Помилка") -> Вірно | AL96: =IF(P96>=V96,"Вірно","Помилка") -> Вірно | AM96: =IF((I96+K96+L96)<=F96,"Вірно","Помилка") -> Вірно | AN96: =IF((J96+L96)<=F96,"Вірно","Помилка") -> Вірно | AO96: =IF((N96+O96)<=M96,"Вірно","Помилка") -> Вірно | AP96: =IF((S96+U96+V96)<=P96,"Вірно","Помилка") -> Вірно | AQ96: =IF((T96+V96)<=P96,"Вірно","Помилка") -> Вірно
A97: f_11.[4:5]_mrf | B97: морфін | C97: 3.3.2.6 | D97: F11.4,5 (частина) | X97: =IF(E97>=F97,"Вірно","Помилка") -> Вірно | Y97: =IF(F97>=G97,"Вірно","Помилка") -> Вірно | Z97: =IF(F97>=H97,"Вірно","Помилка") -> Вірно | AA97: =IF(F97>=J97,"Вірно","Помилка") -> Вірно | AB97: =IF(J97>=I97,"Вірно","Помилка") -> Вірно | AC97: =IF(F97>=K97,"Вірно","Помилка") -> Вірно | AD97: =IF(F97>=L97,"Вірно","Помилка") -> Вірно | AE97: =IF(M97>=N97,"Вірно","Помилка") -> Вірно | AF97: =IF(M97>=O97,"Вірно","Помилка") -> Вірно | AG97: =IF(P97>=Q97,"Вірно","Помилка") -> Вірно | AH97: =IF(P97>=R97,"Вірно","Помилка") -> Вірно | AI97: =IF(P97>=T97,"Вірно","Помилка") -> Вірно | AJ97: =IF(T97>=S97,"Вірно","Помилка") -> Вірно | AK97: =IF(P97>=U97,"Вірно","Помилка") -> Вірно | AL97: =IF(P97>=V97,"Вірно","Помилка") -> Вірно | AM97: =IF((I97+K97+L97)<=F97,"Вірно","Помилка") -> Вірно | AN97: =IF((J97+L97)<=F97,"Вірно","Помилка") -> Вірно | AO97: =IF((N97+O97)<=M97,"Вірно","Помилка") -> Вірно | AP97: =IF((S97+U97+V97)<=P97,"Вірно","Помилка") -> Вірно | AQ97: =IF((T97+V97)<=P97,"Вірно","Помилка") -> Вірно
A98: f_11.[4:5]_fnt | B98: фентаніл та його похідні | C98: 3.3.2.7 | D98: F11.4,5 (частина) | X98: =IF(E98>=F98,"Вірно","Помилка") -> Вірно | Y98: =IF(F98>=G98,"Вірно","Помилка") -> Вірно | Z98: =IF(F98>=H98,"Вірно","Помилка") -> Вірно | AA98: =IF(F98>=J98,"Вірно","Помилка") -> Вірно | AB98: =IF(J98>=I98,"Вірно","Помилка") -> Вірно | AC98: =IF(F98>=K98,"Вірно","Помилка") -> Вірно | AD98: =IF(F98>=L98,"Вірно","Помилка") -> Вірно | AE98: =IF(M98>=N98,"Вірно","Помилка") -> Вірно | AF98: =IF(M98>=O98,"Вірно","Помилка") -> Вірно | AG98: =IF(P98>=Q98,"Вірно","Помилка") -> Вірно | AH98: =IF(P98>=R98,"Вірно","Помилка") -> Вірно | AI98: =IF(P98>=T98,"Вірно","Помилка") -> Вірно | AJ98: =IF(T98>=S98,"Вірно","Помилка") -> Вірно | AK98: =IF(P98>=U98,"Вірно","Помилка") -> Вірно | AL98: =IF(P98>=V98,"Вірно","Помилка") -> Вірно | AM98: =IF((I98+K98+L98)<=F98,"Вірно","Помилка") -> Вірно | AN98: =IF((J98+L98)<=F98,"Вірно","Помилка") -> Вірно | AO98: =IF((N98+O98)<=M98,"Вірно","Помилка") -> Вірно | AP98: =IF((S98+U98+V98)<=P98,"Вірно","Помилка") -> Вірно | AQ98: =IF((T98+V98)<=P98,"Вірно","Помилка") -> Вірно
A99: f_11.[4:5]_cdn | B99: кодеїн та кодеїновмісні препарати | C99: 3.3.2.8 | D99: F11.4,5 (частина) | X99: =IF(E99>=F99,"Вірно","Помилка") -> Вірно | Y99: =IF(F99>=G99,"Вірно","Помилка") -> Вірно | Z99: =IF(F99>=H99,"Вірно","Помилка") -> Вірно | AA99: =IF(F99>=J99,"Вірно","Помилка") -> Вірно | AB99: =IF(J99>=I99,"Вірно","Помилка") -> Вірно | AC99: =IF(F99>=K99,"Вірно","Помилка") -> Вірно | AD99: =IF(F99>=L99,"Вірно","Помилка") -> Вірно | AE99: =IF(M99>=N99,"Вірно","Помилка") -> Вірно | AF99: =IF(M99>=O99,"Вірно","Помилка") -> Вірно | AG99: =IF(P99>=Q99,"Вірно","Помилка") -> Вірно | AH99: =IF(P99>=R99,"Вірно","Помилка") -> Вірно | AI99: =IF(P99>=T99,"Вірно","Помилка") -> Вірно | AJ99: =IF(T99>=S99,"Вірно","Помилка") -> Вірно | AK99: =IF(P99>=U99,"Вірно","Помилка") -> Вірно | AL99: =IF(P99>=V99,"Вірно","Помилка") -> Вірно | AM99: =IF((I99+K99+L99)<=F99,"Вірно","Помилка") -> Вірно | AN99: =IF((J99+L99)<=F99,"Вірно","Помилка") -> Вірно | AO99: =IF((N99+O99)<=M99,"Вірно","Помилка") -> Вірно | AP99: =IF((S99+U99+V99)<=P99,"Вірно","Помилка") -> Вірно | AQ99: =IF((T99+V99)<=P99,"Вірно","Помилка") -> Вірно
A100: f_11.[4:5]_trm | B100: трамадол | C100: 3.3.2.9 | D100: F11.4,5 (частина) | X100: =IF(E100>=F100,"Вірно","Помилка") -> Вірно | Y100: =IF(F100>=G100,"Вірно","Помилка") -> Вірно | Z100: =IF(F100>=H100,"Вірно","Помилка") -> Вірно | AA100: =IF(F100>=J100,"Вірно","Помилка") -> Вірно | AB100: =IF(J100>=I100,"Вірно","Помилка") -> Вірно | AC100: =IF(F100>=K100,"Вірно","Помилка") -> Вірно | AD100: =IF(F100>=L100,"Вірно","Помилка") -> Вірно | AE100: =IF(M100>=N100,"Вірно","Помилка") -> Вірно | AF100: =IF(M100>=O100,"Вірно","Помилка") -> Вірно | AG100: =IF(P100>=Q100,"Вірно","Помилка") -> Вірно | AH100: =IF(P100>=R100,"Вірно","Помилка") -> Вірно | AI100: =IF(P100>=T100,"Вірно","Помилка") -> Вірно | AJ100: =IF(T100>=S100,"Вірно","Помилка") -> Вірно | AK100: =IF(P100>=U100,"Вірно","Помилка") -> Вірно | AL100: =IF(P100>=V100,"Вірно","Помилка") -> Вірно | AM100: =IF((I100+K100+L100)<=F100,"Вірно","Помилка") -> Вірно | AN100: =IF((J100+L100)<=F100,"Вірно","Помилка") -> Вірно | AO100: =IF((N100+O100)<=M100,"Вірно","Помилка") -> Вірно | AP100: =IF((S100+U100+V100)<=P100,"Вірно","Помилка") -> Вірно | AQ100: =IF((T100+V100)<=P100,"Вірно","Помилка") -> Вірно
A101: f_11.[4:5]_nlb | B101: налбуфін | C101: 3.3.2.10 | D101: F11.4,5 (частина) | X101: =IF(E101>=F101,"Вірно","Помилка") -> Вірно | Y101: =IF(F101>=G101,"Вірно","Помилка") -> Вірно | Z101: =IF(F101>=H101,"Вірно","Помилка") -> Вірно | AA101: =IF(F101>=J101,"Вірно","Помилка") -> Вірно | AB101: =IF(J101>=I101,"Вірно","Помилка") -> Вірно | AC101: =IF(F101>=K101,"Вірно","Помилка") -> Вірно | AD101: =IF(F101>=L101,"Вірно","Помилка") -> Вірно | AE101: =IF(M101>=N101,"Вірно","Помилка") -> Вірно | AF101: =IF(M101>=O101,"Вірно","Помилка") -> Вірно | AG101: =IF(P101>=Q101,"Вірно","Помилка") -> Вірно | AH101: =IF(P101>=R101,"Вірно","Помилка") -> Вірно | AI101: =IF(P101>=T101,"Вірно","Помилка") -> Вірно | AJ101: =IF(T101>=S101,"Вірно","Помилка") -> Вірно | AK101: =IF(P101>=U101,"Вірно","Помилка") -> Вірно | AL101: =IF(P101>=V101,"Вірно","Помилка") -> Вірно | AM101: =IF((I101+K101+L101)<=F101,"Вірно","Помилка") -> Вірно | AN101: =IF((J101+L101)<=F101,"Вірно","Помилка") -> Вірно | AO101: =IF((N101+O101)<=M101,"Вірно","Помилка") -> Вірно | AP101: =IF((S101+U101+V101)<=P101,"Вірно","Помилка") -> Вірно | AQ101: =IF((T101+V101)<=P101,"Вірно","Помилка") -> Вірно
A102: f_11.[4:5]_opd_othr_s | B102: інші синтетичні опіоїди | C102: 3.3.2.11 | D102: F11.4,5 (частина) | X102: =IF(E102>=F102,"Вірно","Помилка") -> Вірно | Y102: =IF(F102>=G102,"Вірно","Помилка") -> Вірно | Z102: =IF(F102>=H102,"Вірно","Помилка") -> Вірно | AA102: =IF(F102>=J102,"Вірно","Помилка") -> Вірно | AB102: =IF(J102>=I102,"Вірно","Помилка") -> Вірно | AC102: =IF(F102>=K102,"Вірно","Помилка") -> Вірно | AD102: =IF(F102>=L102,"Вірно","Помилка") -> Вірно | AE102: =IF(M102>=N102,"Вірно","Помилка") -> Вірно | AF102: =IF(M102>=O102,"Вірно","Помилка") -> Вірно | AG102: =IF(P102>=Q102,"Вірно","Помилка") -> Вірно | AH102: =IF(P102>=R102,"Вірно","Помилка") -> Вірно | AI102: =IF(P102>=T102,"Вірно","Помилка") -> Вірно | AJ102: =IF(T102>=S102,"Вірно","Помилка") -> Вірно | AK102: =IF(P102>=U102,"Вірно","Помилка") -> Вірно | AL102: =IF(P102>=V102,"Вірно","Помилка") -> Вірно | AM102: =IF((I102+K102+L102)<=F102,"Вірно","Помилка") -> Вірно | AN102: =IF((J102+L102)<=F102,"Вірно","Помилка") -> Вірно | AO102: =IF((N102+O102)<=M102,"Вірно","Помилка") -> Вірно | AP102: =IF((S102+U102+V102)<=P102,"Вірно","Помилка") -> Вірно | AQ102: =IF((T102+V102)<=P102,"Вірно","Помилка") -> Вірно
... A119: f_19.[4:5] | B119: поєднаних ПАР | C119: 3.3.9 | D119: F19.4,5 | X119: =IF(E119>=F119,"Вірно","Помилка") -> Вірно | Y119: =IF(F119>=G119,"Вірно","Помилка") -> Вірно | Z119: =IF(F119>=H119,"Вірно","Помилка") -> Вірно | AA119: =IF(F119>=J119,"Вірно","Помилка") -> Вірно | AB119: =IF(J119>=I119,"Вірно","Помилка") -> Вірно | AC119: =IF(F119>=K119,"Вірно","Помилка") -> Вірно | AD119: =IF(F119>=L119,"Вірно","Помилка") -> Вірно | AE119: =IF(M119>=N119,"Вірно","Помилка") -> Вірно | AF119: =IF(M119>=O119,"Вірно","Помилка") -> Вірно | AG119: =IF(P119>=Q119,"Вірно","Помилка") -> Вірно | AH119: =IF(P119>=R119,"Вірно","Помилка") -> Вірно | AI119: =IF(P119>=T119,"Вірно","Помилка") -> Вірно | AJ119: =IF(T119>=S119,"Вірно","Помилка") -> Вірно | AK119: =IF(P119>=U119,"Вірно","Помилка") -> Вірно | AL119: =IF(P119>=V119,"Вірно","Помилка") -> Вірно | AM119: =IF((I119+K119+L119)<=F119,"Вірно","Помилка") -> Вірно | AN119: =IF((J119+L119)<=F119,"Вірно","Помилка") -> Вірно | AO119: =IF((N119+O119)<=M119,"Вірно","Помилка") -> Вірно | AP119: =IF((S119+U119+V119)<=P119,"Вірно","Помилка") -> Вірно | AQ119: =IF((T119+V119)<=P119,"Вірно","Помилка") -> Вірно
A120: f_1[0:9].[6:7] | B120: амнестичний синдром та резидуальні і пізні психотичні розлади | C120: 3.4 | D120: F1x.6,7 | P120: 1 | Q120: 1 | X120: =IF(E120>=F120,"Вірно","Помилка") -> Вірно | Y120: =IF(F120>=G120,"Вірно","Помилка") -> Вірно | Z120: =IF(F120>=H120,"Вірно","Помилка") -> Вірно | AA120: =IF(F120>=J120,"Вірно","Помилка") -> Вірно | AB120: =IF(J120>=I120,"Вірно","Помилка") -> Вірно | AC120: =IF(F120>=K120,"Вірно","Помилка") -> Вірно | AD120: =IF(F120>=L120,"Вірно","Помилка") -> Вірно | AE120: =IF(M120>=N120,"Вірно","Помилка") -> Вірно | AF120: =IF(M120>=O120,"Вірно","Помилка") -> Вірно | AG120: =IF(P120>=Q120,"Вірно","Помилка") -> Вірно | AH120: =IF(P120>=R120,"Вірно","Помилка") -> Вірно | AI120: =IF(P120>=T120,"Вірно","Помилка") -> Вірно | AJ120: =IF(T120>=S120,"Вірно","Помилка") -> Вірно | AK120: =IF(P120>=U120,"Вірно","Помилка") -> Вірно | AL120: =IF(P120>=V120,"Вірно","Помилка") -> Вірно | AM120: =IF((I120+K120+L120)<=F120,"Вірно","Помилка") -> Вірно | AN120: =IF((J120+L120)<=F120,"Вірно","Помилка") -> Вірно | AO120: =IF((N120+O120)<=M120,"Вірно","Помилка") -> Вірно | AP120: =IF((S120+U120+V120)<=P120,"Вірно","Помилка") -> Вірно | AQ120: =IF((T120+V120)<=P120,"Вірно","Помилка") -> Вірно
...

Sheet 1100
A1: cd | B1: dsrdr | C1: clmn | D1: icd10 | E1: op | F1: op_inc | G1: op_inc_m | H1: op_inc_r | I1: op_inc_u18 | J1: op_inc_y | K1: op_inc_e | L1: op_hiv | M1: op_hbv | N1: op_hbc | O1: op_tbc | P1: op_od | Q1: op_stp | R1: op_stp_c | S1: op_stp_d_od | T1: op_stp_d_othr | U1: op_prv | V1: op_prv_m | W1: op_prv_r | X1: op_prv_u18 | Y1: op_prv_y | Z1: op_prv_e
B2: Таблиця 1100 | C2: Амбулаторна психіатрична допомога особам з розладами психіки та поведінки внаслідок ін’єкційного вживання ПАР
B3: Найменування розладів | C3: Номер | D3: Код за МКХ-10 | E3: Кількість осіб, яким було розпочато надання амбулаторної психіатричної допомоги | Q3: Кількість осіб, які припинили отримувати | U3: Кількість осіб, яким надавалась амбулаторна психіатрична допомога на кінець року
C4: рядка | E4: усього | F4: з них з уперше встановленим розладом психіки та поведінки | L4: у тому числі (з графи 1) | Q4: амбулаторну психіатричну допомогу | U4: усього | V4: у тому числі
F5: усього | G5: у тому числі | L5: пацієнти | M5: пацієнти | N5: пацієнти | O5: пацієнти | P5: з випадками | Q5: усього | R5: з них у зв’язку | V5: чоловіки | W5: сільське | X5: за віковими групами
G6: чоловіки | H6: сільське | I6: за віковими групами | L6: з ВІЛ | M6: з гепатитом B | N6: з гепатитом C | O6: з туберкульозом | P6: передозування ПАР без | R6: з одужанням, | S6: зі смертю | T6: зі смертю | W6: населення | X6: діти | Y6: молодь | Z6: особи
H7: населення | I7: діти | J7: молодь | K7: особи похилого віку | P7: летального наслідку у звітному році | R7: стійкою ремісією | S7: від передозу-вання ПАР | T7: від інших причин | Z7: похилого віку
B9: А | C9: Б | D9: В | E9: 1 | F9: 2 | G9: 3 | H9: 4 | I9: 5 | J9: 6 | K9: 7 | L9: 8 | M9: 9 | N9: 10 | O9: 11 | P9: 12 | Q9: 13 | R9: 14 | S9: 15 | T9: 16 | U9: 17 | V9: 18 | W9: 19 | X9: 20 | Y9: 21 | Z9: 22
A10: f_1[0:9] | B10: Усього, внаслідок уживання ПАР | C10: 1.0 | D10: F10-F19 | E10: 2 | F10: 2 | G10: 2 | H10: 2 | J10: 2 | Q10: 2 | T10: 1 | U10: 6 | V10: 6 | W10: 5 | Y10: 2 | Z10: 1 | AB10: =IF(E10>=F10,"Вірно","Помилка") -> Вірно | AC10: =IF(F10>=G10,"Вірно","Помилка") -> Вірно | AD10: =IF(F10>=H10,"Вірно","Помилка") -> Вірно | AE10: =IF(F10>=I10,"Вірно","Помилка") -> Вірно | AF10: =IF(F10>=J10,"Вірно","Помилка") -> Вірно | AG10: =IF(F10>=K10,"Вірно","Помилка") -> Вірно | AH10: =IF(E10>=L10,"Вірно","Помилка") -> Вірно | AI10: =IF(E10>=M10,"Вірно","Помилка") -> Вірно | AJ10: =IF(E10>=N10,"Вірно","Помилка") -> Вірно | AK10: =IF(E10>=O10,"Вірно","Помилка") -> Вірно | AL10: =IF(E10>=P10,"Вірно","Помилка") -> Вірно | AM10: =IF(U10>=V10,"Вірно","Помилка") -> Вірно | AN10: =IF(U10>=W10,"Вірно","Помилка") -> Вірно | AO10: =IF(U10>=X10,"Вірно","Помилка") -> Вірно | AP10: =IF(U10>=Y10,"Вірно","Помилка") -> Вірно | AQ10: =IF(U10>=Z10,"Вірно","Помилка") -> Вірно | AR10: =IF(F10>=I10+K10,"Вірно","Помилка") -> Вірно | AS10: =IF(F10>=J10+K10,"Вірно","Помилка") -> Вірно | AT10: =IF(Q10>=R10+S10+T10,"Вірно","Помилка") -> Вірно | AU10: =IF(U10>=X10+Z10,"Вірно","Помилка") -> Вірно | AV10: =IF(U10>=Y10+Z10,"Вірно","Помилка") -> Вірно
B11: з них:
A12: f_1[0:9].[0:1] | B12: гостра інтоксикація та вживання зі шкідливими наслідками | C12: 2.0 | D12: F1x.0,1 | AB12: =IF(E12>=F12,"Вірно","Помилка") -> Вірно | AC12: =IF(F12>=G12,"Вірно","Помилка") -> Вірно | AD12: =IF(F12>=H12,"Вірно","Помилка") -> Вірно | AE12: =IF(F12>=I12,"Вірно","Помилка") -> Вірно | AF12: =IF(F12>=J12,"Вірно","Помилка") -> Вірно | AG12: =IF(F12>=K12,"Вірно","Помилка") -> Вірно | AH12: =IF(E12>=L12,"Вірно","Помилка") -> Вірно | AI12: =IF(E12>=M12,"Вірно","Помилка") -> Вірно | AJ12: =IF(E12>=N12,"Вірно","Помилка") -> Вірно | AK12: =IF(E12>=O12,"Вірно","Помилка") -> Вірно | AL12: =IF(E12>=P12,"Вірно","Помилка") -> Вірно | AM12: =IF(U12>=V12,"Вірно","Помилка") -> Вірно | AN12: =IF(U12>=W12,"Вірно","Помилка") -> Вірно | AO12: =IF(U12>=X12,"Вірно","Помилка") -> Вірно | AP12: =IF(U12>=Y12,"Вірно","Помилка") -> Вірно | AQ12: =IF(U12>=Z12,"Вірно","Помилка") -> Вірно | AR12: =IF(F12>=I12+K12,"Вірно","Помилка") -> Вірно | AS12: =IF(F12>=J12+K12,"Вірно","Помилка") -> Вірно | AT12: =IF(Q12>=R12+S12+T12,"Вірно","Помилка") -> Вірно | AU12: =IF(U12>=X12+Z12,"Вірно","Помилка") -> Вірно | AV12: =IF(U12>=Y12+Z12,"Вірно","Помилка") -> Вірно
B13: у тому числі внаслідок уживання:
A14: f_10.[0:1] | B14: алкоголю | C14: 2.1 | D14: F10.0,1 | AB14: =IF(E14>=F14,"Вірно","Помилка") -> Вірно | AC14: =IF(F14>=G14,"Вірно","Помилка") -> Вірно | AD14: =IF(F14>=H14,"Вірно","Помилка") -> Вірно | AE14: =IF(F14>=I14,"Вірно","Помилка") -> Вірно | AF14: =IF(F14>=J14,"Вірно","Помилка") -> Вірно | AG14: =IF(F14>=K14,"Вірно","Помилка") -> Вірно | AH14: =IF(E14>=L14,"Вірно","Помилка") -> Вірно | AI14: =IF(E14>=M14,"Вірно","Помилка") -> Вірно | AJ14: =IF(E14>=N14,"Вірно","Помилка") -> Вірно | AK14: =IF(E14>=O14,"Вірно","Помилка") -> Вірно | AL14: =IF(E14>=P14,"Вірно","Помилка") -> Вірно | AM14: =IF(U14>=V14,"Вірно","Помилка") -> Вірно | AN14: =IF(U14>=W14,"Вірно","Помилка") -> Вірно | AO14: =IF(U14>=X14,"Вірно","Помилка") -> Вірно | AP14: =IF(U14>=Y14,"Вірно","Помилка") -> Вірно | AQ14: =IF(U14>=Z14,"Вірно","Помилка") -> Вірно | AR14: =IF(F14>=I14+K14,"Вірно","Помилка") -> Вірно | AS14: =IF(F14>=J14+K14,"Вірно","Помилка") -> Вірно | AT14: =IF(Q14>=R14+S14+T14,"Вірно","Помилка") -> Вірно | AU14: =IF(U14>=X14+Z14,"Вірно","Помилка") -> Вірно | AV14: =IF(U14>=Y14+Z14,"Вірно","Помилка") -> Вірно
A15: f_11.[0:1] | B15: опіоїдів | C15: 2.2 | D15: F11.0,1 | AB15: =IF(E15>=F15,"Вірно","Помилка") -> Вірно | AC15: =IF(F15>=G15,"Вірно","Помилка") -> Вірно | AD15: =IF(F15>=H15,"Вірно","Помилка") -> Вірно | AE15: =IF(F15>=I15,"Вірно","Помилка") -> Вірно | AF15: =IF(F15>=J15,"Вірно","Помилка") -> Вірно | AG15: =IF(F15>=K15,"Вірно","Помилка") -> Вірно | AH15: =IF(E15>=L15,"Вірно","Помилка") -> Вірно | AI15: =IF(E15>=M15,"Вірно","Помилка") -> Вірно | AJ15: =IF(E15>=N15,"Вірно","Помилка") -> Вірно | AK15: =IF(E15>=O15,"Вірно","Помилка") -> Вірно | AL15: =IF(E15>=P15,"Вірно","Помилка") -> Вірно | AM15: =IF(U15>=V15,"Вірно","Помилка") -> Вірно | AN15: =IF(U15>=W15,"Вірно","Помилка") -> Вірно | AO15: =IF(U15>=X15,"Вірно","Помилка") -> Вірно | AP15: =IF(U15>=Y15,"Вірно","Помилка") -> Вірно | AQ15: =IF(U15>=Z15,"Вірно","Помилка") -> Вірно | AR15: =IF(F15>=I15+K15,"Вірно","Помилка") -> Вірно | AS15: =IF(F15>=J15+K15,"Вірно","Помилка") -> Вірно | AT15: =IF(Q15>=R15+S15+T15,"Вірно","Помилка") -> Вірно | AU15: =IF(U15>=X15+Z15,"Вірно","Помилка") -> Вірно | AV15: =IF(U15>=Y15+Z15,"Вірно","Помилка") -> Вірно
A16: f_11.[0:1]_opm | B16: з них: опій | C16: 2.2.1 | D16: F11.0,1 (частина) | AB16: =IF(E16>=F16,"Вірно","Помилка") -> Вірно | AC16: =IF(F16>=G16,"Вірно","Помилка") -> Вірно | AD16: =IF(F16>=H16,"Вірно","Помилка") -> Вірно | AE16: =IF(F16>=I16,"Вірно","Помилка") -> Вірно | AF16: =IF(F16>=J16,"Вірно","Помилка") -> Вірно | AG16: =IF(F16>=K16,"Вірно","Помилка") -> Вірно | AH16: =IF(E16>=L16,"Вірно","Помилка") -> Вірно | AI16: =IF(E16>=M16,"Вірно","Помилка") -> Вірно | AJ16: =IF(E16>=N16,"Вірно","Помилка") -> Вірно | AK16: =IF(E16>=O16,"Вірно","Помилка") -> Вірно | AL16: =IF(E16>=P16,"Вірно","Помилка") -> Вірно | AM16: =IF(U16>=V16,"Вірно","Помилка") -> Вірно | AN16: =IF(U16>=W16,"Вірно","Помилка") -> Вірно | AO16: =IF(U16>=X16,"Вірно","Помилка") -> Вірно | AP16: =IF(U16>=Y16,"Вірно","Помилка") -> Вірно | AQ16: =IF(U16>=Z16,"Вірно","Помилка") -> Вірно | AR16: =IF(F16>=I16+K16,"Вірно","Помилка") -> Вірно | AS16: =IF(F16>=J16+K16,"Вірно","Помилка") -> Вірно | AT16: =IF(Q16>=R16+S16+T16,"Вірно","Помилка") -> Вірно | AU16: =IF(U16>=X16+Z16,"Вірно","Помилка") -> Вірно | AV16: =IF(U16>=Y16+Z16,"Вірно","Помилка") -> Вірно
A17: f_11.[0:1]_opm_a | B17: опій ацетильований | C17: 2.2.2 | D17: F11.0,1 (частина) | AB17: =IF(E17>=F17,"Вірно","Помилка") -> Вірно | AC17: =IF(F17>=G17,"Вірно","Помилка") -> Вірно | AD17: =IF(F17>=H17,"Вірно","Помилка") -> Вірно | AE17: =IF(F17>=I17,"Вірно","Помилка") -> Вірно | AF17: =IF(F17>=J17,"Вірно","Помилка") -> Вірно | AG17: =IF(F17>=K17,"Вірно","Помилка") -> Вірно | AH17: =IF(E17>=L17,"Вірно","Помилка") -> Вірно | AI17: =IF(E17>=M17,"Вірно","Помилка") -> Вірно | AJ17: =IF(E17>=N17,"Вірно","Помилка") -> Вірно | AK17: =IF(E17>=O17,"Вірно","Помилка") -> Вірно | AL17: =IF(E17>=P17,"Вірно","Помилка") -> Вірно | AM17: =IF(U17>=V17,"Вірно","Помилка") -> Вірно | AN17: =IF(U17>=W17,"Вірно","Помилка") -> Вірно | AO17: =IF(U17>=X17,"Вірно","Помилка") -> Вірно | AP17: =IF(U17>=Y17,"Вірно","Помилка") -> Вірно | AQ17: =IF(U17>=Z17,"Вірно","Помилка") -> Вірно | AR17: =IF(F17>=I17+K17,"Вірно","Помилка") -> Вірно | AS17: =IF(F17>=J17+K17,"Вірно","Помилка") -> Вірно | AT17: =IF(Q17>=R17+S17+T17,"Вірно","Помилка") -> Вірно | AU17: =IF(U17>=X17+Z17,"Вірно","Помилка") -> Вірно | AV17: =IF(U17>=Y17+Z17,"Вірно","Помилка") -> Вірно
A18: f_11.[0:1]_hrn | B18: героїн | C18: 2.2.3 | D18: F11.0,1 (частина) | AB18: =IF(E18>=F18,"Вірно","Помилка") -> Вірно | AC18: =IF(F18>=G18,"Вірно","Помилка") -> Вірно | AD18: =IF(F18>=H18,"Вірно","Помилка") -> Вірно | AE18: =IF(F18>=I18,"Вірно","Помилка") -> Вірно | AF18: =IF(F18>=J18,"Вірно","Помилка") -> Вірно | AG18: =IF(F18>=K18,"Вірно","Помилка") -> Вірно | AH18: =IF(E18>=L18,"Вірно","Помилка") -> Вірно | AI18: =IF(E18>=M18,"Вірно","Помилка") -> Вірно | AJ18: =IF(E18>=N18,"Вірно","Помилка") -> Вірно | AK18: =IF(E18>=O18,"Вірно","Помилка") -> Вірно | AL18: =IF(E18>=P18,"Вірно","Помилка") -> Вірно | AM18: =IF(U18>=V18,"Вірно","Помилка") -> Вірно | AN18: =IF(U18>=W18,"Вірно","Помилка") -> Вірно | AO18: =IF(U18>=X18,"Вірно","Помилка") -> Вірно | AP18: =IF(U18>=Y18,"Вірно","Помилка") -> Вірно | AQ18: =IF(U18>=Z18,"Вірно","Помилка") -> Вірно | AR18: =IF(F18>=I18+K18,"Вірно","Помилка") -> Вірно | AS18: =IF(F18>=J18+K18,"Вірно","Помилка") -> Вірно | AT18: =IF(Q18>=R18+S18+T18,"Вірно","Помилка") -> Вірно | AU18: =IF(U18>=X18+Z18,"Вірно","Помилка") -> Вірно | AV18: =IF(U18>=Y18+Z18,"Вірно","Помилка") -> Вірно
A19: f_11.[0:1]_mtd | B19: метадон | C19: 2.2.4 | D19: F11.0,1 (частина) | AB19: =IF(E19>=F19,"Вірно","Помилка") -> Вірно | AC19: =IF(F19>=G19,"Вірно","Помилка") -> Вірно | AD19: =IF(F19>=H19,"Вірно","Помилка") -> Вірно | AE19: =IF(F19>=I19,"Вірно","Помилка") -> Вірно | AF19: =IF(F19>=J19,"Вірно","Помилка") -> Вірно | AG19: =IF(F19>=K19,"Вірно","Помилка") -> Вірно | AH19: =IF(E19>=L19,"Вірно","Помилка") -> Вірно | AI19: =IF(E19>=M19,"Вірно","Помилка") -> Вірно | AJ19: =IF(E19>=N19,"Вірно","Помилка") -> Вірно | AK19: =IF(E19>=O19,"Вірно","Помилка") -> Вірно | AL19: =IF(E19>=P19,"Вірно","Помилка") -> Вірно | AM19: =IF(U19>=V19,"Вірно","Помилка") -> Вірно | AN19: =IF(U19>=W19,"Вірно","Помилка") -> Вірно | AO19: =IF(U19>=X19,"Вірно","Помилка") -> Вірно | AP19: =IF(U19>=Y19,"Вірно","Помилка") -> Вірно | AQ19: =IF(U19>=Z19,"Вірно","Помилка") -> Вірно | AR19: =IF(F19>=I19+K19,"Вірно","Помилка") -> Вірно | AS19: =IF(F19>=J19+K19,"Вірно","Помилка") -> Вірно | AT19: =IF(Q19>=R19+S19+T19,"Вірно","Помилка") -> Вірно | AU19: =IF(U19>=X19+Z19,"Вірно","Помилка") -> Вірно | AV19: =IF(U19>=Y19+Z19,"Вірно","Помилка") -> Вірно
A20: f_11.[0:1]_bpr | B20: бупренорфін | C20: 2.2.5 | D20: F11.0,1 (частина) | AB20: =IF(E20>=F20,"Вірно","Помилка") -> Вірно | AC20: =IF(F20>=G20,"Вірно","Помилка") -> Вірно | AD20: =IF(F20>=H20,"Вірно","Помилка") -> Вірно | AE20: =IF(F20>=I20,"Вірно","Помилка") -> Вірно | AF20: =IF(F20>=J20,"Вірно","Помилка") -> Вірно | AG20: =IF(F20>=K20,"Вірно","Помилка") -> Вірно | AH20: =IF(E20>=L20,"Вірно","Помилка") -> Вірно | AI20: =IF(E20>=M20,"Вірно","Помилка") -> Вірно | AJ20: =IF(E20>=N20,"Вірно","Помилка") -> Вірно | AK20: =IF(E20>=O20,"Вірно","Помилка") -> Вірно | AL20: =IF(E20>=P20,"Вірно","Помилка") -> Вірно | AM20: =IF(U20>=V20,"Вірно","Помилка") -> Вірно | AN20: =IF(U20>=W20,"Вірно","Помилка") -> Вірно | AO20: =IF(U20>=X20,"Вірно","Помилка") -> Вірно | AP20: =IF(U20>=Y20,"Вірно","Помилка") -> Вірно | AQ20: =IF(U20>=Z20,"Вірно","Помилка") -> Вірно | AR20: =IF(F20>=I20+K20,"Вірно","Помилка") -> Вірно | AS20: =IF(F20>=J20+K20,"Вірно","Помилка") -> Вірно | AT20: =IF(Q20>=R20+S20+T20,"Вірно","Помилка") -> Вірно | AU20: =IF(U20>=X20+Z20,"Вірно","Помилка") -> Вірно | AV20: =IF(U20>=Y20+Z20,"Вірно","Помилка") -> Вірно
A21: f_11.[0:1]_mrf | B21: морфін | C21: 2.2.6 | D21: F11.0,1 (частина) | AB21: =IF(E21>=F21,"Вірно","Помилка") -> Вірно | AC21: =IF(F21>=G21,"Вірно","Помилка") -> Вірно | AD21: =IF(F21>=H21,"Вірно","Помилка") -> Вірно | AE21: =IF(F21>=I21,"Вірно","Помилка") -> Вірно | AF21: =IF(F21>=J21,"Вірно","Помилка") -> Вірно | AG21: =IF(F21>=K21,"Вірно","Помилка") -> Вірно | AH21: =IF(E21>=L21,"Вірно","Помилка") -> Вірно | AI21: =IF(E21>=M21,"Вірно","Помилка") -> Вірно | AJ21: =IF(E21>=N21,"Вірно","Помилка") -> Вірно | AK21: =IF(E21>=O21,"Вірно","Помилка") -> Вірно | AL21: =IF(E21>=P21,"Вірно","Помилка") -> Вірно | AM21: =IF(U21>=V21,"Вірно","Помилка") -> Вірно | AN21: =IF(U21>=W21,"Вірно","Помилка") -> Вірно | AO21: =IF(U21>=X21,"Вірно","Помилка") -> Вірно | AP21: =IF(U21>=Y21,"Вірно","Помилка") -> Вірно | AQ21: =IF(U21>=Z21,"Вірно","Помилка") -> Вірно | AR21: =IF(F21>=I21+K21,"Вірно","Помилка") -> Вірно | AS21: =IF(F21>=J21+K21,"Вірно","Помилка") -> Вірно | AT21: =IF(Q21>=R21+S21+T21,"Вірно","Помилка") -> Вірно | AU21: =IF(U21>=X21+Z21,"Вірно","Помилка") -> Вірно | AV21: =IF(U21>=Y21+Z21,"Вірно","Помилка") -> Вірно
A22: f_11.[0:1]_fnt | B22: фентаніл та його похідні | C22: 2.2.7 | D22: F11.0,1 (частина) | AB22: =IF(E22>=F22,"Вірно","Помилка") -> Вірно | AC22: =IF(F22>=G22,"Вірно","Помилка") -> Вірно | AD22: =IF(F22>=H22,"Вірно","Помилка") -> Вірно | AE22: =IF(F22>=I22,"Вірно","Помилка") -> Вірно | AF22: =IF(F22>=J22,"Вірно","Помилка") -> Вірно | AG22: =IF(F22>=K22,"Вірно","Помилка") -> Вірно | AH22: =IF(E22>=L22,"Вірно","Помилка") -> Вірно | AI22: =IF(E22>=M22,"Вірно","Помилка") -> Вірно | AJ22: =IF(E22>=N22,"Вірно","Помилка") -> Вірно | AK22: =IF(E22>=O22,"Вірно","Помилка") -> Вірно | AL22: =IF(E22>=P22,"Вірно","Помилка") -> Вірно | AM22: =IF(U22>=V22,"Вірно","Помилка") -> Вірно | AN22: =IF(U22>=W22,"Вірно","Помилка") -> Вірно | AO22: =IF(U22>=X22,"Вірно","Помилка") -> Вірно | AP22: =IF(U22>=Y22,"Вірно","Помилка") -> Вірно | AQ22: =IF(U22>=Z22,"Вірно","Помилка") -> Вірно | AR22: =IF(F22>=I22+K22,"Вірно","Помилка") -> Вірно | AS22: =IF(F22>=J22+K22,"Вірно","Помилка") -> Вірно | AT22: =IF(Q22>=R22+S22+T22,"Вірно","Помилка") -> Вірно | AU22: =IF(U22>=X22+Z22,"Вірно","Помилка") -> Вірно | AV22: =IF(U22>=Y22+Z22,"Вірно","Помилка") -> Вірно
A23: f_11.[0:1]_cdn | B23: кодеїн та кодеїновмісні препарати | C23: 2.2.8 | D23: F11.0,1 (частина) | AB23: =IF(E23>=F23,"Вірно","Помилка") -> Вірно | AC23: =IF(F23>=G23,"Вірно","Помилка") -> Вірно | AD23: =IF(F23>=H23,"Вірно","Помилка") -> Вірно | AE23: =IF(F23>=I23,"Вірно","Помилка") -> Вірно | AF23: =IF(F23>=J23,"Вірно","Помилка") -> Вірно | AG23: =IF(F23>=K23,"Вірно","Помилка") -> Вірно | AH23: =IF(E23>=L23,"Вірно","Помилка") -> Вірно | AI23: =IF(E23>=M23,"Вірно","Помилка") -> Вірно | AJ23: =IF(E23>=N23,"Вірно","Помилка") -> Вірно | AK23: =IF(E23>=O23,"Вірно","Помилка") -> Вірно | AL23: =IF(E23>=P23,"Вірно","Помилка") -> Вірно | AM23: =IF(U23>=V23,"Вірно","Помилка") -> Вірно | AN23: =IF(U23>=W23,"Вірно","Помилка") -> Вірно | AO23: =IF(U23>=X23,"Вірно","Помилка") -> Вірно | AP23: =IF(U23>=Y23,"Вірно","Помилка") -> Вірно | AQ23: =IF(U23>=Z23,"Вірно","Помилка") -> Вірно | AR23: =IF(F23>=I23+K23,"Вірно","Помилка") -> Вірно | AS23: =IF(F23>=J23+K23,"Вірно","Помилка") -> Вірно | AT23: =IF(Q23>=R23+S23+T23,"Вірно","Помилка") -> Вірно | AU23: =IF(U23>=X23+Z23,"Вірно","Помилка") -> Вірно | AV23: =IF(U23>=Y23+Z23,"Вірно","Помилка") -> Вірно
A24: f_11.[0:1]_trm | B24: трамадол | C24: 2.2.9 | D24: F11.0,1 (частина) | AB24: =IF(E24>=F24,"Вірно","Помилка") -> Вірно | AC24: =IF(F24>=G24,"Вірно","Помилка") -> Вірно | AD24: =IF(F24>=H24,"Вірно","Помилка") -> Вірно | AE24: =IF(F24>=I24,"Вірно","Помилка") -> Вірно | AF24: =IF(F24>=J24,"Вірно","Помилка") -> Вірно | AG24: =IF(F24>=K24,"Вірно","Помилка") -> Вірно | AH24: =IF(E24>=L24,"Вірно","Помилка") -> Вірно | AI24: =IF(E24>=M24,"Вірно","Помилка") -> Вірно | AJ24: =IF(E24>=N24,"Вірно","Помилка") -> Вірно | AK24: =IF(E24>=O24,"Вірно","Помилка") -> Вірно | AL24: =IF(E24>=P24,"Вірно","Помилка") -> Вірно | AM24: =IF(U24>=V24,"Вірно","Помилка") -> Вірно | AN24: =IF(U24>=W24,"Вірно","Помилка") -> Вірно | AO24: =IF(U24>=X24,"Вірно","Помилка") -> Вірно | AP24: =IF(U24>=Y24,"Вірно","Помилка") -> Вірно | AQ24: =IF(U24>=Z24,"Вірно","Помилка") -> Вірно | AR24: =IF(F24>=I24+K24,"Вірно","Помилка") -> Вірно | AS24: =IF(F24>=J24+K24,"Вірно","Помилка") -> Вірно | AT24: =IF(Q24>=R24+S24+T24,"Вірно","Помилка") -> Вірно | AU24: =IF(U24>=X24+Z24,"Вірно","Помилка") -> Вірно | AV24: =IF(U24>=Y24+Z24,"Вірно","Помилка") -> Вірно
A25: f_11.[0:1]_nlb | B25: налбуфін | C25: 2.2.10 | D25: F11.0,1 (частина) | AB25: =IF(E25>=F25,"Вірно","Помилка") -> Вірно | AC25: =IF(F25>=G25,"Вірно","Помилка") -> Вірно | AD25: =IF(F25>=H25,"Вірно","Помилка") -> Вірно | AE25: =IF(F25>=I25,"Вірно","Помилка") -> Вірно | AF25: =IF(F25>=J25,"Вірно","Помилка") -> Вірно | AG25: =IF(F25>=K25,"Вірно","Помилка") -> Вірно | AH25: =IF(E25>=L25,"Вірно","Помилка") -> Вірно | AI25: =IF(E25>=M25,"Вірно","Помилка") -> Вірно | AJ25: =IF(E25>=N25,"Вірно","Помилка") -> Вірно | AK25: =IF(E25>=O25,"Вірно","Помилка") -> Вірно | AL25: =IF(E25>=P25,"Вірно","Помилка") -> Вірно | AM25: =IF(U25>=V25,"Вірно","Помилка") -> Вірно | AN25: =IF(U25>=W25,"Вірно","Помилка") -> Вірно | AO25: =IF(U25>=X25,"Вірно","Помилка") -> Вірно | AP25: =IF(U25>=Y25,"Вірно","Помилка") -> Вірно | AQ25: =IF(U25>=Z25,"Вірно","Помилка") -> Вірно | AR25: =IF(F25>=I25+K25,"Вірно","Помилка") -> Вірно | AS25: =IF(F25>=J25+K25,"Вірно","Помилка") -> Вірно | AT25: =IF(Q25>=R25+S25+T25,"Вірно","Помилка") -> Вірно | AU25: =IF(U25>=X25+Z25,"Вірно","Помилка") -> Вірно | AV25: =IF(U25>=Y25+Z25,"Вірно","Помилка") -> Вірно
... A42: f_19.[0:1] | B42: поєднаних ПАР | C42: 2.9 | D42: F19.0,1 | AB42: =IF(E42>=F42,"Вірно","Помилка") -> Вірно | AC42: =IF(F42>=G42,"Вірно","Помилка") -> Вірно | AD42: =IF(F42>=H42,"Вірно","Помилка") -> Вірно | AE42: =IF(F42>=I42,"Вірно","Помилка") -> Вірно | AF42: =IF(F42>=J42,"Вірно","Помилка") -> Вірно | AG42: =IF(F42>=K42,"Вірно","Помилка") -> Вірно | AH42: =IF(E42>=L42,"Вірно","Помилка") -> Вірно | AI42: =IF(E42>=M42,"Вірно","Помилка") -> Вірно | AJ42: =IF(E42>=N42,"Вірно","Помилка") -> Вірно | AK42: =IF(E42>=O42,"Вірно","Помилка") -> Вірно | AL42: =IF(E42>=P42,"Вірно","Помилка") -> Вірно | AM42: =IF(U42>=V42,"Вірно","Помилка") -> Вірно | AN42: =IF(U42>=W42,"Вірно","Помилка") -> Вірно | AO42: =IF(U42>=X42,"Вірно","Помилка") -> Вірно | AP42: =IF(U42>=Y42,"Вірно","Помилка") -> Вірно | AQ42: =IF(U42>=Z42,"Вірно","Помилка") -> Вірно | AR42: =IF(F42>=I42+K42,"Вірно","Помилка") -> Вірно | AS42: =IF(F42>=J42+K42,"Вірно","Помилка") -> Вірно | AT42: =IF(Q42>=R42+S42+T42,"Вірно","Помилка") -> Вірно | AU42: =IF(U42>=X42+Z42,"Вірно","Помилка") -> Вірно | AV42: =IF(U42>=Y42+Z42,"Вірно","Помилка") -> Вірно
A43: f_1[0:9].[2:3] | B43: синдром залежності та стан відміни (абстинентний) | C43: 3.0 | D43: F1x.2,3 | E43: 2 | F43: 2 | G43: 2 | H43: 2 | J43: 2 | Q43: 2 | T43: 1 | U43: 6 | V43: 6 | W43: 5 | Y43: 2 | Z43: 1 | AB43: =IF(E43>=F43,"Вірно","Помилка") -> Вірно | AC43: =IF(F43>=G43,"Вірно","Помилка") -> Вірно | AD43: =IF(F43>=H43,"Вірно","Помилка") -> Вірно | AE43: =IF(F43>=I43,"Вірно","Помилка") -> Вірно | AF43: =IF(F43>=J43,"Вірно","Помилка") -> Вірно | AG43: =IF(F43>=K43,"Вірно","Помилка") -> Вірно | AH43: =IF(E43>=L43,"Вірно","Помилка") -> Вірно | AI43: =IF(E43>=M43,"Вірно","Помилка") -> Вірно | AJ43: =IF(E43>=N43,"Вірно","Помилка") -> Вірно | AK43: =IF(E43>=O43,"Вірно","Помилка") -> Вірно | AL43: =IF(E43>=P43,"Вірно","Помилка") -> Вірно | AM43: =IF(U43>=V43,"Вірно","Помилка") -> Вірно | AN43: =IF(U43>=W43,"Вірно","Помилка") -> Вірно | AO43: =IF(U43>=X43,"Вірно","Помилка") -> Вірно | AP43: =IF(U43>=Y43,"Вірно","Помилка") -> Вірно | AQ43: =IF(U43>=Z43,"Вірно","Помилка") -> Вірно | AR43: =IF(F43>=I43+K43,"Вірно","Помилка") -> Вірно | AS43: =IF(F43>=J43+K43,"Вірно","Помилка") -> Вірно | AT43: =IF(Q43>=R43+S43+T43,"Вірно","Помилка") -> Вірно | AU43: =IF(U43>=X43+Z43,"Вірно","Помилка") -> Вірно | AV43: =IF(U43>=Y43+Z43,"Вірно","Помилка") -> Вірно
B44: у тому числі внаслідок уживання:
A45: f_10.[2:3] | B45: алкоголю | C45: 3.1 | D45: F10.2,3 | AB45: =IF(E45>=F45,"Вірно","Помилка") -> Вірно | AC45: =IF(F45>=G45,"Вірно","Помилка") -> Вірно | AD45: =IF(F45>=H45,"Вірно","Помилка") -> Вірно | AE45: =IF(F45>=I45,"Вірно","Помилка") -> Вірно | AF45: =IF(F45>=J45,"Вірно","Помилка") -> Вірно | AG45: =IF(F45>=K45,"Вірно","Помилка") -> Вірно | AH45: =IF(E45>=L45,"Вірно","Помилка") -> Вірно | AI45: =IF(E45>=M45,"Вірно","Помилка") -> Вірно | AJ45: =IF(E45>=N45,"Вірно","Помилка") -> Вірно | AK45: =IF(E45>=O45,"Вірно","Помилка") -> Вірно | AL45: =IF(E45>=P45,"Вірно","Помилка") -> Вірно | AM45: =IF(U45>=V45,"Вірно","Помилка") -> Вірно | AN45: =IF(U45>=W45,"Вірно","Помилка") -> Вірно | AO45: =IF(U45>=X45,"Вірно","Помилка") -> Вірно | AP45: =IF(U45>=Y45,"Вірно","Помилка") -> Вірно | AQ45: =IF(U45>=Z45,"Вірно","Помилка") -> Вірно | AR45: =IF(F45>=I45+K45,"Вірно","Помилка") -> Вірно | AS45: =IF(F45>=J45+K45,"Вірно","Помилка") -> Вірно | AT45: =IF(Q45>=R45+S45+T45,"Вірно","Помилка") -> Вірно | AU45: =IF(U45>=X45+Z45,"Вірно","Помилка") -> Вірно | AV45: =IF(U45>=Y45+Z45,"Вірно","Помилка") -> Вірно
A46: f_11.[2:3] | B46: опіоїдів | C46: 3.2 | D46: F11.2,3 | E46: 1 | F46: 1 | G46: 1 | H46: 1 | J46: 1 | Q46: 2 | T46: 1 | U46: 1 | V46: 1 | W46: 1 | Y46: 1 | AB46: =IF(E46>=F46,"Вірно","Помилка") -> Вірно | AC46: =IF(F46>=G46,"Вірно","Помилка") -> Вірно | AD46: =IF(F46>=H46,"Вірно","Помилка") -> Вірно | AE46: =IF(F46>=I46,"Вірно","Помилка") -> Вірно | AF46: =IF(F46>=J46,"Вірно","Помилка") -> Вірно | AG46: =IF(F46>=K46,"Вірно","Помилка") -> Вірно | AH46: =IF(E46>=L46,"Вірно","Помилка") -> Вірно | AI46: =IF(E46>=M46,"Вірно","Помилка") -> Вірно | AJ46: =IF(E46>=N46,"Вірно","Помилка") -> Вірно | AK46: =IF(E46>=O46,"Вірно","Помилка") -> Вірно | AL46: =IF(E46>=P46,"Вірно","Помилка") -> Вірно | AM46: =IF(U46>=V46,"Вірно","Помилка") -> Вірно | AN46: =IF(U46>=W46,"Вірно","Помилка") -> Вірно | AO46: =IF(U46>=X46,"Вірно","Помилка") -> Вірно | AP46: =IF(U46>=Y46,"Вірно","Помилка") -> Вірно | AQ46: =IF(U46>=Z46,"Вірно","Помилка") -> Вірно | AR46: =IF(F46>=I46+K46,"Вірно","Помилка") -> Вірно | AS46: =IF(F46>=J46+K46,"Вірно","Помилка") -> Вірно | AT46: =IF(Q46>=R46+S46+T46,"Вірно","Помилка") -> Вірно | AU46: =IF(U46>=X46+Z46,"Вірно","Помилка") -> Вірно | AV46: =IF(U46>=Y46+Z46,"Вірно","Помилка") -> Вірно
A47: f_11.[2:3]_opm | B47: з них: опій | C47: 3.2.1 | D47: F11.2,3 (частина) | E47: 1 | F47: 1 | G47: 1 | H47: 1 | J47: 1 | Q47: 2 | T47: 1 | U47: 1 | V47: 1 | W47: 1 | Y47: 1 | AB47: =IF(E47>=F47,"Вірно","Помилка") -> Вірно | AC47: =IF(F47>=G47,"Вірно","Помилка") -> Вірно | AD47: =IF(F47>=H47,"Вірно","Помилка") -> Вірно | AE47: =IF(F47>=I47,"Вірно","Помилка") -> Вірно | AF47: =IF(F47>=J47,"Вірно","Помилка") -> Вірно | AG47: =IF(F47>=K47,"Вірно","Помилка") -> Вірно | AH47: =IF(E47>=L47,"Вірно","Помилка") -> Вірно | AI47: =IF(E47>=M47,"Вірно","Помилка") -> Вірно | AJ47: =IF(E47>=N47,"Вірно","Помилка") -> Вірно | AK47: =IF(E47>=O47,"Вірно","Помилка") -> Вірно | AL47: =IF(E47>=P47,"Вірно","Помилка") -> Вірно | AM47: =IF(U47>=V47,"Вірно","Помилка") -> Вірно | AN47: =IF(U47>=W47,"Вірно","Помилка") -> Вірно | AO47: =IF(U47>=X47,"Вірно","Помилка") -> Вірно | AP47: =IF(U47>=Y47,"Вірно","Помилка") -> Вірно | AQ47: =IF(U47>=Z47,"Вірно","Помилка") -> Вірно | AR47: =IF(F47>=I47+K47,"Вірно","Помилка") -> Вірно | AS47: =IF(F47>=J47+K47,"Вірно","Помилка") -> Вірно | AT47: =IF(Q47>=R47+S47+T47,"Вірно","Помилка") -> Вірно | AU47: =IF(U47>=X47+Z47,"Вірно","Помилка") -> Вірно | AV47: =IF(U47>=Y47+Z47,"Вірно","Помилка") -> Вірно
A48: f_11.[2:3]_opm_a | B48: опій ацетильований | C48: 3.2.2 | D48: F11.2,3 (частина) | AB48: =IF(E48>=F48,"Вірно","Помилка") -> Вірно | AC48: =IF(F48>=G48,"Вірно","Помилка") -> Вірно | AD48: =IF(F48>=H48,"Вірно","Помилка") -> Вірно | AE48: =IF(F48>=I48,"Вірно","Помилка") -> Вірно | AF48: =IF(F48>=J48,"Вірно","Помилка") -> Вірно | AG48: =IF(F48>=K48,"Вірно","Помилка") -> Вірно | AH48: =IF(E48>=L48,"Вірно","Помилка") -> Вірно | AI48: =IF(E48>=M48,"Вірно","Помилка") -> Вірно | AJ48: =IF(E48>=N48,"Вірно","Помилка") -> Вірно | AK48: =IF(E48>=O48,"Вірно","Помилка") -> Вірно | AL48: =IF(E48>=P48,"Вірно","Помилка") -> Вірно | AM48: =IF(U48>=V48,"Вірно","Помилка") -> Вірно | AN48: =IF(U48>=W48,"Вірно","Помилка") -> Вірно | AO48: =IF(U48>=X48,"Вірно","Помилка") -> Вірно | AP48: =IF(U48>=Y48,"Вірно","Помилка") -> Вірно | AQ48: =IF(U48>=Z48,"Вірно","Помилка") -> Вірно | AR48: =IF(F48>=I48+K48,"Вірно","Помилка") -> Вірно | AS48: =IF(F48>=J48+K48,"Вірно","Помилка") -> Вірно | AT48: =IF(Q48>=R48+S48+T48,"Вірно","Помилка") -> Вірно | AU48: =IF(U48>=X48+Z48,"Вірно","Помилка") -> Вірно | AV48: =IF(U48>=Y48+Z48,"Вірно","Помилка") -> Вірно
A49: f_11.[2:3]_hrn | B49: героїн | C49: 3.2.3 | D49: F11.2,3 (частина) | AB49: =IF(E49>=F49,"Вірно","Помилка") -> Вірно | AC49: =IF(F49>=G49,"Вірно","Помилка") -> Вірно | AD49: =IF(F49>=H49,"Вірно","Помилка") -> Вірно | AE49: =IF(F49>=I49,"Вірно","Помилка") -> Вірно | AF49: =IF(F49>=J49,"Вірно","Помилка") -> Вірно | AG49: =IF(F49>=K49,"Вірно","Помилка") -> Вірно | AH49: =IF(E49>=L49,"Вірно","Помилка") -> Вірно | AI49: =IF(E49>=M49,"Вірно","Помилка") -> Вірно | AJ49: =IF(E49>=N49,"Вірно","Помилка") -> Вірно | AK49: =IF(E49>=O49,"Вірно","Помилка") -> Вірно | AL49: =IF(E49>=P49,"Вірно","Помилка") -> Вірно | AM49: =IF(U49>=V49,"Вірно","Помилка") -> Вірно | AN49: =IF(U49>=W49,"Вірно","Помилка") -> Вірно | AO49: =IF(U49>=X49,"Вірно","Помилка") -> Вірно | AP49: =IF(U49>=Y49,"Вірно","Помилка") -> Вірно | AQ49: =IF(U49>=Z49,"Вірно","Помилка") -> Вірно | AR49: =IF(F49>=I49+K49,"Вірно","Помилка") -> Вірно | AS49: =IF(F49>=J49+K49,"Вірно","Помилка") -> Вірно | AT49: =IF(Q49>=R49+S49+T49,"Вірно","Помилка") -> Вірно | AU49: =IF(U49>=X49+Z49,"Вірно","Помилка") -> Вірно | AV49: =IF(U49>=Y49+Z49,"Вірно","Помилка") -> Вірно
A50: f_11.[2:3]_mtd | B50: метадон | C50: 3.2.4 | D50: F11.2,3 (частина) | AB50: =IF(E50>=F50,"Вірно","Помилка") -> Вірно | AC50: =IF(F50>=G50,"Вірно","Помилка") -> Вірно | AD50: =IF(F50>=H50,"Вірно","Помилка") -> Вірно | AE50: =IF(F50>=I50,"Вірно","Помилка") -> Вірно | AF50: =IF(F50>=J50,"Вірно","Помилка") -> Вірно | AG50: =IF(F50>=K50,"Вірно","Помилка") -> Вірно | AH50: =IF(E50>=L50,"Вірно","Помилка") -> Вірно | AI50: =IF(E50>=M50,"Вірно","Помилка") -> Вірно | AJ50: =IF(E50>=N50,"Вірно","Помилка") -> Вірно | AK50: =IF(E50>=O50,"Вірно","Помилка") -> Вірно | AL50: =IF(E50>=P50,"Вірно","Помилка") -> Вірно | AM50: =IF(U50>=V50,"Вірно","Помилка") -> Вірно | AN50: =IF(U50>=W50,"Вірно","Помилка") -> Вірно | AO50: =IF(U50>=X50,"Вірно","Помилка") -> Вірно | AP50: =IF(U50>=Y50,"Вірно","Помилка") -> Вірно | AQ50: =IF(U50>=Z50,"Вірно","Помилка") -> Вірно | AR50: =IF(F50>=I50+K50,"Вірно","Помилка") -> Вірно | AS50: =IF(F50>=J50+K50,"Вірно","Помилка") -> Вірно | AT50: =IF(Q50>=R50+S50+T50,"Вірно","Помилка") -> Вірно | AU50: =IF(U50>=X50+Z50,"Вірно","Помилка") -> Вірно | AV50: =IF(U50>=Y50+Z50,"Вірно","Помилка") -> Вірно
A51: f_11.[2:3]_bpr | B51: бупренорфін | C51: 3.2.5 | D51: F11.2,3 (частина) | AB51: =IF(E51>=F51,"Вірно","Помилка") -> Вірно | AC51: =IF(F51>=G51,"Вірно","Помилка") -> Вірно | AD51: =IF(F51>=H51,"Вірно","Помилка") -> Вірно | AE51: =IF(F51>=I51,"Вірно","Помилка") -> Вірно | AF51: =IF(F51>=J51,"Вірно","Помилка") -> Вірно | AG51: =IF(F51>=K51,"Вірно","Помилка") -> Вірно | AH51: =IF(E51>=L51,"Вірно","Помилка") -> Вірно | AI51: =IF(E51>=M51,"Вірно","Помилка") -> Вірно | AJ51: =IF(E51>=N51,"Вірно","Помилка") -> Вірно | AK51: =IF(E51>=O51,"Вірно","Помилка") -> Вірно | AL51: =IF(E51>=P51,"Вірно","Помилка") -> Вірно | AM51: =IF(U51>=V51,"Вірно","Помилка") -> Вірно | AN51: =IF(U51>=W51,"Вірно","Помилка") -> Вірно | AO51: =IF(U51>=X51,"Вірно","Помилка") -> Вірно | AP51: =IF(U51>=Y51,"Вірно","Помилка") -> Вірно | AQ51: =IF(U51>=Z51,"Вірно","Помилка") -> Вірно | AR51: =IF(F51>=I51+K51,"Вірно","Помилка") -> Вірно | AS51: =IF(F51>=J51+K51,"Вірно","Помилка") -> Вірно | AT51: =IF(Q51>=R51+S51+T51,"Вірно","Помилка") -> Вірно | AU51: =IF(U51>=X51+Z51,"Вірно","Помилка") -> Вірно | AV51: =IF(U51>=Y51+Z51,"Вірно","Помилка") -> Вірно
A52: f_11.[2:3]_mrf | B52: морфін | C52: 3.2.6 | D52: F11.2,3 (частина) | AB52: =IF(E52>=F52,"Вірно","Помилка") -> Вірно | AC52: =IF(F52>=G52,"Вірно","Помилка") -> Вірно | AD52: =IF(F52>=H52,"Вірно","Помилка") -> Вірно | AE52: =IF(F52>=I52,"Вірно","Помилка") -> Вірно | AF52: =IF(F52>=J52,"Вірно","Помилка") -> Вірно | AG52: =IF(F52>=K52,"Вірно","Помилка") -> Вірно | AH52: =IF(E52>=L52,"Вірно","Помилка") -> Вірно | AI52: =IF(E52>=M52,"Вірно","Помилка") -> Вірно | AJ52: =IF(E52>=N52,"Вірно","Помилка") -> Вірно | AK52: =IF(E52>=O52,"Вірно","Помилка") -> Вірно | AL52: =IF(E52>=P52,"Вірно","Помилка") -> Вірно | AM52: =IF(U52>=V52,"Вірно","Помилка") -> Вірно | AN52: =IF(U52>=W52,"Вірно","Помилка") -> Вірно | AO52: =IF(U52>=X52,"Вірно","Помилка") -> Вірно | AP52: =IF(U52>=Y52,"Вірно","Помилка") -> Вірно | AQ52: =IF(U52>=Z52,"Вірно","Помилка") -> Вірно | AR52: =IF(F52>=I52+K52,"Вірно","Помилка") -> Вірно | AS52: =IF(F52>=J52+K52,"Вірно","Помилка") -> Вірно | AT52: =IF(Q52>=R52+S52+T52,"Вірно","Помилка") -> Вірно | AU52: =IF(U52>=X52+Z52,"Вірно","Помилка") -> Вірно | AV52: =IF(U52>=Y52+Z52,"Вірно","Помилка") -> Вірно
A53: f_11.[2:3]_fnt | B53: фентаніл та його похідні | C53: 3.2.7 | D53: F11.2,3 (частина) | AB53: =IF(E53>=F53,"Вірно","Помилка") -> Вірно | AC53: =IF(F53>=G53,"Вірно","Помилка") -> Вірно | AD53: =IF(F53>=H53,"Вірно","Помилка") -> Вірно | AE53: =IF(F53>=I53,"Вірно","Помилка") -> Вірно | AF53: =IF(F53>=J53,"Вірно","Помилка") -> Вірно | AG53: =IF(F53>=K53,"Вірно","Помилка") -> Вірно | AH53: =IF(E53>=L53,"Вірно","Помилка") -> Вірно | AI53: =IF(E53>=M53,"Вірно","Помилка") -> Вірно | AJ53: =IF(E53>=N53,"Вірно","Помилка") -> Вірно | AK53: =IF(E53>=O53,"Вірно","Помилка") -> Вірно | AL53: =IF(E53>=P53,"Вірно","Помилка") -> Вірно | AM53: =IF(U53>=V53,"Вірно","Помилка") -> Вірно | AN53: =IF(U53>=W53,"Вірно","Помилка") -> Вірно | AO53: =IF(U53>=X53,"Вірно","Помилка") -> Вірно | AP53: =IF(U53>=Y53,"Вірно","Помилка") -> Вірно | AQ53: =IF(U53>=Z53,"Вірно","Помилка") -> Вірно | AR53: =IF(F53>=I53+K53,"Вірно","Помилка") -> Вірно | AS53: =IF(F53>=J53+K53,"Вірно","Помилка") -> Вірно | AT53: =IF(Q53>=R53+S53+T53,"Вірно","Помилка") -> Вірно | AU53: =IF(U53>=X53+Z53,"Вірно","Помилка") -> Вірно | AV53: =IF(U53>=Y53+Z53,"Вірно","Помилка") -> Вірно
A54: f_11.[2:3]_cdn | B54: кодеїн та кодеїновмісні препарати | C54: 3.2.8 | D54: F11.2,3 (частина) | AB54: =IF(E54>=F54,"Вірно","Помилка") -> Вірно | AC54: =IF(F54>=G54,"Вірно","Помилка") -> Вірно | AD54: =IF(F54>=H54,"Вірно","Помилка") -> Вірно | AE54: =IF(F54>=I54,"Вірно","Помилка") -> Вірно | AF54: =IF(F54>=J54,"Вірно","Помилка") -> Вірно | AG54: =IF(F54>=K54,"Вірно","Помилка") -> Вірно | AH54: =IF(E54>=L54,"Вірно","Помилка") -> Вірно | AI54: =IF(E54>=M54,"Вірно","Помилка") -> Вірно | AJ54: =IF(E54>=N54,"Вірно","Помилка") -> Вірно | AK54: =IF(E54>=O54,"Вірно","Помилка") -> Вірно | AL54: =IF(E54>=P54,"Вірно","Помилка") -> Вірно | AM54: =IF(U54>=V54,"Вірно","Помилка") -> Вірно | AN54: =IF(U54>=W54,"Вірно","Помилка") -> Вірно | AO54: =IF(U54>=X54,"Вірно","Помилка") -> Вірно | AP54: =IF(U54>=Y54,"Вірно","Помилка") -> Вірно | AQ54: =IF(U54>=Z54,"Вірно","Помилка") -> Вірно | AR54: =IF(F54>=I54+K54,"Вірно","Помилка") -> Вірно | AS54: =IF(F54>=J54+K54,"Вірно","Помилка") -> Вірно | AT54: =IF(Q54>=R54+S54+T54,"Вірно","Помилка") -> Вірно | AU54: =IF(U54>=X54+Z54,"Вірно","Помилка") -> Вірно | AV54: =IF(U54>=Y54+Z54,"Вірно","Помилка") -> Вірно
A55: f_11.[2:3]_trm | B55: трамадол | C55: 3.2.9 | D55: F11.2,3 (частина) | AB55: =IF(E55>=F55,"Вірно","Помилка") -> Вірно | AC55: =IF(F55>=G55,"Вірно","Помилка") -> Вірно | AD55: =IF(F55>=H55,"Вірно","Помилка") -> Вірно | AE55: =IF(F55>=I55,"Вірно","Помилка") -> Вірно | AF55: =IF(F55>=J55,"Вірно","Помилка") -> Вірно | AG55: =IF(F55>=K55,"Вірно","Помилка") -> Вірно | AH55: =IF(E55>=L55,"Вірно","Помилка") -> Вірно | AI55: =IF(E55>=M55,"Вірно","Помилка") -> Вірно | AJ55: =IF(E55>=N55,"Вірно","Помилка") -> Вірно | AK55: =IF(E55>=O55,"Вірно","Помилка") -> Вірно | AL55: =IF(E55>=P55,"Вірно","Помилка") -> Вірно | AM55: =IF(U55>=V55,"Вірно","Помилка") -> Вірно | AN55: =IF(U55>=W55,"Вірно","Помилка") -> Вірно | AO55: =IF(U55>=X55,"Вірно","Помилка") -> Вірно | AP55: =IF(U55>=Y55,"Вірно","Помилка") -> Вірно | AQ55: =IF(U55>=Z55,"Вірно","Помилка") -> Вірно | AR55: =IF(F55>=I55+K55,"Вірно","Помилка") -> Вірно | AS55: =IF(F55>=J55+K55,"Вірно","Помилка") -> Вірно | AT55: =IF(Q55>=R55+S55+T55,"Вірно","Помилка") -> Вірно | AU55: =IF(U55>=X55+Z55,"Вірно","Помилка") -> Вірно | AV55: =IF(U55>=Y55+Z55,"Вірно","Помилка") -> Вірно
A56: f_11.[2:3]_nlb | B56: налбуфін | C56: 3.2.10 | D56: F11.2,3 (частина) | AB56: =IF(E56>=F56,"Вірно","Помилка") -> Вірно | AC56: =IF(F56>=G56,"Вірно","Помилка") -> Вірно | AD56: =IF(F56>=H56,"Вірно","Помилка") -> Вірно | AE56: =IF(F56>=I56,"Вірно","Помилка") -> Вірно | AF56: =IF(F56>=J56,"Вірно","Помилка") -> Вірно | AG56: =IF(F56>=K56,"Вірно","Помилка") -> Вірно | AH56: =IF(E56>=L56,"Вірно","Помилка") -> Вірно | AI56: =IF(E56>=M56,"Вірно","Помилка") -> Вірно | AJ56: =IF(E56>=N56,"Вірно","Помилка") -> Вірно | AK56: =IF(E56>=O56,"Вірно","Помилка") -> Вірно | AL56: =IF(E56>=P56,"Вірно","Помилка") -> Вірно | AM56: =IF(U56>=V56,"Вірно","Помилка") -> Вірно | AN56: =IF(U56>=W56,"Вірно","Помилка") -> Вірно | AO56: =IF(U56>=X56,"Вірно","Помилка") -> Вірно | AP56: =IF(U56>=Y56,"Вірно","Помилка") -> Вірно | AQ56: =IF(U56>=Z56,"Вірно","Помилка") -> Вірно | AR56: =IF(F56>=I56+K56,"Вірно","Помилка") -> Вірно | AS56: =IF(F56>=J56+K56,"Вірно","Помилка") -> Вірно | AT56: =IF(Q56>=R56+S56+T56,"Вірно","Помилка") -> Вірно | AU56: =IF(U56>=X56+Z56,"Вірно","Помилка") -> Вірно | AV56: =IF(U56>=Y56+Z56,"Вірно","Помилка") -> Вірно
A57: f_11.[2:3]_opd_othr_s | B57: інші синтетичні опіоїди | C57: 3.2.11 | D57: F11.2,3 (частина) | AB57: =IF(E57>=F57,"Вірно","Помилка") -> Вірно | AC57: =IF(F57>=G57,"Вірно","Помилка") -> Вірно | AD57: =IF(F57>=H57,"Вірно","Помилка") -> Вірно | AE57: =IF(F57>=I57,"Вірно","Помилка") -> Вірно | AF57: =IF(F57>=J57,"Вірно","Помилка") -> Вірно | AG57: =IF(F57>=K57,"Вірно","Помилка") -> Вірно | AH57: =IF(E57>=L57,"Вірно","Помилка") -> Вірно | AI57: =IF(E57>=M57,"Вірно","Помилка") -> Вірно | AJ57: =IF(E57>=N57,"Вірно","Помилка") -> Вірно | AK57: =IF(E57>=O57,"Вірно","Помилка") -> Вірно | AL57: =IF(E57>=P57,"Вірно","Помилка") -> Вірно | AM57: =IF(U57>=V57,"Вірно","Помилка") -> Вірно | AN57: =IF(U57>=W57,"Вірно","Помилка") -> Вірно | AO57: =IF(U57>=X57,"Вірно","Помилка") -> Вірно | AP57: =IF(U57>=Y57,"Вірно","Помилка") -> Вірно | AQ57: =IF(U57>=Z57,"Вірно","Помилка") -> Вірно | AR57: =IF(F57>=I57+K57,"Вірно","Помилка") -> Вірно | AS57: =IF(F57>=J57+K57,"Вірно","Помилка") -> Вірно | AT57: =IF(Q57>=R57+S57+T57,"Вірно","Помилка") -> Вірно | AU57: =IF(U57>=X57+Z57,"Вірно","Помилка") -> Вірно | AV57: =IF(U57>=Y57+Z57,"Вірно","Помилка") -> Вірно
A58: f_12.[2:3] | B58: канабіноїдів | C58: 3.3 | D58: F12.2,3 | AB58: =IF(E58>=F58,"Вірно","Помилка") -> Вірно | AC58: =IF(F58>=G58,"Вірно","Помилка") -> Вірно | AD58: =IF(F58>=H58,"Вірно","Помилка") -> Вірно | AE58: =IF(F58>=I58,"Вірно","Помилка") -> Вірно | AF58: =IF(F58>=J58,"Вірно","Помилка") -> Вірно | AG58: =IF(F58>=K58,"Вірно","Помилка") -> Вірно | AH58: =IF(E58>=L58,"Вірно","Помилка") -> Вірно | AI58: =IF(E58>=M58,"Вірно","Помилка") -> Вірно | AJ58: =IF(E58>=N58,"Вірно","Помилка") -> Вірно | AK58: =IF(E58>=O58,"Вірно","Помилка") -> Вірно | AL58: =IF(E58>=P58,"Вірно","Помилка") -> Вірно | AM58: =IF(U58>=V58,"Вірно","Помилка") -> Вірно | AN58: =IF(U58>=W58,"Вірно","Помилка") -> Вірно | AO58: =IF(U58>=X58,"Вірно","Помилка") -> Вірно | AP58: =IF(U58>=Y58,"Вірно","Помилка") -> Вірно | AQ58: =IF(U58>=Z58,"Вірно","Помилка") -> Вірно | AR58: =IF(F58>=I58+K58,"Вірно","Помилка") -> Вірно | AS58: =IF(F58>=J58+K58,"Вірно","Помилка") -> Вірно | AT58: =IF(Q58>=R58+S58+T58,"Вірно","Помилка") -> Вірно | AU58: =IF(U58>=X58+Z58,"Вірно","Помилка") -> Вірно | AV58: =IF(U58>=Y58+Z58,"Вірно","Помилка") -> Вірно
A59: f_13.[2:3] | B59: седативних чи снодійних засобів | C59: 3.4 | D59: F13.2,3 | AB59: =IF(E59>=F59,"Вірно","Помилка") -> Вірно | AC59: =IF(F59>=G59,"Вірно","Помилка") -> Вірно | AD59: =IF(F59>=H59,"Вірно","Помилка") -> Вірно | AE59: =IF(F59>=I59,"Вірно","Помилка") -> Вірно | AF59: =IF(F59>=J59,"Вірно","Помилка") -> Вірно | AG59: =IF(F59>=K59,"Вірно","Помилка") -> Вірно | AH59: =IF(E59>=L59,"Вірно","Помилка") -> Вірно | AI59: =IF(E59>=M59,"Вірно","Помилка") -> Вірно | AJ59: =IF(E59>=N59,"Вірно","Помилка") -> Вірно | AK59: =IF(E59>=O59,"Вірно","Помилка") -> Вірно | AL59: =IF(E59>=P59,"Вірно","Помилка") -> Вірно | AM59: =IF(U59>=V59,"Вірно","Помилка") -> Вірно | AN59: =IF(U59>=W59,"Вірно","Помилка") -> Вірно | AO59: =IF(U59>=X59,"Вірно","Помилка") -> Вірно | AP59: =IF(U59>=Y59,"Вірно","Помилка") -> Вірно | AQ59: =IF(U59>=Z59,"Вірно","Помилка") -> Вірно | AR59: =IF(F59>=I59+K59,"Вірно","Помилка") -> Вірно | AS59: =IF(F59>=J59+K59,"Вірно","Помилка") -> Вірно | AT59: =IF(Q59>=R59+S59+T59,"Вірно","Помилка") -> Вірно | AU59: =IF(U59>=X59+Z59,"Вірно","Помилка") -> Вірно | AV59: =IF(U59>=Y59+Z59,"Вірно","Помилка") -> Вірно
... A72: f_18.[2:3] | B72: летких розчинників | C72: 3.8 | D72: F18.2,3 | AB72: =IF(E72>=F72,"Вірно","Помилка") -> Вірно | AC72: =IF(F72>=G72,"Вірно","Помилка") -> Вірно | AD72: =IF(F72>=H72,"Вірно","Помилка") -> Вірно | AE72: =IF(F72>=I72,"Вірно","Помилка") -> Вірно | AF72: =IF(F72>=J72,"Вірно","Помилка") -> Вірно | AG72: =IF(F72>=K72,"Вірно","Помилка") -> Вірно | AH72: =IF(E72>=L72,"Вірно","Помилка") -> Вірно | AI72: =IF(E72>=M72,"Вірно","Помилка") -> Вірно | AJ72: =IF(E72>=N72,"Вірно","Помилка") -> Вірно | AK72: =IF(E72>=O72,"Вірно","Помилка") -> Вірно | AL72: =IF(E72>=P72,"Вірно","Помилка") -> Вірно | AM72: =IF(U72>=V72,"Вірно","Помилка") -> Вірно | AN72: =IF(U72>=W72,"Вірно","Помилка") -> Вірно | AO72: =IF(U72>=X72,"Вірно","Помилка") -> Вірно | AP72: =IF(U72>=Y72,"Вірно","Помилка") -> Вірно | AQ72: =IF(U72>=Z72,"Вірно","Помилка") -> Вірно | AR72: =IF(F72>=I72+K72,"Вірно","Помилка") -> Вірно | AS72: =IF(F72>=J72+K72,"Вірно","Помилка") -> Вірно | AT72: =IF(Q72>=R72+S72+T72,"Вірно","Помилка") -> Вірно | AU72: =IF(U72>=X72+Z72,"Вірно","Помилка") -> Вірно | AV72: =IF(U72>=Y72+Z72,"Вірно","Помилка") -> Вірно
A73: f_19.[2:3] | B73: поєднаних ПАР | C73: 3.9 | D73: F19.2,3 | E73: 1 | F73: 1 | G73: 1 | H73: 1 | J73: 1 | U73: 5 | V73: 5 | W73: 4 | Y73: 1 | Z73: 1 | AB73: =IF(E73>=F73,"Вірно","Помилка") -> Вірно | AC73: =IF(F73>=G73,"Вірно","Помилка") -> Вірно | AD73: =IF(F73>=H73,"Вірно","Помилка") -> Вірно | AE73: =IF(F73>=I73,"Вірно","Помилка") -> Вірно | AF73: =IF(F73>=J73,"Вірно","Помилка") -> Вірно | AG73: =IF(F73>=K73,"Вірно","Помилка") -> Вірно | AH73: =IF(E73>=L73,"Вірно","Помилка") -> Вірно | AI73: =IF(E73>=M73,"Вірно","Помилка") -> Вірно | AJ73: =IF(E73>=N73,"Вірно","Помилка") -> Вірно | AK73: =IF(E73>=O73,"Вірно","Помилка") -> Вірно | AL73: =IF(E73>=P73,"Вірно","Помилка") -> Вірно | AM73: =IF(U73>=V73,"Вірно","Помилка") -> Вірно | AN73: =IF(U73>=W73,"Вірно","Помилка") -> Вірно | AO73: =IF(U73>=X73,"Вірно","Помилка") -> Вірно | AP73: =IF(U73>=Y73,"Вірно","Помилка") -> Вірно | AQ73: =IF(U73>=Z73,"Вірно","Помилка") -> Вірно | AR73: =IF(F73>=I73+K73,"Вірно","Помилка") -> Вірно | AS73: =IF(F73>=J73+K73,"Вірно","Помилка") -> Вірно | AT73: =IF(Q73>=R73+S73+T73,"Вірно","Помилка") -> Вірно | AU73: =IF(U73>=X73+Z73,"Вірно","Помилка") -> Вірно | AV73: =IF(U73>=Y73+Z73,"Вірно","Помилка") -> Вірно
A74: f_1[0:9].[4:5] | B74: стан відміни з делірієм та психотичні розлади | C74: 4.0 | D74: F1x.4,5 | AB74: =IF(E74>=F74,"Вірно","Помилка") -> Вірно | AC74: =IF(F74>=G74,"Вірно","Помилка") -> Вірно | AD74: =IF(F74>=H74,"Вірно","Помилка") -> Вірно | AE74: =IF(F74>=I74,"Вірно","Помилка") -> Вірно | AF74: =IF(F74>=J74,"Вірно","Помилка") -> Вірно | AG74: =IF(F74>=K74,"Вірно","Помилка") -> Вірно | AH74: =IF(E74>=L74,"Вірно","Помилка") -> Вірно | AI74: =IF(E74>=M74,"Вірно","Помилка") -> Вірно | AJ74: =IF(E74>=N74,"Вірно","Помилка") -> Вірно | AK74: =IF(E74>=O74,"Вірно","Помилка") -> Вірно | AL74: =IF(E74>=P74,"Вірно","Помилка") -> Вірно | AM74: =IF(U74>=V74,"Вірно","Помилка") -> Вірно | AN74: =IF(U74>=W74,"Вірно","Помилка") -> Вірно | AO74: =IF(U74>=X74,"Вірно","Помилка") -> Вірно | AP74: =IF(U74>=Y74,"Вірно","Помилка") -> Вірно | AQ74: =IF(U74>=Z74,"Вірно","Помилка") -> Вірно | AR74: =IF(F74>=I74+K74,"Вірно","Помилка") -> Вірно | AS74: =IF(F74>=J74+K74,"Вірно","Помилка") -> Вірно | AT74: =IF(Q74>=R74+S74+T74,"Вірно","Помилка") -> Вірно | AU74: =IF(U74>=X74+Z74,"Вірно","Помилка") -> Вірно | AV74: =IF(U74>=Y74+Z74,"Вірно","Помилка") -> Вірно
B75: у тому числі внаслідок уживання:
A76: f_10.[4:5] | B76: алкоголю | C76: 4.1 | D76: F10.4,5 | AB76: =IF(E76>=F76,"Вірно","Помилка") -> Вірно | AC76: =IF(F76>=G76,"Вірно","Помилка") -> Вірно | AD76: =IF(F76>=H76,"Вірно","Помилка") -> Вірно | AE76: =IF(F76>=I76,"Вірно","Помилка") -> Вірно | AF76: =IF(F76>=J76,"Вірно","Помилка") -> Вірно | AG76: =IF(F76>=K76,"Вірно","Помилка") -> Вірно | AH76: =IF(E76>=L76,"Вірно","Помилка") -> Вірно | AI76: =IF(E76>=M76,"Вірно","Помилка") -> Вірно | AJ76: =IF(E76>=N76,"Вірно","Помилка") -> Вірно | AK76: =IF(E76>=O76,"Вірно","Помилка") -> Вірно | AL76: =IF(E76>=P76,"Вірно","Помилка") -> Вірно | AM76: =IF(U76>=V76,"Вірно","Помилка") -> Вірно | AN76: =IF(U76>=W76,"Вірно","Помилка") -> Вірно | AO76: =IF(U76>=X76,"Вірно","Помилка") -> Вірно | AP76: =IF(U76>=Y76,"Вірно","Помилка") -> Вірно | AQ76: =IF(U76>=Z76,"Вірно","Помилка") -> Вірно | AR76: =IF(F76>=I76+K76,"Вірно","Помилка") -> Вірно | AS76: =IF(F76>=J76+K76,"Вірно","Помилка") -> Вірно | AT76: =IF(Q76>=R76+S76+T76,"Вірно","Помилка") -> Вірно | AU76: =IF(U76>=X76+Z76,"Вірно","Помилка") -> Вірно | AV76: =IF(U76>=Y76+Z76,"Вірно","Помилка") -> Вірно
A77: f_11.[4:5] | B77: опіоїдів | C77: 4.2 | D77: F11.4,5 | AB77: =IF(E77>=F77,"Вірно","Помилка") -> Вірно | AC77: =IF(F77>=G77,"Вірно","Помилка") -> Вірно | AD77: =IF(F77>=H77,"Вірно","Помилка") -> Вірно | AE77: =IF(F77>=I77,"Вірно","Помилка") -> Вірно | AF77: =IF(F77>=J77,"Вірно","Помилка") -> Вірно | AG77: =IF(F77>=K77,"Вірно","Помилка") -> Вірно | AH77: =IF(E77>=L77,"Вірно","Помилка") -> Вірно | AI77: =IF(E77>=M77,"Вірно","Помилка") -> Вірно | AJ77: =IF(E77>=N77,"Вірно","Помилка") -> Вірно | AK77: =IF(E77>=O77,"Вірно","Помилка") -> Вірно | AL77: =IF(E77>=P77,"Вірно","Помилка") -> Вірно | AM77: =IF(U77>=V77,"Вірно","Помилка") -> Вірно | AN77: =IF(U77>=W77,"Вірно","Помилка") -> Вірно | AO77: =IF(U77>=X77,"Вірно","Помилка") -> Вірно | AP77: =IF(U77>=Y77,"Вірно","Помилка") -> Вірно | AQ77: =IF(U77>=Z77,"Вірно","Помилка") -> Вірно | AR77: =IF(F77>=I77+K77,"Вірно","Помилка") -> Вірно | AS77: =IF(F77>=J77+K77,"Вірно","Помилка") -> Вірно | AT77: =IF(Q77>=R77+S77+T77,"Вірно","Помилка") -> Вірно | AU77: =IF(U77>=X77+Z77,"Вірно","Помилка") -> Вірно | AV77: =IF(U77>=Y77+Z77,"Вірно","Помилка") -> Вірно
A78: f_11.[4:5]_opm | B78: з них: опій | C78: 4.2.1 | D78: F11.4,5 (частина) | AB78: =IF(E78>=F78,"Вірно","Помилка") -> Вірно | AC78: =IF(F78>=G78,"Вірно","Помилка") -> Вірно | AD78: =IF(F78>=H78,"Вірно","Помилка") -> Вірно | AE78: =IF(F78>=I78,"Вірно","Помилка") -> Вірно | AF78: =IF(F78>=J78,"Вірно","Помилка") -> Вірно | AG78: =IF(F78>=K78,"Вірно","Помилка") -> Вірно | AH78: =IF(E78>=L78,"Вірно","Помилка") -> Вірно | AI78: =IF(E78>=M78,"Вірно","Помилка") -> Вірно | AJ78: =IF(E78>=N78,"Вірно","Помилка") -> Вірно | AK78: =IF(E78>=O78,"Вірно","Помилка") -> Вірно | AL78: =IF(E78>=P78,"Вірно","Помилка") -> Вірно | AM78: =IF(U78>=V78,"Вірно","Помилка") -> Вірно | AN78: =IF(U78>=W78,"Вірно","Помилка") -> Вірно | AO78: =IF(U78>=X78,"Вірно","Помилка") -> Вірно | AP78: =IF(U78>=Y78,"Вірно","Помилка") -> Вірно | AQ78: =IF(U78>=Z78,"Вірно","Помилка") -> Вірно | AR78: =IF(F78>=I78+K78,"Вірно","Помилка") -> Вірно | AS78: =IF(F78>=J78+K78,"Вірно","Помилка") -> Вірно | AT78: =IF(Q78>=R78+S78+T78,"Вірно","Помилка") -> Вірно | AU78: =IF(U78>=X78+Z78,"Вірно","Помилка") -> Вірно | AV78: =IF(U78>=Y78+Z78,"Вірно","Помилка") -> Вірно
A79: f_11.[4:5]_opm_a | B79: опій ацетильований | C79: 4.2.2 | D79: F11.4,5 (частина) | AB79: =IF(E79>=F79,"Вірно","Помилка") -> Вірно | AC79: =IF(F79>=G79,"Вірно","Помилка") -> Вірно | AD79: =IF(F79>=H79,"Вірно","Помилка") -> Вірно | AE79: =IF(F79>=I79,"Вірно","Помилка") -> Вірно | AF79: =IF(F79>=J79,"Вірно","Помилка") -> Вірно | AG79: =IF(F79>=K79,"Вірно","Помилка") -> Вірно | AH79: =IF(E79>=L79,"Вірно","Помилка") -> Вірно | AI79: =IF(E79>=M79,"Вірно","Помилка") -> Вірно | AJ79: =IF(E79>=N79,"Вірно","Помилка") -> Вірно | AK79: =IF(E79>=O79,"Вірно","Помилка") -> Вірно | AL79: =IF(E79>=P79,"Вірно","Помилка") -> Вірно | AM79: =IF(U79>=V79,"Вірно","Помилка") -> Вірно | AN79: =IF(U79>=W79,"Вірно","Помилка") -> Вірно | AO79: =IF(U79>=X79,"Вірно","Помилка") -> Вірно | AP79: =IF(U79>=Y79,"Вірно","Помилка") -> Вірно | AQ79: =IF(U79>=Z79,"Вірно","Помилка") -> Вірно | AR79: =IF(F79>=I79+K79,"Вірно","Помилка") -> Вірно | AS79: =IF(F79>=J79+K79,"Вірно","Помилка") -> Вірно | AT79: =IF(Q79>=R79+S79+T79,"Вірно","Помилка") -> Вірно | AU79: =IF(U79>=X79+Z79,"Вірно","Помилка") -> Вірно | AV79: =IF(U79>=Y79+Z79,"Вірно","Помилка") -> Вірно
A80: f_11.[4:5]_hrn | B80: героїн | C80: 4.2.3 | D80: F11.4,5 (частина) | AB80: =IF(E80>=F80,"Вірно","Помилка") -> Вірно | AC80: =IF(F80>=G80,"Вірно","Помилка") -> Вірно | AD80: =IF(F80>=H80,"Вірно","Помилка") -> Вірно | AE80: =IF(F80>=I80,"Вірно","Помилка") -> Вірно | AF80: =IF(F80>=J80,"Вірно","Помилка") -> Вірно | AG80: =IF(F80>=K80,"Вірно","Помилка") -> Вірно | AH80: =IF(E80>=L80,"Вірно","Помилка") -> Вірно | AI80: =IF(E80>=M80,"Вірно","Помилка") -> Вірно | AJ80: =IF(E80>=N80,"Вірно","Помилка") -> Вірно | AK80: =IF(E80>=O80,"Вірно","Помилка") -> Вірно | AL80: =IF(E80>=P80,"Вірно","Помилка") -> Вірно | AM80: =IF(U80>=V80,"Вірно","Помилка") -> Вірно | AN80: =IF(U80>=W80,"Вірно","Помилка") -> Вірно | AO80: =IF(U80>=X80,"Вірно","Помилка") -> Вірно | AP80: =IF(U80>=Y80,"Вірно","Помилка") -> Вірно | AQ80: =IF(U80>=Z80,"Вірно","Помилка") -> Вірно | AR80: =IF(F80>=I80+K80,"Вірно","Помилка") -> Вірно | AS80: =IF(F80>=J80+K80,"Вірно","Помилка") -> Вірно | AT80: =IF(Q80>=R80+S80+T80,"Вірно","Помилка") -> Вірно | AU80: =IF(U80>=X80+Z80,"Вірно","Помилка") -> Вірно | AV80: =IF(U80>=Y80+Z80,"Вірно","Помилка") -> Вірно
A81: f_11.[4:5]_mtd | B81: метадон | C81: 4.2.4 | D81: F11.4,5 (частина) | AB81: =IF(E81>=F81,"Вірно","Помилка") -> Вірно | AC81: =IF(F81>=G81,"Вірно","Помилка") -> Вірно | AD81: =IF(F81>=H81,"Вірно","Помилка") -> Вірно | AE81: =IF(F81>=I81,"Вірно","Помилка") -> Вірно | AF81: =IF(F81>=J81,"Вірно","Помилка") -> Вірно | AG81: =IF(F81>=K81,"Вірно","Помилка") -> Вірно | AH81: =IF(E81>=L81,"Вірно","Помилка") -> Вірно | AI81: =IF(E81>=M81,"Вірно","Помилка") -> Вірно | AJ81: =IF(E81>=N81,"Вірно","Помилка") -> Вірно | AK81: =IF(E81>=O81,"Вірно","Помилка") -> Вірно | AL81: =IF(E81>=P81,"Вірно","Помилка") -> Вірно | AM81: =IF(U81>=V81,"Вірно","Помилка") -> Вірно | AN81: =IF(U81>=W81,"Вірно","Помилка") -> Вірно | AO81: =IF(U81>=X81,"Вірно","Помилка") -> Вірно | AP81: =IF(U81>=Y81,"Вірно","Помилка") -> Вірно | AQ81: =IF(U81>=Z81,"Вірно","Помилка") -> Вірно | AR81: =IF(F81>=I81+K81,"Вірно","Помилка") -> Вірно | AS81: =IF(F81>=J81+K81,"Вірно","Помилка") -> Вірно | AT81: =IF(Q81>=R81+S81+T81,"Вірно","Помилка") -> Вірно | AU81: =IF(U81>=X81+Z81,"Вірно","Помилка") -> Вірно | AV81: =IF(U81>=Y81+Z81,"Вірно","Помилка") -> Вірно
A82: f_11.[4:5]_bpr | B82: бупренорфін | C82: 4.2.5 | D82: F11.4,5 (частина) | AB82: =IF(E82>=F82,"Вірно","Помилка") -> Вірно | AC82: =IF(F82>=G82,"Вірно","Помилка") -> Вірно | AD82: =IF(F82>=H82,"Вірно","Помилка") -> Вірно | AE82: =IF(F82>=I82,"Вірно","Помилка") -> Вірно | AF82: =IF(F82>=J82,"Вірно","Помилка") -> Вірно | AG82: =IF(F82>=K82,"Вірно","Помилка") -> Вірно | AH82: =IF(E82>=L82,"Вірно","Помилка") -> Вірно | AI82: =IF(E82>=M82,"Вірно","Помилка") -> Вірно | AJ82: =IF(E82>=N82,"Вірно","Помилка") -> Вірно | AK82: =IF(E82>=O82,"Вірно","Помилка") -> Вірно | AL82: =IF(E82>=P82,"Вірно","Помилка") -> Вірно | AM82: =IF(U82>=V82,"Вірно","Помилка") -> Вірно | AN82: =IF(U82>=W82,"Вірно","Помилка") -> Вірно | AO82: =IF(U82>=X82,"Вірно","Помилка") -> Вірно | AP82: =IF(U82>=Y82,"Вірно","Помилка") -> Вірно | AQ82: =IF(U82>=Z82,"Вірно","Помилка") -> Вірно | AR82: =IF(F82>=I82+K82,"Вірно","Помилка") -> Вірно | AS82: =IF(F82>=J82+K82,"Вірно","Помилка") -> Вірно | AT82: =IF(Q82>=R82+S82+T82,"Вірно","Помилка") -> Вірно | AU82: =IF(U82>=X82+Z82,"Вірно","Помилка") -> Вірно | AV82: =IF(U82>=Y82+Z82,"Вірно","Помилка") -> Вірно
A83: f_11.[4:5]_mrf | B83: морфін | C83: 4.2.6 | D83: F11.4,5 (частина) | AB83: =IF(E83>=F83,"Вірно","Помилка") -> Вірно | AC83: =IF(F83>=G83,"Вірно","Помилка") -> Вірно | AD83: =IF(F83>=H83,"Вірно","Помилка") -> Вірно | AE83: =IF(F83>=I83,"Вірно","Помилка") -> Вірно | AF83: =IF(F83>=J83,"Вірно","Помилка") -> Вірно | AG83: =IF(F83>=K83,"Вірно","Помилка") -> Вірно | AH83: =IF(E83>=L83,"Вірно","Помилка") -> Вірно | AI83: =IF(E83>=M83,"Вірно","Помилка") -> Вірно | AJ83: =IF(E83>=N83,"Вірно","Помилка") -> Вірно | AK83: =IF(E83>=O83,"Вірно","Помилка") -> Вірно | AL83: =IF(E83>=P83,"Вірно","Помилка") -> Вірно | AM83: =IF(U83>=V83,"Вірно","Помилка") -> Вірно | AN83: =IF(U83>=W83,"Вірно","Помилка") -> Вірно | AO83: =IF(U83>=X83,"Вірно","Помилка") -> Вірно | AP83: =IF(U83>=Y83,"Вірно","Помилка") -> Вірно | AQ83: =IF(U83>=Z83,"Вірно","Помилка") -> Вірно | AR83: =IF(F83>=I83+K83,"Вірно","Помилка") -> Вірно | AS83: =IF(F83>=J83+K83,"Вірно","Помилка") -> Вірно | AT83: =IF(Q83>=R83+S83+T83,"Вірно","Помилка") -> Вірно | AU83: =IF(U83>=X83+Z83,"Вірно","Помилка") -> Вірно | AV83: =IF(U83>=Y83+Z83,"Вірно","Помилка") -> Вірно
A84: f_11.[4:5]_fnt | B84: фентаніл та його похідні | C84: 4.2.7 | D84: F11.4,5 (частина) | AB84: =IF(E84>=F84,"Вірно","Помилка") -> Вірно | AC84: =IF(F84>=G84,"Вірно","Помилка") -> Вірно | AD84: =IF(F84>=H84,"Вірно","Помилка") -> Вірно | AE84: =IF(F84>=I84,"Вірно","Помилка") -> Вірно | AF84: =IF(F84>=J84,"Вірно","Помилка") -> Вірно | AG84: =IF(F84>=K84,"Вірно","Помилка") -> Вірно | AH84: =IF(E84>=L84,"Вірно","Помилка") -> Вірно | AI84: =IF(E84>=M84,"Вірно","Помилка") -> Вірно | AJ84: =IF(E84>=N84,"Вірно","Помилка") -> Вірно | AK84: =IF(E84>=O84,"Вірно","Помилка") -> Вірно | AL84: =IF(E84>=P84,"Вірно","Помилка") -> Вірно | AM84: =IF(U84>=V84,"Вірно","Помилка") -> Вірно | AN84: =IF(U84>=W84,"Вірно","Помилка") -> Вірно | AO84: =IF(U84>=X84,"Вірно","Помилка") -> Вірно | AP84: =IF(U84>=Y84,"Вірно","Помилка") -> Вірно | AQ84: =IF(U84>=Z84,"Вірно","Помилка") -> Вірно | AR84: =IF(F84>=I84+K84,"Вірно","Помилка") -> Вірно | AS84: =IF(F84>=J84+K84,"Вірно","Помилка") -> Вірно | AT84: =IF(Q84>=R84+S84+T84,"Вірно","Помилка") -> Вірно | AU84: =IF(U84>=X84+Z84,"Вірно","Помилка") -> Вірно | AV84: =IF(U84>=Y84+Z84,"Вірно","Помилка") -> Вірно
A85: f_11.[4:5]_cdn | B85: кодеїн та кодеїновмісні препарати | C85: 4.2.8 | D85: F11.4,5 (частина) | AB85: =IF(E85>=F85,"Вірно","Помилка") -> Вірно | AC85: =IF(F85>=G85,"Вірно","Помилка") -> Вірно | AD85: =IF(F85>=H85,"Вірно","Помилка") -> Вірно | AE85: =IF(F85>=I85,"Вірно","Помилка") -> Вірно | AF85: =IF(F85>=J85,"Вірно","Помилка") -> Вірно | AG85: =IF(F85>=K85,"Вірно","Помилка") -> Вірно | AH85: =IF(E85>=L85,"Вірно","Помилка") -> Вірно | AI85: =IF(E85>=M85,"Вірно","Помилка") -> Вірно | AJ85: =IF(E85>=N85,"Вірно","Помилка") -> Вірно | AK85: =IF(E85>=O85,"Вірно","Помилка") -> Вірно | AL85: =IF(E85>=P85,"Вірно","Помилка") -> Вірно | AM85: =IF(U85>=V85,"Вірно","Помилка") -> Вірно | AN85: =IF(U85>=W85,"Вірно","Помилка") -> Вірно | AO85: =IF(U85>=X85,"Вірно","Помилка") -> Вірно | AP85: =IF(U85>=Y85,"Вірно","Помилка") -> Вірно | AQ85: =IF(U85>=Z85,"Вірно","Помилка") -> Вірно | AR85: =IF(F85>=I85+K85,"Вірно","Помилка") -> Вірно | AS85: =IF(F85>=J85+K85,"Вірно","Помилка") -> Вірно | AT85: =IF(Q85>=R85+S85+T85,"Вірно","Помилка") -> Вірно | AU85: =IF(U85>=X85+Z85,"Вірно","Помилка") -> Вірно | AV85: =IF(U85>=Y85+Z85,"Вірно","Помилка") -> Вірно
A86: f_11.[4:5]_trm | B86: трамадол | C86: 4.2.9 | D86: F11.4,5 (частина) | AB86: =IF(E86>=F86,"Вірно","Помилка") -> Вірно | AC86: =IF(F86>=G86,"Вірно","Помилка") -> Вірно | AD86: =IF(F86>=H86,"Вірно","Помилка") -> Вірно | AE86: =IF(F86>=I86,"Вірно","Помилка") -> Вірно | AF86: =IF(F86>=J86,"Вірно","Помилка") -> Вірно | AG86: =IF(F86>=K86,"Вірно","Помилка") -> Вірно | AH86: =IF(E86>=L86,"Вірно","Помилка") -> Вірно | AI86: =IF(E86>=M86,"Вірно","Помилка") -> Вірно | AJ86: =IF(E86>=N86,"Вірно","Помилка") -> Вірно | AK86: =IF(E86>=O86,"Вірно","Помилка") -> Вірно | AL86: =IF(E86>=P86,"Вірно","Помилка") -> Вірно | AM86: =IF(U86>=V86,"Вірно","Помилка") -> Вірно | AN86: =IF(U86>=W86,"Вірно","Помилка") -> Вірно | AO86: =IF(U86>=X86,"Вірно","Помилка") -> Вірно | AP86: =IF(U86>=Y86,"Вірно","Помилка") -> Вірно | AQ86: =IF(U86>=Z86,"Вірно","Помилка") -> Вірно | AR86: =IF(F86>=I86+K86,"Вірно","Помилка") -> Вірно | AS86: =IF(F86>=J86+K86,"Вірно","Помилка") -> Вірно | AT86: =IF(Q86>=R86+S86+T86,"Вірно","Помилка") -> Вірно | AU86: =IF(U86>=X86+Z86,"Вірно","Помилка") -> Вірно | AV86: =IF(U86>=Y86+Z86,"Вірно","Помилка") -> Вірно
A87: f_11.[4:5]_nlb | B87: налбуфін | C87: 4.2.10 | D87: F11.4,5 (частина) | AB87: =IF(E87>=F87,"Вірно","Помилка") -> Вірно | AC87: =IF(F87>=G87,"Вірно","Помилка") -> Вірно | AD87: =IF(F87>=H87,"Вірно","Помилка") -> Вірно | AE87: =IF(F87>=I87,"Вірно","Помилка") -> Вірно | AF87: =IF(F87>=J87,"Вірно","Помилка") -> Вірно | AG87: =IF(F87>=K87,"Вірно","Помилка") -> Вірно | AH87: =IF(E87>=L87,"Вірно","Помилка") -> Вірно | AI87: =IF(E87>=M87,"Вірно","Помилка") -> Вірно | AJ87: =IF(E87>=N87,"Вірно","Помилка") -> Вірно | AK87: =IF(E87>=O87,"Вірно","Помилка") -> Вірно | AL87: =IF(E87>=P87,"Вірно","Помилка") -> Вірно | AM87: =IF(U87>=V87,"Вірно","Помилка") -> Вірно | AN87: =IF(U87>=W87,"Вірно","Помилка") -> Вірно | AO87: =IF(U87>=X87,"Вірно","Помилка") -> Вірно | AP87: =IF(U87>=Y87,"Вірно","Помилка") -> Вірно | AQ87: =IF(U87>=Z87,"Вірно","Помилка") -> Вірно | AR87: =IF(F87>=I87+K87,"Вірно","Помилка") -> Вірно | AS87: =IF(F87>=J87+K87,"Вірно","Помилка") -> Вірно | AT87: =IF(Q87>=R87+S87+T87,"Вірно","Помилка") -> Вірно | AU87: =IF(U87>=X87+Z87,"Вірно","Помилка") -> Вірно | AV87: =IF(U87>=Y87+Z87,"Вірно","Помилка") -> Вірно
... A105: f_1[0:9].[6:7] | B105: амнестичний синдром та резидуальні і пізні психотичні розлади | C105: 5.0 | D105: F1x.6,7 | AB105: =IF(E105>=F105,"Вірно","Помилка") -> Вірно | AC105: =IF(F105>=G105,"Вірно","Помилка") -> Вірно | AD105: =IF(F105>=H105,"Вірно","Помилка") -> Вірно | AE105: =IF(F105>=I105,"Вірно","Помилка") -> Вірно | AF105: =IF(F105>=J105,"Вірно","Помилка") -> Вірно | AG105: =IF(F105>=K105,"Вірно","Помилка") -> Вірно | AH105: =IF(E105>=L105,"Вірно","Помилка") -> Вірно | AI105: =IF(E105>=M105,"Вірно","Помилка") -> Вірно | AJ105: =IF(E105>=N105,"Вірно","Помилка") -> Вірно | AK105: =IF(E105>=O105,"Вірно","Помилка") -> Вірно | AL105: =IF(E105>=P105,"Вірно","Помилка") -> Вірно | AM105: =IF(U105>=V105,"Вірно","Помилка") -> Вірно | AN105: =IF(U105>=W105,"Вірно","Помилка") -> Вірно | AO105: =IF(U105>=X105,"Вірно","Помилка") -> Вірно | AP105: =IF(U105>=Y105,"Вірно","Помилка") -> Вірно | AQ105: =IF(U105>=Z105,"Вірно","Помилка") -> Вірно | AR105: =IF(F105>=I105+K105,"Вірно","Помилка") -> Вірно | AS105: =IF(F105>=J105+K105,"Вірно","Помилка") -> Вірно | AT105: =IF(Q105>=R105+S105+T105,"Вірно","Помилка") -> Вірно | AU105: =IF(U105>=X105+Z105,"Вірно","Помилка") -> Вірно | AV105: =IF(U105>=Y105+Z105,"Вірно","Помилка") -> Вірно
B106: у тому числі внаслідок уживання:
A107: f_10.[6:7] | B107: алкоголю | C107: 5.1 | D107: F10.6,7 | AB107: =IF(E107>=F107,"Вірно","Помилка") -> Вірно | AC107: =IF(F107>=G107,"Вірно","Помилка") -> Вірно | AD107: =IF(F107>=H107,"Вірно","Помилка") -> Вірно | AE107: =IF(F107>=I107,"Вірно","Помилка") -> Вірно | AF107: =IF(F107>=J107,"Вірно","Помилка") -> Вірно | AG107: =IF(F107>=K107,"Вірно","Помилка") -> Вірно | AH107: =IF(E107>=L107,"Вірно","Помилка") -> Вірно | AI107: =IF(E107>=M107,"Вірно","Помилка") -> Вірно | AJ107: =IF(E107>=N107,"Вірно","Помилка") -> Вірно | AK107: =IF(E107>=O107,"Вірно","Помилка") -> Вірно | AL107: =IF(E107>=P107,"Вірно","Помилка") -> Вірно | AM107: =IF(U107>=V107,"Вірно","Помилка") -> Вірно | AN107: =IF(U107>=W107,"Вірно","Помилка") -> Вірно | AO107: =IF(U107>=X107,"Вірно","Помилка") -> Вірно | AP107: =IF(U107>=Y107,"Вірно","Помилка") -> Вірно | AQ107: =IF(U107>=Z107,"Вірно","Помилка") -> Вірно | AR107: =IF(F107>=I107+K107,"Вірно","Помилка") -> Вірно | AS107: =IF(F107>=J107+K107,"Вірно","Помилка") -> Вірно | AT107: =IF(Q107>=R107+S107+T107,"Вірно","Помилка") -> Вірно | AU107: =IF(U107>=X107+Z107,"Вірно","Помилка") -> Вірно | AV107: =IF(U107>=Y107+Z107,"Вірно","Помилка") -> Вірно
A108: f_11.[6:7] | B108: опіоїдів | C108: 5.2 | D108: F11.6,7 | AB108: =IF(E108>=F108,"Вірно","Помилка") -> Вірно | AC108: =IF(F108>=G108,"Вірно","Помилка") -> Вірно | AD108: =IF(F108>=H108,"Вірно","Помилка") -> Вірно | AE108: =IF(F108>=I108,"Вірно","Помилка") -> Вірно | AF108: =IF(F108>=J108,"Вірно","Помилка") -> Вірно | AG108: =IF(F108>=K108,"Вірно","Помилка") -> Вірно | AH108: =IF(E108>=L108,"Вірно","Помилка") -> Вірно | AI108: =IF(E108>=M108,"Вірно","Помилка") -> Вірно | AJ108: =IF(E108>=N108,"Вірно","Помилка") -> Вірно | AK108: =IF(E108>=O108,"Вірно","Помилка") -> Вірно | AL108: =IF(E108>=P108,"Вірно","Помилка") -> Вірно | AM108: =IF(U108>=V108,"Вірно","Помилка") -> Вірно | AN108: =IF(U108>=W108,"Вірно","Помилка") -> Вірно | AO108: =IF(U108>=X108,"Вірно","Помилка") -> Вірно | AP108: =IF(U108>=Y108,"Вірно","Помилка") -> Вірно | AQ108: =IF(U108>=Z108,"Вірно","Помилка") -> Вірно | AR108: =IF(F108>=I108+K108,"Вірно","Помилка") -> Вірно | AS108: =IF(F108>=J108+K108,"Вірно","Помилка") -> Вірно | AT108: =IF(Q108>=R108+S108+T108,"Вірно","Помилка") -> Вірно | AU108: =IF(U108>=X108+Z108,"Вірно","Помилка") -> Вірно | AV108: =IF(U108>=Y108+Z108,"Вірно","Помилка") -> Вірно
A109: f_11.[6:7]_opm | B109: з них: опій | C109: 5.2.1 | D109: F11.6,7 (частина) | AB109: =IF(E109>=F109,"Вірно","Помилка") -> Вірно | AC109: =IF(F109>=G109,"Вірно","Помилка") -> Вірно | AD109: =IF(F109>=H109,"Вірно","Помилка") -> Вірно | AE109: =IF(F109>=I109,"Вірно","Помилка") -> Вірно | AF109: =IF(F109>=J109,"Вірно","Помилка") -> Вірно | AG109: =IF(F109>=K109,"Вірно","Помилка") -> Вірно | AH109: =IF(E109>=L109,"Вірно","Помилка") -> Вірно | AI109: =IF(E109>=M109,"Вірно","Помилка") -> Вірно | AJ109: =IF(E109>=N109,"Вірно","Помилка") -> Вірно | AK109: =IF(E109>=O109,"Вірно","Помилка") -> Вірно | AL109: =IF(E109>=P109,"Вірно","Помилка") -> Вірно | AM109: =IF(U109>=V109,"Вірно","Помилка") -> Вірно | AN109: =IF(U109>=W109,"Вірно","Помилка") -> Вірно | AO109: =IF(U109>=X109,"Вірно","Помилка") -> Вірно | AP109: =IF(U109>=Y109,"Вірно","Помилка") -> Вірно | AQ109: =IF(U109>=Z109,"Вірно","Помилка") -> Вірно | AR109: =IF(F109>=I109+K109,"Вірно","Помилка") -> Вірно | AS109: =IF(F109>=J109+K109,"Вірно","Помилка") -> Вірно | AT109: =IF(Q109>=R109+S109+T109,"Вірно","Помилка") -> Вірно | AU109: =IF(U109>=X109+Z109,"Вірно","Помилка") -> Вірно | AV109: =IF(U109>=Y109+Z109,"Вірно","Помилка") -> Вірно
A110: f_11.[6:7]_opm_a | B110: опій ацетильований | C110: 5.2.2 | D110: F11.6,7 (частина) | AB110: =IF(E110>=F110,"Вірно","Помилка") -> Вірно | AC110: =IF(F110>=G110,"Вірно","Помилка") -> Вірно | AD110: =IF(F110>=H110,"Вірно","Помилка") -> Вірно | AE110: =IF(F110>=I110,"Вірно","Помилка") -> Вірно | AF110: =IF(F110>=J110,"Вірно","Помилка") -> Вірно | AG110: =IF(F110>=K110,"Вірно","Помилка") -> Вірно | AH110: =IF(E110>=L110,"Вірно","Помилка") -> Вірно | AI110: =IF(E110>=M110,"Вірно","Помилка") -> Вірно | AJ110: =IF(E110>=N110,"Вірно","Помилка") -> Вірно | AK110: =IF(E110>=O110,"Вірно","Помилка") -> Вірно | AL110: =IF(E110>=P110,"Вірно","Помилка") -> Вірно | AM110: =IF(U110>=V110,"Вірно","Помилка") -> Вірно | AN110: =IF(U110>=W110,"Вірно","Помилка") -> Вірно | AO110: =IF(U110>=X110,"Вірно","Помилка") -> Вірно | AP110: =IF(U110>=Y110,"Вірно","Помилка") -> Вірно | AQ110: =IF(U110>=Z110,"Вірно","Помилка") -> Вірно | AR110: =IF(F110>=I110+K110,"Вірно","Помилка") -> Вірно | AS110: =IF(F110>=J110+K110,"Вірно","Помилка") -> Вірно | AT110: =IF(Q110>=R110+S110+T110,"Вірно","Помилка") -> Вірно | AU110: =IF(U110>=X110+Z110,"Вірно","Помилка") -> Вірно | AV110: =IF(U110>=Y110+Z110,"Вірно","Помилка") -> Вірно
A111: f_11.[6:7]_hrn | B111: героїн | C111: 5.2.3 | D111: F11.6,7 (частина) | AB111: =IF(E111>=F111,"Вірно","Помилка") -> Вірно | AC111: =IF(F111>=G111,"Вірно","Помилка") -> Вірно | AD111: =IF(F111>=H111,"Вірно","Помилка") -> Вірно | AE111: =IF(F111>=I111,"Вірно","Помилка") -> Вірно | AF111: =IF(F111>=J111,"Вірно","Помилка") -> Вірно | AG111: =IF(F111>=K111,"Вірно","Помилка") -> Вірно | AH111: =IF(E111>=L111,"Вірно","Помилка") -> Вірно | AI111: =IF(E111>=M111,"Вірно","Помилка") -> Вірно | AJ111: =IF(E111>=N111,"Вірно","Помилка") -> Вірно | AK111: =IF(E111>=O111,"Вірно","Помилка") -> Вірно | AL111: =IF(E111>=P111,"Вірно","Помилка") -> Вірно | AM111: =IF(U111>=V111,"Вірно","Помилка") -> Вірно | AN111: =IF(U111>=W111,"Вірно","Помилка") -> Вірно | AO111: =IF(U111>=X111,"Вірно","Помилка") -> Вірно | AP111: =IF(U111>=Y111,"Вірно","Помилка") -> Вірно | AQ111: =IF(U111>=Z111,"Вірно","Помилка") -> Вірно | AR111: =IF(F111>=I111+K111,"Вірно","Помилка") -> Вірно | AS111: =IF(F111>=J111+K111,"Вірно","Помилка") -> Вірно | AT111: =IF(Q111>=R111+S111+T111,"Вірно","Помилка") -> Вірно | AU111: =IF(U111>=X111+Z111,"Вірно","Помилка") -> Вірно | AV111: =IF(U111>=Y111+Z111,"Вірно","Помилка") -> Вірно
A112: f_11.[6:7]_mtd | B112: метадон | C112: 5.2.4 | D112: F11.6,7 (частина) | AB112: =IF(E112>=F112,"Вірно","Помилка") -> Вірно | AC112: =IF(F112>=G112,"Вірно","Помилка") -> Вірно | AD112: =IF(F112>=H112,"Вірно","Помилка") -> Вірно | AE112: =IF(F112>=I112,"Вірно","Помилка") -> Вірно | AF112: =IF(F112>=J112,"Вірно","Помилка") -> Вірно | AG112: =IF(F112>=K112,"Вірно","Помилка") -> Вірно | AH112: =IF(E112>=L112,"Вірно","Помилка") -> Вірно | AI112: =IF(E112>=M112,"Вірно","Помилка") -> Вірно | AJ112: =IF(E112>=N112,"Вірно","Помилка") -> Вірно | AK112: =IF(E112>=O112,"Вірно","Помилка") -> Вірно | AL112: =IF(E112>=P112,"Вірно","Помилка") -> Вірно | AM112: =IF(U112>=V112,"Вірно","Помилка") -> Вірно | AN112: =IF(U112>=W112,"Вірно","Помилка") -> Вірно | AO112: =IF(U112>=X112,"Вірно","Помилка") -> Вірно | AP112: =IF(U112>=Y112,"Вірно","Помилка") -> Вірно | AQ112: =IF(U112>=Z112,"Вірно","Помилка") -> Вірно | AR112: =IF(F112>=I112+K112,"Вірно","Помилка") -> Вірно | AS112: =IF(F112>=J112+K112,"Вірно","Помилка") -> Вірно | AT112: =IF(Q112>=R112+S112+T112,"Вірно","Помилка") -> Вірно | AU112: =IF(U112>=X112+Z112,"Вірно","Помилка") -> Вірно | AV112: =IF(U112>=Y112+Z112,"Вірно","Помилка") -> Вірно
A113: f_11.[6:7]_bpr | B113: бупренорфін | C113: 5.2.5 | D113: F11.6,7 (частина) | AB113: =IF(E113>=F113,"Вірно","Помилка") -> Вірно | AC113: =IF(F113>=G113,"Вірно","Помилка") -> Вірно | AD113: =IF(F113>=H113,"Вірно","Помилка") -> Вірно | AE113: =IF(F113>=I113,"Вірно","Помилка") -> Вірно | AF113: =IF(F113>=J113,"Вірно","Помилка") -> Вірно | AG113: =IF(F113>=K113,"Вірно","Помилка") -> Вірно | AH113: =IF(E113>=L113,"Вірно","Помилка") -> Вірно | AI113: =IF(E113>=M113,"Вірно","Помилка") -> Вірно | AJ113: =IF(E113>=N113,"Вірно","Помилка") -> Вірно | AK113: =IF(E113>=O113,"Вірно","Помилка") -> Вірно | AL113: =IF(E113>=P113,"Вірно","Помилка") -> Вірно | AM113: =IF(U113>=V113,"Вірно","Помилка") -> Вірно | AN113: =IF(U113>=W113,"Вірно","Помилка") -> Вірно | AO113: =IF(U113>=X113,"Вірно","Помилка") -> Вірно | AP113: =IF(U113>=Y113,"Вірно","Помилка") -> Вірно | AQ113: =IF(U113>=Z113,"Вірно","Помилка") -> Вірно | AR113: =IF(F113>=I113+K113,"Вірно","Помилка") -> Вірно | AS113: =IF(F113>=J113+K113,"Вірно","Помилка") -> Вірно | AT113: =IF(Q113>=R113+S113+T113,"Вірно","Помилка") -> Вірно | AU113: =IF(U113>=X113+Z113,"Вірно","Помилка") -> Вірно | AV113: =IF(U113>=Y113+Z113,"Вірно","Помилка") -> Вірно
A114: f_11.[6:7]_mrf | B114: морфін | C114: 5.2.6 | D114: F11.6,7 (частина) | AB114: =IF(E114>=F114,"Вірно","Помилка") -> Вірно | AC114: =IF(F114>=G114,"Вірно","Помилка") -> Вірно | AD114: =IF(F114>=H114,"Вірно","Помилка") -> Вірно | AE114: =IF(F114>=I114,"Вірно","Помилка") -> Вірно | AF114: =IF(F114>=J114,"Вірно","Помилка") -> Вірно | AG114: =IF(F114>=K114,"Вірно","Помилка") -> Вірно | AH114: =IF(E114>=L114,"Вірно","Помилка") -> Вірно | AI114: =IF(E114>=M114,"Вірно","Помилка") -> Вірно | AJ114: =IF(E114>=N114,"Вірно","Помилка") -> Вірно | AK114: =IF(E114>=O114,"Вірно","Помилка") -> Вірно | AL114: =IF(E114>=P114,"Вірно","Помилка") -> Вірно | AM114: =IF(U114>=V114,"Вірно","Помилка") -> Вірно | AN114: =IF(U114>=W114,"Вірно","Помилка") -> Вірно | AO114: =IF(U114>=X114,"Вірно","Помилка") -> Вірно | AP114: =IF(U114>=Y114,"Вірно","Помилка") -> Вірно | AQ114: =IF(U114>=Z114,"Вірно","Помилка") -> Вірно | AR114: =IF(F114>=I114+K114,"Вірно","Помилка") -> Вірно | AS114: =IF(F114>=J114+K114,"Вірно","Помилка") -> Вірно | AT114: =IF(Q114>=R114+S114+T114,"Вірно","Помилка") -> Вірно | AU114: =IF(U114>=X114+Z114,"Вірно","Помилка") -> Вірно | AV114: =IF(U114>=Y114+Z114,"Вірно","Помилка") -> Вірно
A115: f_11.[6:7]_fnt | B115: фентаніл та його похідні | C115: 5.2.7 | D115: F11.6,7 (частина) | AB115: =IF(E115>=F115,"Вірно","Помилка") -> Вірно | AC115: =IF(F115>=G115,"Вірно","Помилка") -> Вірно | AD115: =IF(F115>=H115,"Вірно","Помилка") -> Вірно | AE115: =IF(F115>=I115,"Вірно","Помилка") -> Вірно | AF115: =IF(F115>=J115,"Вірно","Помилка") -> Вірно | AG115: =IF(F115>=K115,"Вірно","Помилка") -> Вірно | AH115: =IF(E115>=L115,"Вірно","Помилка") -> Вірно | AI115: =IF(E115>=M115,"Вірно","Помилка") -> Вірно | AJ115: =IF(E115>=N115,"Вірно","Помилка") -> Вірно | AK115: =IF(E115>=O115,"Вірно","Помилка") -> Вірно | AL115: =IF(E115>=P115,"Вірно","Помилка") -> Вірно | AM115: =IF(U115>=V115,"Вірно","Помилка") -> Вірно | AN115: =IF(U115>=W115,"Вірно","Помилка") -> Вірно | AO115: =IF(U115>=X115,"Вірно","Помилка") -> Вірно | AP115: =IF(U115>=Y115,"Вірно","Помилка") -> Вірно | AQ115: =IF(U115>=Z115,"Вірно","Помилка") -> Вірно | AR115: =IF(F115>=I115+K115,"Вірно","Помилка") -> Вірно | AS115: =IF(F115>=J115+K115,"Вірно","Помилка") -> Вірно | AT115: =IF(Q115>=R115+S115+T115,"Вірно","Помилка") -> Вірно | AU115: =IF(U115>=X115+Z115,"Вірно","Помилка") -> Вірно | AV115: =IF(U115>=Y115+Z115,"Вірно","Помилка") -> Вірно
A116: f_11.[6:7]_cdn | B116: кодеїн та кодеїновмісні препарати | C116: 5.2.8 | D116: F11.6,7 (частина) | AB116: =IF(E116>=F116,"Вірно","Помилка") -> Вірно | AC116: =IF(F116>=G116,"Вірно","Помилка") -> Вірно | AD116: =IF(F116>=H116,"Вірно","Помилка") -> Вірно | AE116: =IF(F116>=I116,"Вірно","Помилка") -> Вірно | AF116: =IF(F116>=J116,"Вірно","Помилка") -> Вірно | AG116: =IF(F116>=K116,"Вірно","Помилка") -> Вірно | AH116: =IF(E116>=L116,"Вірно","Помилка") -> Вірно | AI116: =IF(E116>=M116,"Вірно","Помилка") -> Вірно | AJ116: =IF(E116>=N116,"Вірно","Помилка") -> Вірно | AK116: =IF(E116>=O116,"Вірно","Помилка") -> Вірно | AL116: =IF(E116>=P116,"Вірно","Помилка") -> Вірно | AM116: =IF(U116>=V116,"Вірно","Помилка") -> Вірно | AN116: =IF(U116>=W116,"Вірно","Помилка") -> Вірно | AO116: =IF(U116>=X116,"Вірно","Помилка") -> Вірно | AP116: =IF(U116>=Y116,"Вірно","Помилка") -> Вірно | AQ116: =IF(U116>=Z116,"Вірно","Помилка") -> Вірно | AR116: =IF(F116>=I116+K116,"Вірно","Помилка") -> Вірно | AS116: =IF(F116>=J116+K116,"Вірно","Помилка") -> Вірно | AT116: =IF(Q116>=R116+S116+T116,"Вірно","Помилка") -> Вірно | AU116: =IF(U116>=X116+Z116,"Вірно","Помилка") -> Вірно | AV116: =IF(U116>=Y116+Z116,"Вірно","Помилка") -> Вірно
A117: f_11.[6:7]_trm | B117: трамадол | C117: 5.2.9 | D117: F11.6,7 (частина) | AB117: =IF(E117>=F117,"Вірно","Помилка") -> Вірно | AC117: =IF(F117>=G117,"Вірно","Помилка") -> Вірно | AD117: =IF(F117>=H117,"Вірно","Помилка") -> Вірно | AE117: =IF(F117>=I117,"Вірно","Помилка") -> Вірно | AF117: =IF(F117>=J117,"Вірно","Помилка") -> Вірно | AG117: =IF(F117>=K117,"Вірно","Помилка") -> Вірно | AH117: =IF(E117>=L117,"Вірно","Помилка") -> Вірно | AI117: =IF(E117>=M117,"Вірно","Помилка") -> Вірно | AJ117: =IF(E117>=N117,"Вірно","Помилка") -> Вірно | AK117: =IF(E117>=O117,"Вірно","Помилка") -> Вірно | AL117: =IF(E117>=P117,"Вірно","Помилка") -> Вірно | AM117: =IF(U117>=V117,"Вірно","Помилка") -> Вірно | AN117: =IF(U117>=W117,"Вірно","Помилка") -> Вірно | AO117: =IF(U117>=X117,"Вірно","Помилка") -> Вірно | AP117: =IF(U117>=Y117,"Вірно","Помилка") -> Вірно | AQ117: =IF(U117>=Z117,"Вірно","Помилка") -> Вірно | AR117: =IF(F117>=I117+K117,"Вірно","Помилка") -> Вірно | AS117: =IF(F117>=J117+K117,"Вірно","Помилка") -> Вірно | AT117: =IF(Q117>=R117+S117+T117,"Вірно","Помилка") -> Вірно | AU117: =IF(U117>=X117+Z117,"Вірно","Помилка") -> Вірно | AV117: =IF(U117>=Y117+Z117,"Вірно","Помилка") -> Вірно
A118: f_11.[6:7]_nlb | B118: налбуфін | C118: 5.2.10 | D118: F11.6,7 (частина) | AB118: =IF(E118>=F118,"Вірно","Помилка") -> Вірно | AC118: =IF(F118>=G118,"Вірно","Помилка") -> Вірно | AD118: =IF(F118>=H118,"Вірно","Помилка") -> Вірно | AE118: =IF(F118>=I118,"Вірно","Помилка") -> Вірно | AF118: =IF(F118>=J118,"Вірно","Помилка") -> Вірно | AG118: =IF(F118>=K118,"Вірно","Помилка") -> Вірно | AH118: =IF(E118>=L118,"Вірно","Помилка") -> Вірно | AI118: =IF(E118>=M118,"Вірно","Помилка") -> Вірно | AJ118: =IF(E118>=N118,"Вірно","Помилка") -> Вірно | AK118: =IF(E118>=O118,"Вірно","Помилка") -> Вірно | AL118: =IF(E118>=P118,"Вірно","Помилка") -> Вірно | AM118: =IF(U118>=V118,"Вірно","Помилка") -> Вірно | AN118: =IF(U118>=W118,"Вірно","Помилка") -> Вірно | AO118: =IF(U118>=X118,"Вірно","Помилка") -> Вірно | AP118: =IF(U118>=Y118,"Вірно","Помилка") -> Вірно | AQ118: =IF(U118>=Z118,"Вірно","Помилка") -> Вірно | AR118: =IF(F118>=I118+K118,"Вірно","Помилка") -> Вірно | AS118: =IF(F118>=J118+K118,"Вірно","Помилка") -> Вірно | AT118: =IF(Q118>=R118+S118+T118,"Вірно","Помилка") -> Вірно | AU118: =IF(U118>=X118+Z118,"Вірно","Помилка") -> Вірно | AV118: =IF(U118>=Y118+Z118,"Вірно","Помилка") -> Вірно
... A135: f_19.[6:7] | B135: поєднаних ПАР | C135: 5.9 | D135: F19.6,7 | AB135: =IF(E135>=F135,"Вірно","Помилка") -> Вірно | AC135: =IF(F135>=G135,"Вірно","Помилка") -> Вірно | AD135: =IF(F135>=H135,"Вірно","Помилка") -> Вірно | AE135: =IF(F135>=I135,"Вірно","Помилка") -> Вірно | AF135: =IF(F135>=J135,"Вірно","Помилка") -> Вірно | AG135: =IF(F135>=K135,"Вірно","Помилка") -> Вірно | AH135: =IF(E135>=L135,"Вірно","Помилка") -> Вірно | AI135: =IF(E135>=M135,"Вірно","Помилка") -> Вірно | AJ135: =IF(E135>=N135,"Вірно","Помилка") -> Вірно | AK135: =IF(E135>=O135,"Вірно","Помилка") -> Вірно | AL135: =IF(E135>=P135,"Вірно","Помилка") -> Вірно | AM135: =IF(U135>=V135,"Вірно","Помилка") -> Вірно | AN135: =IF(U135>=W135,"Вірно","Помилка") -> Вірно | AO135: =IF(U135>=X135,"Вірно","Помилка") -> Вірно | AP135: =IF(U135>=Y135,"Вірно","Помилка") -> Вірно | AQ135: =IF(U135>=Z135,"Вірно","Помилка") -> Вірно | AR135: =IF(F135>=I135+K135,"Вірно","Помилка") -> Вірно | AS135: =IF(F135>=J135+K135,"Вірно","Помилка") -> Вірно | AT135: =IF(Q135>=R135+S135+T135,"Вірно","Помилка") -> Вірно | AU135: =IF(U135>=X135+Z135,"Вірно","Помилка") -> Вірно | AV135: =IF(U135>=Y135+Z135,"Вірно","Помилка") -> Вірно
E137: =IF(E10>=E12+E43+E74+E105,"Вірно","Помилка") -> Вірно | F137: =IF(F10>=F12+F43+F74+F105,"Вірно","Помилка") -> Вірно | G137: =IF(G10>=G12+G43+G74+G105,"Вірно","Помилка") -> Вірно | H137: =IF(H10>=H12+H43+H74+H105,"Вірно","Помилка") -> Вірно | I137: =IF(I10>=I12+I43+I74+I105,"Вірно","Помилка") -> Вірно | J137: =IF(J10>=J12+J43+J74+J105,"Вірно","Помилка") -> Вірно | K137: =IF(K10>=K12+K43+K74+K105,"Вірно","Помилка") -> Вірно | L137: =IF(L10>=L12+L43+L74+L105,"Вірно","Помилка") -> Вірно | ... Z137: =IF(Z10>=Z12+Z43+Z74+Z105,"Вірно","Помилка") -> Вірно
E138: =IF(E12=E14+E15+E27+E28+E31+E32+E36+E41+E42,"Вірно","Помилка") -> Вірно | F138: =IF(F12=F14+F15+F27+F28+F31+F32+F36+F41+F42,"Вірно","Помилка") -> Вірно | G138: =IF(G12=G14+G15+G27+G28+G31+G32+G36+G41+G42,"Вірно","Помилка") -> Вірно | H138: =IF(H12=H14+H15+H27+H28+H31+H32+H36+H41+H42,"Вірно","Помилка") -> Вірно | I138: =IF(I12=I14+I15+I27+I28+I31+I32+I36+I41+I42,"Вірно","Помилка") -> Вірно | J138: =IF(J12=J14+J15+J27+J28+J31+J32+J36+J41+J42,"Вірно","Помилка") -> Вірно | K138: =IF(K12=K14+K15+K27+K28+K31+K32+K36+K41+K42,"Вірно","Помилка") -> Вірно | L138: =IF(L12=L14+L15+L27+L28+L31+L32+L36+L41+L42,"Вірно","Помилка") -> Вірно | ... Z138: =IF(Z12=Z14+Z15+Z27+Z28+Z31+Z32+Z36+Z41+Z42,"Вірно","Помилка") -> Вірно
E139: =IF(E15>=E16+E17+E18+E19+E20+E21+E22+E23+E24+E25+E26,"Вірно","Помилка") -> Вірно | F139: =IF(F15>=F16+F17+F18+F19+F20+F21+F22+F23+F24+F25+F26,"Вірно","Помилка") -> Вірно | G139: =IF(G15>=G16+G17+G18+G19+G20+G21+G22+G23+G24+G25+G26,"Вірно","Помилка") -> Вірно | H139: =IF(H15>=H16+H17+H18+H19+H20+H21+H22+H23+H24+H25+H26,"Вірно","Помилка") -> Вірно | I139: =IF(I15>=I16+I17+I18+I19+I20+I21+I22+I23+I24+I25+I26,"Вірно","Помилка") -> Вірно | J139: =IF(J15>=J16+J17+J18+J19+J20+J21+J22+J23+J24+J25+J26,"Вірно","Помилка") -> Вірно | K139: =IF(K15>=K16+K17+K18+K19+K20+K21+K22+K23+K24+K25+K26,"Вірно","Помилка") -> Вірно | L139: =IF(L15>=L16+L17+L18+L19+L20+L21+L22+L23+L24+L25+L26,"Вірно","Помилка") -> Вірно | ... Z139: =IF(Z15>=Z16+Z17+Z18+Z19+Z20+Z21+Z22+Z23+Z24+Z25+Z26,"Вірно","Помилка") -> Вірно
E140: =IF(E28>=E29+E30,"Вірно","Помилка") -> Вірно | F140: =IF(F28>=F29+F30,"Вірно","Помилка") -> Вірно | G140: =IF(G28>=G29+G30,"Вірно","Помилка") -> Вірно | H140: =IF(H28>=H29+H30,"Вірно","Помилка") -> Вірно | I140: =IF(I28>=I29+I30,"Вірно","Помилка") -> Вірно | J140: =IF(J28>=J29+J30,"Вірно","Помилка") -> Вірно | K140: =IF(K28>=K29+K30,"Вірно","Помилка") -> Вірно | L140: =IF(L28>=L29+L30,"Вірно","Помилка") -> Вірно | ... Z140: =IF(Z28>=Z29+Z30,"Вірно","Помилка") -> Вірно
E141: =IF(E32>=E33+E34+E35,"Вірно","Помилка") -> Вірно | F141: =IF(F32>=F33+F34+F35,"Вірно","Помилка") -> Вірно | G141: =IF(G32>=G33+G34+G35,"Вірно","Помилка") -> Вірно | H141: =IF(H32>=H33+H34+H35,"Вірно","Помилка") -> Вірно | I141: =IF(I32>=I33+I34+I35,"Вірно","Помилка") -> Вірно | J141: =IF(J32>=J33+J34+J35,"Вірно","Помилка") -> Вірно | K141: =IF(K32>=K33+K34+K35,"Вірно","Помилка") -> Вірно | L141: =IF(L32>=L33+L34+L35,"Вірно","Помилка") -> Вірно | ... Z141: =IF(Z32>=Z33+Z34+Z35,"Вірно","Помилка") -> Вірно
E142: =IF(E36>=E37+E38+E39+E40,"Вірно","Помилка") -> Вірно | F142: =IF(F36>=F37+F38+F39+F40,"Вірно","Помилка") -> Вірно | G142: =IF(G36>=G37+G38+G39+G40,"Вірно","Помилка") -> Вірно | H142: =IF(H36>=H37+H38+H39+H40,"Вірно","Помилка") -> Вірно | I142: =IF(I36>=I37+I38+I39+I40,"Вірно","Помилка") -> Вірно | J142: =IF(J36>=J37+J38+J39+J40,"Вірно","Помилка") -> Вірно | K142: =IF(K36>=K37+K38+K39+K40,"Вірно","Помилка") -> Вірно | L142: =IF(L36>=L37+L38+L39+L40,"Вірно","Помилка") -> Вірно | ... Z142: =IF(Z36>=Z37+Z38+Z39+Z40,"Вірно","Помилка") -> Вірно
E143: =IF(E43=E45+E46+E58+E59+E62+E63+E67+E72+E73,"Вірно","Помилка") -> Вірно | F143: =IF(F43=F45+F46+F58+F59+F62+F63+F67+F72+F73,"Вірно","Помилка") -> Вірно | G143: =IF(G43=G45+G46+G58+G59+G62+G63+G67+G72+G73,"Вірно","Помилка") -> Вірно | H143: =IF(H43=H45+H46+H58+H59+H62+H63+H67+H72+H73,"Вірно","Помилка") -> Вірно | I143: =IF(I43=I45+I46+I58+I59+I62+I63+I67+I72+I73,"Вірно","Помилка") -> Вірно | J143: =IF(J43=J45+J46+J58+J59+J62+J63+J67+J72+J73,"Вірно","Помилка") -> Вірно | K143: =IF(K43=K45+K46+K58+K59+K62+K63+K67+K72+K73,"Вірно","Помилка") -> Вірно | L143: =IF(L43=L45+L46+L58+L59+L62+L63+L67+L72+L73,"Вірно","Помилка") -> Вірно | ... Z143: =IF(Z43=Z45+Z46+Z58+Z59+Z62+Z63+Z67+Z72+Z73,"Вірно","Помилка") -> Вірно
E144: =IF(E46>=E47+E48+E49+E50+E51+E52+E53+E54+E55+E56+E57,"Вірно","Помилка") -> Вірно | F144: =IF(F46>=F47+F48+F49+F50+F51+F52+F53+F54+F55+F56+F57,"Вірно","Помилка") -> Вірно | G144: =IF(G46>=G47+G48+G49+G50+G51+G52+G53+G54+G55+G56+G57,"Вірно","Помилка") -> Вірно | H144: =IF(H46>=H47+H48+H49+H50+H51+H52+H53+H54+H55+H56+H57,"Вірно","Помилка") -> Вірно | I144: =IF(I46>=I47+I48+I49+I50+I51+I52+I53+I54+I55+I56+I57,"Вірно","Помилка") -> Вірно | J144: =IF(J46>=J47+J48+J49+J50+J51+J52+J53+J54+J55+J56+J57,"Вірно","Помилка") -> Вірно | K144: =IF(K46>=K47+K48+K49+K50+K51+K52+K53+K54+K55+K56+K57,"Вірно","Помилка") -> Вірно | L144: =IF(L46>=L47+L48+L49+L50+L51+L52+L53+L54+L55+L56+L57,"Вірно","Помилка") -> Вірно | ... Z144: =IF(Z46>=Z47+Z48+Z49+Z50+Z51+Z52+Z53+Z54+Z55+Z56+Z57,"Вірно","Помилка") -> Вірно
E145: =IF(E59>=E60+E61,"Вірно","Помилка") -> Вірно | F145: =IF(F59>=F60+F61,"Вірно","Помилка") -> Вірно | G145: =IF(G59>=G60+G61,"Вірно","Помилка") -> Вірно | H145: =IF(H59>=H60+H61,"Вірно","Помилка") -> Вірно | I145: =IF(I59>=I60+I61,"Вірно","Помилка") -> Вірно | J145: =IF(J59>=J60+J61,"Вірно","Помилка") -> Вірно | K145: =IF(K59>=K60+K61,"Вірно","Помилка") -> Вірно | L145: =IF(L59>=L60+L61,"Вірно","Помилка") -> Вірно | ... Z145: =IF(Z59>=Z60+Z61,"Вірно","Помилка") -> Вірно
E146: =IF(E63>=E64+E65+E66,"Вірно","Помилка") -> Вірно | F146: =IF(F63>=F64+F65+F66,"Вірно","Помилка") -> Вірно | G146: =IF(G63>=G64+G65+G66,"Вірно","Помилка") -> Вірно | H146: =IF(H63>=H64+H65+H66,"Вірно","Помилка") -> Вірно | I146: =IF(I63>=I64+I65+I66,"Вірно","Помилка") -> Вірно | J146: =IF(J63>=J64+J65+J66,"Вірно","Помилка") -> Вірно | K146: =IF(K63>=K64+K65+K66,"Вірно","Помилка") -> Вірно | L146: =IF(L63>=L64+L65+L66,"Вірно","Помилка") -> Вірно | ... Z146: =IF(Z63>=Z64+Z65+Z66,"Вірно","Помилка") -> Вірно
E147: =IF(E67>=E68+E69+E70+E71,"Вірно","Помилка") -> Вірно | F147: =IF(F67>=F68+F69+F70+F71,"Вірно","Помилка") -> Вірно | G147: =IF(G67>=G68+G69+G70+G71,"Вірно","Помилка") -> Вірно | H147: =IF(H67>=H68+H69+H70+H71,"Вірно","Помилка") -> Вірно | I147: =IF(I67>=I68+I69+I70+I71,"Вірно","Помилка") -> Вірно | J147: =IF(J67>=J68+J69+J70+J71,"Вірно","Помилка") -> Вірно | K147: =IF(K67>=K68+K69+K70+K71,"Вірно","Помилка") -> Вірно | L147: =IF(L67>=L68+L69+L70+L71,"Вірно","Помилка") -> Вірно | ... Z147: =IF(Z67>=Z68+Z69+Z70+Z71,"Вірно","Помилка") -> Вірно
E148: =IF(E74=E76+E77+E89+E90+E93+E94+E98+E103+E104,"Вірно","Помилка") -> Вірно | F148: =IF(F74=F76+F77+F89+F90+F93+F94+F98+F103+F104,"Вірно","Помилка") -> Вірно | G148: =IF(G74=G76+G77+G89+G90+G93+G94+G98+G103+G104,"Вірно","Помилка") -> Вірно | H148: =IF(H74=H76+H77+H89+H90+H93+H94+H98+H103+H104,"Вірно","Помилка") -> Вірно | I148: =IF(I74=I76+I77+I89+I90+I93+I94+I98+I103+I104,"Вірно","Помилка") -> Вірно | J148: =IF(J74=J76+J77+J89+J90+J93+J94+J98+J103+J104,"Вірно","Помилка") -> Вірно | K148: =IF(K74=K76+K77+K89+K90+K93+K94+K98+K103+K104,"Вірно","Помилка") -> Вірно | L148: =IF(L74=L76+L77+L89+L90+L93+L94+L98+L103+L104,"Вірно","Помилка") -> Вірно | ... Z148: =IF(Z74=Z76+Z77+Z89+Z90+Z93+Z94+Z98+Z103+Z104,"Вірно","Помилка") -> Вірно
E149: =IF(E77>=E78+E79+E80+E81+E82+E83+E84+E85+E86+E87+E88,"Вірно","Помилка") -> Вірно | F149: =IF(F77>=F78+F79+F80+F81+F82+F83+F84+F85+F86+F87+F88,"Вірно","Помилка") -> Вірно | G149: =IF(G77>=G78+G79+G80+G81+G82+G83+G84+G85+G86+G87+G88,"Вірно","Помилка") -> Вірно | H149: =IF(H77>=H78+H79+H80+H81+H82+H83+H84+H85+H86+H87+H88,"Вірно","Помилка") -> Вірно | I149: =IF(I77>=I78+I79+I80+I81+I82+I83+I84+I85+I86+I87+I88,"Вірно","Помилка") -> Вірно | J149: =IF(J77>=J78+J79+J80+J81+J82+J83+J84+J85+J86+J87+J88,"Вірно","Помилка") -> Вірно | K149: =IF(K77>=K78+K79+K80+K81+K82+K83+K84+K85+K86+K87+K88,"Вірно","Помилка") -> Вірно | L149: =IF(L77>=L78+L79+L80+L81+L82+L83+L84+L85+L86+L87+L88,"Вірно","Помилка") -> Вірно | ... Z149: =IF(Z77>=Z78+Z79+Z80+Z81+Z82+Z83+Z84+Z85+Z86+Z87+Z88,"Вірно","Помилка") -> Вірно
E150: =IF(E90>=E91+E92,"Вірно","Помилка") -> Вірно | F150: =IF(F90>=F91+F92,"Вірно","Помилка") -> Вірно | G150: =IF(G90>=G91+G92,"Вірно","Помилка") -> Вірно | H150: =IF(H90>=H91+H92,"Вірно","Помилка") -> Вірно | I150: =IF(I90>=I91+I92,"Вірно","Помилка") -> Вірно | J150: =IF(J90>=J91+J92,"Вірно","Помилка") -> Вірно | K150: =IF(K90>=K91+K92,"Вірно","Помилка") -> Вірно | L150: =IF(L90>=L91+L92,"Вірно","Помилка") -> Вірно | ... Z150: =IF(Z90>=Z91+Z92,"Вірно","Помилка") -> Вірно
E151: =IF(E94>=E95+E96+E97,"Вірно","Помилка") -> Вірно | F151: =IF(F94>=F95+F96+F97,"Вірно","Помилка") -> Вірно | G151: =IF(G94>=G95+G96+G97,"Вірно","Помилка") -> Вірно | H151: =IF(H94>=H95+H96+H97,"Вірно","Помилка") -> Вірно | I151: =IF(I94>=I95+I96+I97,"Вірно","Помилка") -> Вірно | J151: =IF(J94>=J95+J96+J97,"Вірно","Помилка") -> Вірно | K151: =IF(K94>=K95+K96+K97,"Вірно","Помилка") -> Вірно | L151: =IF(L94>=L95+L96+L97,"Вірно","Помилка") -> Вірно | ... Z151: =IF(Z94>=Z95+Z96+Z97,"Вірно","Помилка") -> Вірно
E152: =IF(E98>=E99+E100+E101+E102,"Вірно","Помилка") -> Вірно | F152: =IF(F98>=F99+F100+F101+F102,"Вірно","Помилка") -> Вірно | G152: =IF(G98>=G99+G100+G101+G102,"Вірно","Помилка") -> Вірно | H152: =IF(H98>=H99+H100+H101+H102,"Вірно","Помилка") -> Вірно | I152: =IF(I98>=I99+I100+I101+I102,"Вірно","Помилка") -> Вірно | J152: =IF(J98>=J99+J100+J101+J102,"Вірно","Помилка") -> Вірно | K152: =IF(K98>=K99+K100+K101+K102,"Вірно","Помилка") -> Вірно | L152: =IF(L98>=L99+L100+L101+L102,"Вірно","Помилка") -> Вірно | ... Z152: =IF(Z98>=Z99+Z100+Z101+Z102,"Вірно","Помилка") -> Вірно
E153: =IF(E105=E107+E108+E120+E121+E124+E125+E129+E134+E135,"Вірно","Помилка") -> Вірно | F153: =IF(F105=F107+F108+F120+F121+F124+F125+F129+F134+F135,"Вірно","Помилка") -> Вірно | G153: =IF(G105=G107+G108+G120+G121+G124+G125+G129+G134+G135,"Вірно","Помилка") -> Вірно | H153: =IF(H105=H107+H108+H120+H121+H124+H125+H129+H134+H135,"Вірно","Помилка") -> Вірно | I153: =IF(I105=I107+I108+I120+I121+I124+I125+I129+I134+I135,"Вірно","Помилка") -> Вірно | J153: =IF(J105=J107+J108+J120+J121+J124+J125+J129+J134+J135,"Вірно","Помилка") -> Вірно | K153: =IF(K105=K107+K108+K120+K121+K124+K125+K129+K134+K135,"Вірно","Помилка") -> Вірно | L153: =IF(L105=L107+L108+L120+L121+L124+L125+L129+L134+L135,"Вірно","Помилка") -> Вірно | ... Z153: =IF(Z105=Z107+Z108+Z120+Z121+Z124+Z125+Z129+Z134+Z135,"Вірно","Помилка") -> Вірно
E154: =IF(E108>=E109+E110+E111+E112+E113+E114+E115+E116+E117+E118+E119,"Вірно","Помилка") -> Вірно | F154: =IF(F108>=F109+F110+F111+F112+F113+F114+F115+F116+F117+F118+F119,"Вірно","Помилка") -> Вірно | G154: =IF(G108>=G109+G110+G111+G112+G113+G114+G115+G116+G117+G118+G119,"Вірно","Помилка") -> Вірно | H154: =IF(H108>=H109+H110+H111+H112+H113+H114+H115+H116+H117+H118+H119,"Вірно","Помилка") -> Вірно | I154: =IF(I108>=I109+I110+I111+I112+I113+I114+I115+I116+I117+I118+I119,"Вірно","Помилка") -> Вірно | J154: =IF(J108>=J109+J110+J111+J112+J113+J114+J115+J116+J117+J118+J119,"Вірно","Помилка") -> Вірно | K154: =IF(K108>=K109+K110+K111+K112+K113+K114+K115+K116+K117+K118+K119,"Вірно","Помилка") -> Вірно | L154: =IF(L108>=L109+L110+L111+L112+L113+L114+L115+L116+L117+L118+L119,"Вірно","Помилка") -> Вірно | ... Z154: =IF(Z108>=Z109+Z110+Z111+Z112+Z113+Z114+Z115+Z116+Z117+Z118+Z119,"Вірно","Помилка") -> Вірно
E155: =IF(E121>=E122+E123,"Вірно","Помилка") -> Вірно | F155: =IF(F121>=F122+F123,"Вірно","Помилка") -> Вірно | G155: =IF(G121>=G122+G123,"Вірно","Помилка") -> Вірно | H155: =IF(H121>=H122+H123,"Вірно","Помилка") -> Вірно | I155: =IF(I121>=I122+I123,"Вірно","Помилка") -> Вірно | J155: =IF(J121>=J122+J123,"Вірно","Помилка") -> Вірно | K155: =IF(K121>=K122+K123,"Вірно","Помилка") -> Вірно | L155: =IF(L121>=L122+L123,"Вірно","Помилка") -> Вірно | ... Z155: =IF(Z121>=Z122+Z123,"Вірно","Помилка") -> Вірно
E156: =IF(E125>=E126+E127+E128,"Вірно","Помилка") -> Вірно | F156: =IF(F125>=F126+F127+F128,"Вірно","Помилка") -> Вірно | G156: =IF(G125>=G126+G127+G128,"Вірно","Помилка") -> Вірно | H156: =IF(H125>=H126+H127+H128,"Вірно","Помилка") -> Вірно | I156: =IF(I125>=I126+I127+I128,"Вірно","Помилка") -> Вірно | J156: =IF(J125>=J126+J127+J128,"Вірно","Помилка") -> Вірно | K156: =IF(K125>=K126+K127+K128,"Вірно","Помилка") -> Вірно | L156: =IF(L125>=L126+L127+L128,"Вірно","Помилка") -> Вірно | ... Z156: =IF(Z125>=Z126+Z127+Z128,"Вірно","Помилка") -> Вірно
E157: =IF(E129>=E130+E131+E132+E133,"Вірно","Помилка") -> Вірно | F157: =IF(F129>=F130+F131+F132+F133,"Вірно","Помилка") -> Вірно | G157: =IF(G129>=G130+G131+G132+G133,"Вірно","Помилка") -> Вірно | H157: =IF(H129>=H130+H131+H132+H133,"Вірно","Помилка") -> Вірно | I157: =IF(I129>=I130+I131+I132+I133,"Вірно","Помилка") -> Вірно | J157: =IF(J129>=J130+J131+J132+J133,"Вірно","Помилка") -> Вірно | K157: =IF(K129>=K130+K131+K132+K133,"Вірно","Помилка") -> Вірно | L157: =IF(L129>=L130+L131+L132+L133,"Вірно","Помилка") -> Вірно | ... Z157: =IF(Z129>=Z130+Z131+Z132+Z133,"Вірно","Помилка") -> Вірно

Sheet 1200
A1: cd | B1: dsrdr | C1: clmn | D1: icd10 | E1: op_st | F1: op_st_inc | G1: op_st_inc_m | H1: op_st_inc_r | I1: op_st_inc_u18 | J1: op_st_inc_y | K1: op_st_inc_e | L1: op_st_hiv | M1: op_st_hbv | N1: op_st_hbc | O1: op_st_tbc | P1: op_st_od | Q1: op_st_stp | R1: op_st_stp_c | S1: op_st_stp_d_od | T1: op_st_stp_d_othr | U1: op_st_prv | V1: op_st_prv_m | W1: op_st_prv_r | X1: op_st_prv_u18 | Y1: op_st_prv_y | Z1: op_st_prv_e
B2: Таблиця 1200 | C2: Замісна підтримувальна терапія (ЗПТ)
B3: Найменування розладів | C3: Номер | D3: Код за МКХ-10 | E3: Кількість осіб, яким було розпочато надання ЗПТ | Q3: Кількість осіб, яким було завершено | U3: Кількість осіб, яким надавалась ЗПТ на кінець року
C4: рядка | E4: усього | F4: з них уперше | L4: у тому числі (з графи 1) | Q4: надання ЗПТ | U4: усього | V4: у тому числі
F5: усього | G5: у тому числі | L5: пацієнти | M5: пацієнти | N5: пацієнти | O5: пацієнти | P5: з випадками | Q5: усього | R5: з них у зв’язку | V5: чоловіки | W5: сільське | X5: за віковими групами
G6: чоловіки | H6: сільське | I6: за віковими групами | L6: з ВІЛ | M6: з гепатитом B | N6: з гепатитом C | O6: з туберкульозом | P6: передозування ПАР без | R6: з одужанням, | S6: зі смертю | T6: зі смертю | W6: населення | X6: діти | Y6: молодь | Z6: особи
H7: населення | I7: діти | J7: молодь | K7: особи похилого віку | P7: летального наслідку у звітному році | R7: стійкою ремісією | S7: від передозу-вання ПАР | T7: від інших причин | Z7: похилого віку
B9: А | C9: Б | D9: В | E9: 1 | F9: 2 | G9: 3 | H9: 4 | I9: 5 | J9: 6 | K9: 7 | L9: 8 | M9: 9 | N9: 10 | O9: 11 | P9: 12 | Q9: 13 | R9: 14 | S9: 15 | T9: 16 | U9: 17 | V9: 18 | W9: 19 | X9: 20 | Y9: 21 | Z9: 22
A10: f_1[0:9] | B10: Усього, внаслідок уживання ПАР | C10: 1.0 | D10: F10-F19 | E10: 1 | F10: 1 | G10: 1 | Q10: 1 | T10: 1 | U10: 11 | V10: 11 | W10: 6 | Y10: 1 | AB10: =IF(E10>=F10,"Вірно","Помилка") -> Вірно | AC10: =IF(F10>=G10,"Вірно","Помилка") -> Вірно | AD10: =IF(F10>=H10,"Вірно","Помилка") -> Вірно | AE10: =IF(F10>=I10,"Вірно","Помилка") -> Вірно | AF10: =IF(F10>=J10,"Вірно","Помилка") -> Вірно | AG10: =IF(F10>=K10,"Вірно","Помилка") -> Вірно | AH10: =IF(E10>=L10,"Вірно","Помилка") -> Вірно | AI10: =IF(E10>=M10,"Вірно","Помилка") -> Вірно | AJ10: =IF(E10>=N10,"Вірно","Помилка") -> Вірно | AK10: =IF(E10>=O10,"Вірно","Помилка") -> Вірно | AL10: =IF(E10>=P10,"Вірно","Помилка") -> Вірно | AM10: =IF(U10>=V10,"Вірно","Помилка") -> Вірно | AN10: =IF(U10>=W10,"Вірно","Помилка") -> Вірно | AO10: =IF(U10>=X10,"Вірно","Помилка") -> Вірно | AP10: =IF(U10>=Y10,"Вірно","Помилка") -> Вірно | AQ10: =IF(U10>=Z10,"Вірно","Помилка") -> Вірно | AR10: =IF(F10>=I10+K10,"Вірно","Помилка") -> Вірно | AS10: =IF(F10>=J10+K10,"Вірно","Помилка") -> Вірно | AT10: =IF(Q10>=R10+S10+T10,"Вірно","Помилка") -> Вірно | AU10: =IF(U10>=X10+Z10,"Вірно","Помилка") -> Вірно | AV10: =IF(U10>=Y10+Z10,"Вірно","Помилка") -> Вірно
B11: з них:
A12: f_1[0:9].[0:1] | B12: гостра інтоксикація та вживання зі шкідливими наслідками | C12: 2.0 | D12: F1x.0,1 | AB12: =IF(E12>=F12,"Вірно","Помилка") -> Вірно | AC12: =IF(F12>=G12,"Вірно","Помилка") -> Вірно | AD12: =IF(F12>=H12,"Вірно","Помилка") -> Вірно | AE12: =IF(F12>=I12,"Вірно","Помилка") -> Вірно | AF12: =IF(F12>=J12,"Вірно","Помилка") -> Вірно | AG12: =IF(F12>=K12,"Вірно","Помилка") -> Вірно | AH12: =IF(E12>=L12,"Вірно","Помилка") -> Вірно | AI12: =IF(E12>=M12,"Вірно","Помилка") -> Вірно | AJ12: =IF(E12>=N12,"Вірно","Помилка") -> Вірно | AK12: =IF(E12>=O12,"Вірно","Помилка") -> Вірно | AL12: =IF(E12>=P12,"Вірно","Помилка") -> Вірно | AM12: =IF(U12>=V12,"Вірно","Помилка") -> Вірно | AN12: =IF(U12>=W12,"Вірно","Помилка") -> Вірно | AO12: =IF(U12>=X12,"Вірно","Помилка") -> Вірно | AP12: =IF(U12>=Y12,"Вірно","Помилка") -> Вірно | AQ12: =IF(U12>=Z12,"Вірно","Помилка") -> Вірно | AR12: =IF(F12>=I12+K12,"Вірно","Помилка") -> Вірно | AS12: =IF(F12>=J12+K12,"Вірно","Помилка") -> Вірно | AT12: =IF(Q12>=R12+S12+T12,"Вірно","Помилка") -> Вірно | AU12: =IF(U12>=X12+Z12,"Вірно","Помилка") -> Вірно | AV12: =IF(U12>=Y12+Z12,"Вірно","Помилка") -> Вірно
B13: у тому числі внаслідок уживання:
A14: f_11.[0:1] | B14: опіоїдів | C14: 2.1 | D14: F11.0,1 | AB14: =IF(E14>=F14,"Вірно","Помилка") -> Вірно | AC14: =IF(F14>=G14,"Вірно","Помилка") -> Вірно | AD14: =IF(F14>=H14,"Вірно","Помилка") -> Вірно | AE14: =IF(F14>=I14,"Вірно","Помилка") -> Вірно | AF14: =IF(F14>=J14,"Вірно","Помилка") -> Вірно | AG14: =IF(F14>=K14,"Вірно","Помилка") -> Вірно | AH14: =IF(E14>=L14,"Вірно","Помилка") -> Вірно | AI14: =IF(E14>=M14,"Вірно","Помилка") -> Вірно | AJ14: =IF(E14>=N14,"Вірно","Помилка") -> Вірно | AK14: =IF(E14>=O14,"Вірно","Помилка") -> Вірно | AL14: =IF(E14>=P14,"Вірно","Помилка") -> Вірно | AM14: =IF(U14>=V14,"Вірно","Помилка") -> Вірно | AN14: =IF(U14>=W14,"Вірно","Помилка") -> Вірно | AO14: =IF(U14>=X14,"Вірно","Помилка") -> Вірно | AP14: =IF(U14>=Y14,"Вірно","Помилка") -> Вірно | AQ14: =IF(U14>=Z14,"Вірно","Помилка") -> Вірно | AR14: =IF(F14>=I14+K14,"Вірно","Помилка") -> Вірно | AS14: =IF(F14>=J14+K14,"Вірно","Помилка") -> Вірно | AT14: =IF(Q14>=R14+S14+T14,"Вірно","Помилка") -> Вірно | AU14: =IF(U14>=X14+Z14,"Вірно","Помилка") -> Вірно | AV14: =IF(U14>=Y14+Z14,"Вірно","Помилка") -> Вірно
A15: f_11.[0:1]_opm | B15: з них: опій | C15: 2.1.1 | D15: F11.0,1 (частина) | AB15: =IF(E15>=F15,"Вірно","Помилка") -> Вірно | AC15: =IF(F15>=G15,"Вірно","Помилка") -> Вірно | AD15: =IF(F15>=H15,"Вірно","Помилка") -> Вірно | AE15: =IF(F15>=I15,"Вірно","Помилка") -> Вірно | AF15: =IF(F15>=J15,"Вірно","Помилка") -> Вірно | AG15: =IF(F15>=K15,"Вірно","Помилка") -> Вірно | AH15: =IF(E15>=L15,"Вірно","Помилка") -> Вірно | AI15: =IF(E15>=M15,"Вірно","Помилка") -> Вірно | AJ15: =IF(E15>=N15,"Вірно","Помилка") -> Вірно | AK15: =IF(E15>=O15,"Вірно","Помилка") -> Вірно | AL15: =IF(E15>=P15,"Вірно","Помилка") -> Вірно | AM15: =IF(U15>=V15,"Вірно","Помилка") -> Вірно | AN15: =IF(U15>=W15,"Вірно","Помилка") -> Вірно | AO15: =IF(U15>=X15,"Вірно","Помилка") -> Вірно | AP15: =IF(U15>=Y15,"Вірно","Помилка") -> Вірно | AQ15: =IF(U15>=Z15,"Вірно","Помилка") -> Вірно | AR15: =IF(F15>=I15+K15,"Вірно","Помилка") -> Вірно | AS15: =IF(F15>=J15+K15,"Вірно","Помилка") -> Вірно | AT15: =IF(Q15>=R15+S15+T15,"Вірно","Помилка") -> Вірно | AU15: =IF(U15>=X15+Z15,"Вірно","Помилка") -> Вірно | AV15: =IF(U15>=Y15+Z15,"Вірно","Помилка") -> Вірно
A16: f_11.[0:1]_opm_a | B16: опій ацетильований | C16: 2.1.2 | D16: F11.0,1 (частина) | AB16: =IF(E16>=F16,"Вірно","Помилка") -> Вірно | AC16: =IF(F16>=G16,"Вірно","Помилка") -> Вірно | AD16: =IF(F16>=H16,"Вірно","Помилка") -> Вірно | AE16: =IF(F16>=I16,"Вірно","Помилка") -> Вірно | AF16: =IF(F16>=J16,"Вірно","Помилка") -> Вірно | AG16: =IF(F16>=K16,"Вірно","Помилка") -> Вірно | AH16: =IF(E16>=L16,"Вірно","Помилка") -> Вірно | AI16: =IF(E16>=M16,"Вірно","Помилка") -> Вірно | AJ16: =IF(E16>=N16,"Вірно","Помилка") -> Вірно | AK16: =IF(E16>=O16,"Вірно","Помилка") -> Вірно | AL16: =IF(E16>=P16,"Вірно","Помилка") -> Вірно | AM16: =IF(U16>=V16,"Вірно","Помилка") -> Вірно | AN16: =IF(U16>=W16,"Вірно","Помилка") -> Вірно | AO16: =IF(U16>=X16,"Вірно","Помилка") -> Вірно | AP16: =IF(U16>=Y16,"Вірно","Помилка") -> Вірно | AQ16: =IF(U16>=Z16,"Вірно","Помилка") -> Вірно | AR16: =IF(F16>=I16+K16,"Вірно","Помилка") -> Вірно | AS16: =IF(F16>=J16+K16,"Вірно","Помилка") -> Вірно | AT16: =IF(Q16>=R16+S16+T16,"Вірно","Помилка") -> Вірно | AU16: =IF(U16>=X16+Z16,"Вірно","Помилка") -> Вірно | AV16: =IF(U16>=Y16+Z16,"Вірно","Помилка") -> Вірно
A17: f_11.[0:1]_opd_othr_l | B17: інші синтетичні опіоїди | C17: 2.1.3 | D17: F11.0,1 (частина) | AB17: =IF(E17>=F17,"Вірно","Помилка") -> Вірно | AC17: =IF(F17>=G17,"Вірно","Помилка") -> Вірно | AD17: =IF(F17>=H17,"Вірно","Помилка") -> Вірно | AE17: =IF(F17>=I17,"Вірно","Помилка") -> Вірно | AF17: =IF(F17>=J17,"Вірно","Помилка") -> Вірно | AG17: =IF(F17>=K17,"Вірно","Помилка") -> Вірно | AH17: =IF(E17>=L17,"Вірно","Помилка") -> Вірно | AI17: =IF(E17>=M17,"Вірно","Помилка") -> Вірно | AJ17: =IF(E17>=N17,"Вірно","Помилка") -> Вірно | AK17: =IF(E17>=O17,"Вірно","Помилка") -> Вірно | AL17: =IF(E17>=P17,"Вірно","Помилка") -> Вірно | AM17: =IF(U17>=V17,"Вірно","Помилка") -> Вірно | AN17: =IF(U17>=W17,"Вірно","Помилка") -> Вірно | AO17: =IF(U17>=X17,"Вірно","Помилка") -> Вірно | AP17: =IF(U17>=Y17,"Вірно","Помилка") -> Вірно | AQ17: =IF(U17>=Z17,"Вірно","Помилка") -> Вірно | AR17: =IF(F17>=I17+K17,"Вірно","Помилка") -> Вірно | AS17: =IF(F17>=J17+K17,"Вірно","Помилка") -> Вірно | AT17: =IF(Q17>=R17+S17+T17,"Вірно","Помилка") -> Вірно | AU17: =IF(U17>=X17+Z17,"Вірно","Помилка") -> Вірно | AV17: =IF(U17>=Y17+Z17,"Вірно","Помилка") -> Вірно
A18: f_19.[0:1] | B18: поєднаних ПАР | C18: 2.2 | D18: F19.0,1 | AB18: =IF(E18>=F18,"Вірно","Помилка") -> Вірно | AC18: =IF(F18>=G18,"Вірно","Помилка") -> Вірно | AD18: =IF(F18>=H18,"Вірно","Помилка") -> Вірно | AE18: =IF(F18>=I18,"Вірно","Помилка") -> Вірно | AF18: =IF(F18>=J18,"Вірно","Помилка") -> Вірно | AG18: =IF(F18>=K18,"Вірно","Помилка") -> Вірно | AH18: =IF(E18>=L18,"Вірно","Помилка") -> Вірно | AI18: =IF(E18>=M18,"Вірно","Помилка") -> Вірно | AJ18: =IF(E18>=N18,"Вірно","Помилка") -> Вірно | AK18: =IF(E18>=O18,"Вірно","Помилка") -> Вірно | AL18: =IF(E18>=P18,"Вірно","Помилка") -> Вірно | AM18: =IF(U18>=V18,"Вірно","Помилка") -> Вірно | AN18: =IF(U18>=W18,"Вірно","Помилка") -> Вірно | AO18: =IF(U18>=X18,"Вірно","Помилка") -> Вірно | AP18: =IF(U18>=Y18,"Вірно","Помилка") -> Вірно | AQ18: =IF(U18>=Z18,"Вірно","Помилка") -> Вірно | AR18: =IF(F18>=I18+K18,"Вірно","Помилка") -> Вірно | AS18: =IF(F18>=J18+K18,"Вірно","Помилка") -> Вірно | AT18: =IF(Q18>=R18+S18+T18,"Вірно","Помилка") -> Вірно | AU18: =IF(U18>=X18+Z18,"Вірно","Помилка") -> Вірно | AV18: =IF(U18>=Y18+Z18,"Вірно","Помилка") -> Вірно
A19: f_1[0:9].[2:3] | B19: синдром залежності та стан відміни (абстинентний) | C19: 3.0 | D19: F1x.2,3 | E19: 1 | F19: 1 | G19: 1 | Q19: 1 | T19: 1 | U19: 11 | V19: 11 | W19: 6 | Y19: 1 | AB19: =IF(E19>=F19,"Вірно","Помилка") -> Вірно | AC19: =IF(F19>=G19,"Вірно","Помилка") -> Вірно | AD19: =IF(F19>=H19,"Вірно","Помилка") -> Вірно | AE19: =IF(F19>=I19,"Вірно","Помилка") -> Вірно | AF19: =IF(F19>=J19,"Вірно","Помилка") -> Вірно | AG19: =IF(F19>=K19,"Вірно","Помилка") -> Вірно | AH19: =IF(E19>=L19,"Вірно","Помилка") -> Вірно | AI19: =IF(E19>=M19,"Вірно","Помилка") -> Вірно | AJ19: =IF(E19>=N19,"Вірно","Помилка") -> Вірно | AK19: =IF(E19>=O19,"Вірно","Помилка") -> Вірно | AL19: =IF(E19>=P19,"Вірно","Помилка") -> Вірно | AM19: =IF(U19>=V19,"Вірно","Помилка") -> Вірно | AN19: =IF(U19>=W19,"Вірно","Помилка") -> Вірно | AO19: =IF(U19>=X19,"Вірно","Помилка") -> Вірно | AP19: =IF(U19>=Y19,"Вірно","Помилка") -> Вірно | AQ19: =IF(U19>=Z19,"Вірно","Помилка") -> Вірно | AR19: =IF(F19>=I19+K19,"Вірно","Помилка") -> Вірно | AS19: =IF(F19>=J19+K19,"Вірно","Помилка") -> Вірно | AT19: =IF(Q19>=R19+S19+T19,"Вірно","Помилка") -> Вірно | AU19: =IF(U19>=X19+Z19,"Вірно","Помилка") -> Вірно | AV19: =IF(U19>=Y19+Z19,"Вірно","Помилка") -> Вірно
B20: у тому числі внаслідок уживання:
