Workbook

Sheet Відповіді
A1: № з/п | B1: Назва ЗОЗ | C1: Чи стверена у закладі лікарсько- консультативна комісія (ЛКК)? | D1: П.І.Б. голови ЛКК (вказати повністю) | E1: Контактний номер телефону голови ЛКК
A2: 1 | B2: Госпрозрахункова стоматологічна поліклініка м. Львова | C2: ні | D2: - | E2: -
A3: 2 | B3: КЗ ЛОР Львівський медичний фаховий коледж післядипломної освіти | C3: ні | D3: - | E3: -
A4: 3 | B4: КЗ Львівської обласної ради "Бориславський фаховий медичний коледж" | C4: ні | D4: - | E4: -
A5: 4 | B5: КЗ Львівської обласної ради "Львівське обласне бюро судово-медичноi експертизи" | C5: ні
A6: 5 | B6: КЗ Львівської обласної ради "Львівський обласний центр медико-соціальної експертизи" | C6: ні | D6: - | E6: -
A7: 6 | B7: КЗ Львівської обласної ради "Самбірський фаховий медичний коледж" | C7: ні | D7: - | E7: -
A8: 7 | B8: КЗВО Львівської обласної ради "Львівська медична академія ім. А. Крупинського" | C8: ні | D8: - | E8: -
A9: 8 | B9: КНП "Лікарня Хоспіс» с. Сіде Ралівської сільської ради Самбірського району Львівської області | C9: ні | D9: в нашому закладі немає голови ЛКК | E9: -
A10: 9 | B10: КНП " Великомостівська міська лікарня" Великомостівської міської ради Львівської області | C10: так | D10: Владика Наталія Йосипівна | E10: 0974543927
A11: 10 | B11: КНП "1-а міська поліклініка м. Львова" | C11: так | D11: Яніцький Іван Петрович | E11: 0671030145
A12: 11 | B12: КНП "2-а міська поліклініка м.Львова" | C12: так | D12: Цар Ярина Степанівна | E12: 0988356457
A13: 12 | B13: КНП "3-я міська поліклініка м. Львова" | C13: так | D13: Мушинська Ірина Богданівна | E13: 032-267-00-04
A14: 13 | B14: КНП "4-а міська поліклініка м. Львова" | C14: так | D14: Орищич Галина Василівна, Бєлова Галина Андріївна | E14: 0688355334
A15: 14 | B15: КНП "5-а міська поліклініка м. Львова" | C15: так | D15: Остальська Зоряна Йосифівна, Дробот Оксана Миколаївна | E15: (032)236-87-14
A16: 15 | B16: КНП "6-а міська поліклініка м.Львова" | C16: так | D16: Хом’як Оксана Михайлівна, педіатрична ЛКК - Калагурка Мирослава Іванівна | E16: 0679087101; 067264978
A17: 16 | B17: КНП "Амбулаторія загальної практики сімейної медицини Підберізцівської сільської ради "Львівського району Львівської області" | C17: ні | D17: - | E17: -
... A48: 47 | B48: КНП "Львівське територіальне медичне об'єднання "Клінічна лікарня планового лікування, реабілітації та паліативної допомоги" | C48: так | D48: 1) Варська Оксана Василівна; 2) Гулей Наталія Романівна; 3) Саламай Галина Теодорівна; 4) Геренець Іван Данилович. | E48: 1)0663066544; 2)0679849856; 3)0677482014; 4)0968524940
A49: 48 | B49: КНП "Львівське територіальне медичне об'єднання" Багатопрофільна клінічна лікарня інтенсивних методів лікування та швидкої медичної допомоги" | C49: так | D49: Лесняк Олег Мар'янович, Сенюк Юрій Ігорович | E49: 38067936370
A50: 49 | B50: КНП "Меденицька лікарня" Меденицької селищної ради | C50: так | D50: Хоронжак Микола Теодозієвич | E50: 0982213141
A51: 50 | B51: КНП "Миколаївська міська лікарня" Миколаївської міської ради Стрийського району Львівської області | C51: так | D51: Павленко Наталія Анатоліївна | E51: 0975884138
A52: 51 | B52: КНП "Миколаївський міський центр первинної медико-санітарної допомоги" Миколаївської міської ради Стрийського району Львівської області | C52: ні | D52: - | E52: -
A53: 52 | B53: КНП "Модрицька амбулаторія загальної практики-сімейної медицини" Трускавецької міської ради Дрогобицького району Львівської області | C53: ні | D53: - | E53: -
A54: 53 | B54: КНП "Моршинська міська лікарня" Моршинської міської ради | C54: так | D54: Вацівський Любомир Осипович | E54: 0501545240
A55: 54 | B55: КНП "Мостиська міська лiкарня" Мостиської МР Львівської області" | C55: так | D55: Куземська Любомира Дмитрівна | E55: 0984943390
A56: 55 | B56: КНП "Новороздільська міська лікарня" Новороздільської міської ради | C56: так | D56: Крижанівська Ірина Степанівна | E56: 0989090557
A57: 56 | B57: КНП "Новояворівська лікарня імені Юрія Липи" Новояворівської міської ради | C57: так | D57: Михалик Уляна Вікторівна | E57: 0978562569
A58: 57 | B58: КНП "Новояворівський центр первинної медико-санітарної допомоги" Новояворівської міської ради | C58: так | D58: Кошовська Ірина Володимирівна | E58: 0679469625
A59: 58 | B59: КНП "Новояричівська районна лікарня" | C59: так | D59: Чекова Мар’яна Володимирівна | E59: 0677997673
A60: 59 | B60: КНП "Підбузька лікарня Східницької територіальної громади" | C60: так | D60: Грекул Ярослав Васильович | E60: 0983038069
A61: 60 | B61: КНП "Підкамінська міська лікарня" Підкамінської селищної ради | C61: ні | D61: - | E61: -
... A155: 153 | B155: Львівська обласна госпрозрахункова поліклініка | C155: ні | D155: - | E155: -

Sheet Перелік ЗОЗ
A1: Район | B1: Коротка назва ЗОЗ | C1: Відповідь | D1: Всього подано | E1: =NOW() -> 45579.656 | F1: =SUM(C2:C154) -> 153
A2: Дрогобицький | B2: КНП "Центральна міська лікарня м. Борислава" Бориславської міської ради | C2: =IF(COUNTIF(Відповіді!$B$2:$B$668,$B2)=0,0,1) -> 1
A3: Дрогобицький | B3: КП «КНП "Стоматологічна поліклініка"» Бориславської міської ради Львівської області | C3: =IF(COUNTIF(Відповіді!$B$2:$B$668,$B3)=0,0,1) -> 1
A4: Дрогобицький | B4: КНП "Болехівська амбулаторія загальної практики-сімейної медицини" Дрогобицької міської ради | C4: =IF(COUNTIF(Відповіді!$B$2:$B$668,$B4)=0,0,1) -> 1
A5: Дрогобицький | B5: КНП "Дрогобицька міська лікарня № 1" Дрогобицької міської ради | C5: =IF(COUNTIF(Відповіді!$B$2:$B$668,$B5)=0,0,1) -> 1
A6: Дрогобицький | B6: КНП "Дрогобицька міська лікарня №3" Дрогобицької міської ради | C6: =IF(COUNTIF(Відповіді!$B$2:$B$668,$B6)=0,0,1) -> 1
A7: Дрогобицький | B7: КНП "Дрогобицька міська поліклініка" Дрогобицької міської ради | C7: =IF(COUNTIF(Відповіді!$B$2:$B$668,$B7)=0,0,1) -> 1
A8: Дрогобицький | B8: КНП "Стебницька міська лікарня" Дрогобицької міської ради | C8: =IF(COUNTIF(Відповіді!$B$2:$B$668,$B8)=0,0,1) -> 1
A9: Дрогобицький | B9: КНП "Дрогобицька районна поліклініка" Дрогобицької міської ради | C9: =IF(COUNTIF(Відповіді!$B$2:$B$668,$B9)=0,0,1) -> 1
A10: Дрогобицький | B10: КНП "Меденицька лікарня" Меденицької селищної ради | C10: =IF(COUNTIF(Відповіді!$B$2:$B$668,$B10)=0,0,1) -> 1
A11: Дрогобицький | B11: КНП "Підбузька лікарня Східницької територіальної громади" | C11: =IF(COUNTIF(Відповіді!$B$2:$B$668,$B11)=0,0,1) -> 1
A12: Дрогобицький | B12: КНП "Центр первинної медико-санітарної допомоги" Східницької селищної ради | C12: =IF(COUNTIF(Відповіді!$B$2:$B$668,$B12)=0,0,1) -> 1
A13: Дрогобицький | B13: КНП "Трускавецька міська лікарня" Трускавецької міської ради | C13: =IF(COUNTIF(Відповіді!$B$2:$B$668,$B13)=0,0,1) -> 1
... A154: ЗОЗ обласного підпорядкування | B154: КНП Львівської обласної ради "Обласна база спеціального медичного постачання" | C154: =IF(COUNTIF(Відповіді!$B$2:$B$668,$B154)=0,0,1) -> 1
