Workbook

Sheet Звіт
F1: ="Аналітичний звіт про роботу надавача ПМД станом на "&TEXT(Dict!A2,"dd.mm.yyyy") -> Аналітичний звіт про роботу надавача ПМД станом на 01.08.2024
G2: =Dict!C2 -> 01996272, КОМУНАЛЬНЕ НЕКОМЕРЦІЙНЕ ПІДПРИЄМСТВО "ЗОЛОЧІВСЬКА ЦЕНТРАЛЬНА РАЙОННА ЛІКАРНЯ" ЗОЛОЧІВСЬКОЇ МІСЬКОЇ РАДИ ЗОЛОЧІВСЬКОГО РАЙОНУ ЛЬВІВСЬКОЇ ОБЛАСТІ
G3: Рівень звіту: | H3: Надавач | I3: <-- Обрати деталізацію звіту
G4: Профіль закладу
I5: =EOMONTH(J5,-2)+1 -> 45413 | J5: =EOMONTH(K5,-2)+1 -> 45444 | K5: =EOMONTH(Dict!$A$2,-2)+1 -> 45474 | L5: =Dict!$A$2 -> 45505 | M5: Зміна, за місяць
A6: 100 | B6: =VLOOKUP(A6,Індикатори!A:E,5,0) -> Заклад/Лікар | C6: =$H$3 -> Надавач | D6: =Dict!$A$2 -> 45505 | E6: Значення | H6: Кількість зареєстрованих місць надання допомоги: | I6: =IF(AND($B6="Надавач",$H$3<>"Надавач"),"-",SUMIFS(Заклад!$E:$E,Заклад!$A:$A,$A6,Заклад!$B:$B,$I$5,Заклад!$C:$C,Звіт!$C6)) -> 8 | J6: =IF(AND($B6="Надавач",$H$3<>"Надавач"),"-",SUMIFS(Заклад!$E:$E,Заклад!$A:$A,$A6,Заклад!$B:$B,$J$5,Заклад!$C:$C,Звіт!$C6)) -> 8 | K6: =IF(AND($B6="Надавач",$H$3<>"Надавач"),"-",SUMIFS(Заклад!$E:$E,Заклад!$A:$A,$A6,Заклад!$B:$B,$K$5,Заклад!$C:$C,Звіт!$C6)) -> 8 | L6: =IF(AND($B6="Надавач",$H$3<>"Надавач"),"-",SUMIFS(Заклад!$E:$E,Заклад!$A:$A,$A6,Заклад!$B:$B,$L$5,Заклад!$C:$C,Звіт!$C6)) -> 8 | M6: =IFERROR(L6-K6,"-") -> 0
A7: 101 | B7: =VLOOKUP(A7,Індикатори!A:E,5,0) -> Заклад/Лікар | C7: =$H$3 -> Надавач | D7: =Dict!$A$2 -> 45505 | E7: Значення | H7: Кількість зареєстрованих сімейних лікарів: | I7: =IF(AND($B7="Надавач",$H$3<>"Надавач"),"-",SUMIFS(Заклад!$E:$E,Заклад!$A:$A,$A7,Заклад!$B:$B,$I$5,Заклад!$C:$C,Звіт!$C7)) -> 27 | J7: =IF(AND($B7="Надавач",$H$3<>"Надавач"),"-",SUMIFS(Заклад!$E:$E,Заклад!$A:$A,$A7,Заклад!$B:$B,$J$5,Заклад!$C:$C,Звіт!$C7)) -> 27 | K7: =IF(AND($B7="Надавач",$H$3<>"Надавач"),"-",SUMIFS(Заклад!$E:$E,Заклад!$A:$A,$A7,Заклад!$B:$B,$K$5,Заклад!$C:$C,Звіт!$C7)) -> 27 | L7: =IF(AND($B7="Надавач",$H$3<>"Надавач"),"-",SUMIFS(Заклад!$E:$E,Заклад!$A:$A,$A7,Заклад!$B:$B,$L$5,Заклад!$C:$C,Звіт!$C7)) -> 27 | M7: =IFERROR(L7-K7,"-") -> 0
A8: 102 | B8: =VLOOKUP(A8,Індикатори!A:E,5,0) -> Заклад/Лікар | C8: =$H$3 -> Надавач | D8: =Dict!$A$2 -> 45505 | E8: Значення | H8: терапевтів: | I8: =IF(AND($B8="Надавач",$H$3<>"Надавач"),"-",SUMIFS(Заклад!$E:$E,Заклад!$A:$A,$A8,Заклад!$B:$B,$I$5,Заклад!$C:$C,Звіт!$C8)) -> 8 | J8: =IF(AND($B8="Надавач",$H$3<>"Надавач"),"-",SUMIFS(Заклад!$E:$E,Заклад!$A:$A,$A8,Заклад!$B:$B,$J$5,Заклад!$C:$C,Звіт!$C8)) -> 9 | K8: =IF(AND($B8="Надавач",$H$3<>"Надавач"),"-",SUMIFS(Заклад!$E:$E,Заклад!$A:$A,$A8,Заклад!$B:$B,$K$5,Заклад!$C:$C,Звіт!$C8)) -> 9 | L8: =IF(AND($B8="Надавач",$H$3<>"Надавач"),"-",SUMIFS(Заклад!$E:$E,Заклад!$A:$A,$A8,Заклад!$B:$B,$L$5,Заклад!$C:$C,Звіт!$C8)) -> 9 | M8: =IFERROR(L8-K8,"-") -> 0
A9: 103 | B9: =VLOOKUP(A9,Індикатори!A:E,5,0) -> Заклад/Лікар | C9: =$H$3 -> Надавач | D9: =Dict!$A$2 -> 45505 | E9: Значення | H9: педіатрів: | I9: =IF(AND($B9="Надавач",$H$3<>"Надавач"),"-",SUMIFS(Заклад!$E:$E,Заклад!$A:$A,$A9,Заклад!$B:$B,$I$5,Заклад!$C:$C,Звіт!$C9)) -> 13 | J9: =IF(AND($B9="Надавач",$H$3<>"Надавач"),"-",SUMIFS(Заклад!$E:$E,Заклад!$A:$A,$A9,Заклад!$B:$B,$J$5,Заклад!$C:$C,Звіт!$C9)) -> 13 | K9: =IF(AND($B9="Надавач",$H$3<>"Надавач"),"-",SUMIFS(Заклад!$E:$E,Заклад!$A:$A,$A9,Заклад!$B:$B,$K$5,Заклад!$C:$C,Звіт!$C9)) -> 13 | L9: =IF(AND($B9="Надавач",$H$3<>"Надавач"),"-",SUMIFS(Заклад!$E:$E,Заклад!$A:$A,$A9,Заклад!$B:$B,$L$5,Заклад!$C:$C,Звіт!$C9)) -> 13 | M9: =IFERROR(L9-K9,"-") -> 0
H10: Кількість декларацій: | I10: =SUM(I15:I19)+SUM(I24:I28) -> 48058 | J10: =SUM(J15:J19)+SUM(J24:J28) -> 48064 | K10: =SUM(K15:K19)+SUM(K24:K28) -> 47971 | L10: =SUM(L15:L19)+SUM(L24:L28) -> 47929 | M10: =L10-K10 -> -42
H12: Структура декларацій:
I13: =EOMONTH(J13,-2)+1 -> 45413 | J13: =EOMONTH(K13,-2)+1 -> 45444 | K13: =EOMONTH(Dict!$A$2,-2)+1 -> 45474 | L13: =Dict!$A$2 -> 45505 | M13: Зміна, за місяць
H14: Кількість задекларованих жінок за віковими групами:
A15: 109 | B15: =VLOOKUP(A15,Індикатори!A:E,5,0) -> Заклад/Лікар | C15: =$H$3 -> Надавач | D15: =Dict!$A$2 -> 45505 | E15: Значення | H15: 0-5 років | I15: =IF(AND($B15="Надавач",$H$3<>"Надавач"),"-",SUMIFS(Заклад!$E:$E,Заклад!$A:$A,$A15,Заклад!$B:$B,$I$5,Заклад!$C:$C,Звіт!$C15)) -> 1119 | J15: =IF(AND($B15="Надавач",$H$3<>"Надавач"),"-",SUMIFS(Заклад!$E:$E,Заклад!$A:$A,$A15,Заклад!$B:$B,$J$5,Заклад!$C:$C,Звіт!$C15)) -> 1111 | K15: =IF(AND($B15="Надавач",$H$3<>"Надавач"),"-",SUMIFS(Заклад!$E:$E,Заклад!$A:$A,$A15,Заклад!$B:$B,$K$5,Заклад!$C:$C,Звіт!$C15)) -> 1089 | L15: =IF(AND($B15="Надавач",$H$3<>"Надавач"),"-",SUMIFS(Заклад!$E:$E,Заклад!$A:$A,$A15,Заклад!$B:$B,$L$5,Заклад!$C:$C,Звіт!$C15)) -> 1078 | M15: =L15-K15 -> -11
A16: 110 | B16: =VLOOKUP(A16,Індикатори!A:E,5,0) -> Заклад/Лікар | C16: =$H$3 -> Надавач | D16: =Dict!$A$2 -> 45505 | E16: Значення | H16: 6-17 років | I16: =IF(AND($B16="Надавач",$H$3<>"Надавач"),"-",SUMIFS(Заклад!$E:$E,Заклад!$A:$A,$A16,Заклад!$B:$B,$I$5,Заклад!$C:$C,Звіт!$C16)) -> 3548 | J16: =IF(AND($B16="Надавач",$H$3<>"Надавач"),"-",SUMIFS(Заклад!$E:$E,Заклад!$A:$A,$A16,Заклад!$B:$B,$J$5,Заклад!$C:$C,Звіт!$C16)) -> 3545 | K16: =IF(AND($B16="Надавач",$H$3<>"Надавач"),"-",SUMIFS(Заклад!$E:$E,Заклад!$A:$A,$A16,Заклад!$B:$B,$K$5,Заклад!$C:$C,Звіт!$C16)) -> 3558 | L16: =IF(AND($B16="Надавач",$H$3<>"Надавач"),"-",SUMIFS(Заклад!$E:$E,Заклад!$A:$A,$A16,Заклад!$B:$B,$L$5,Заклад!$C:$C,Звіт!$C16)) -> 3554 | M16: =L16-K16 -> -4
A17: 111 | B17: =VLOOKUP(A17,Індикатори!A:E,5,0) -> Заклад/Лікар | C17: =$H$3 -> Надавач | D17: =Dict!$A$2 -> 45505 | E17: Значення | H17: 18-39 років | I17: =IF(AND($B17="Надавач",$H$3<>"Надавач"),"-",SUMIFS(Заклад!$E:$E,Заклад!$A:$A,$A17,Заклад!$B:$B,$I$5,Заклад!$C:$C,Звіт!$C17)) -> 6439 | J17: =IF(AND($B17="Надавач",$H$3<>"Надавач"),"-",SUMIFS(Заклад!$E:$E,Заклад!$A:$A,$A17,Заклад!$B:$B,$J$5,Заклад!$C:$C,Звіт!$C17)) -> 6427 | K17: =IF(AND($B17="Надавач",$H$3<>"Надавач"),"-",SUMIFS(Заклад!$E:$E,Заклад!$A:$A,$A17,Заклад!$B:$B,$K$5,Заклад!$C:$C,Звіт!$C17)) -> 6402 | L17: =IF(AND($B17="Надавач",$H$3<>"Надавач"),"-",SUMIFS(Заклад!$E:$E,Заклад!$A:$A,$A17,Заклад!$B:$B,$L$5,Заклад!$C:$C,Звіт!$C17)) -> 6388 | M17: =L17-K17 -> -14
A18: 112 | B18: =VLOOKUP(A18,Індикатори!A:E,5,0) -> Заклад/Лікар | C18: =$H$3 -> Надавач | D18: =Dict!$A$2 -> 45505 | E18: Значення | H18: 40-64 років | I18: =IF(AND($B18="Надавач",$H$3<>"Надавач"),"-",SUMIFS(Заклад!$E:$E,Заклад!$A:$A,$A18,Заклад!$B:$B,$I$5,Заклад!$C:$C,Звіт!$C18)) -> 8722 | J18: =IF(AND($B18="Надавач",$H$3<>"Надавач"),"-",SUMIFS(Заклад!$E:$E,Заклад!$A:$A,$A18,Заклад!$B:$B,$J$5,Заклад!$C:$C,Звіт!$C18)) -> 8736 | K18: =IF(AND($B18="Надавач",$H$3<>"Надавач"),"-",SUMIFS(Заклад!$E:$E,Заклад!$A:$A,$A18,Заклад!$B:$B,$K$5,Заклад!$C:$C,Звіт!$C18)) -> 8729 | L18: =IF(AND($B18="Надавач",$H$3<>"Надавач"),"-",SUMIFS(Заклад!$E:$E,Заклад!$A:$A,$A18,Заклад!$B:$B,$L$5,Заклад!$C:$C,Звіт!$C18)) -> 8737 | M18: =L18-K18 -> 8
A19: 113 | B19: =VLOOKUP(A19,Індикатори!A:E,5,0) -> Заклад/Лікар | C19: =$H$3 -> Надавач | D19: =Dict!$A$2 -> 45505 | E19: Значення | H19: 65+ років | I19: =IF(AND($B19="Надавач",$H$3<>"Надавач"),"-",SUMIFS(Заклад!$E:$E,Заклад!$A:$A,$A19,Заклад!$B:$B,$I$5,Заклад!$C:$C,Звіт!$C19)) -> 5370 | J19: =IF(AND($B19="Надавач",$H$3<>"Надавач"),"-",SUMIFS(Заклад!$E:$E,Заклад!$A:$A,$A19,Заклад!$B:$B,$J$5,Заклад!$C:$C,Звіт!$C19)) -> 5377 | K19: =IF(AND($B19="Надавач",$H$3<>"Надавач"),"-",SUMIFS(Заклад!$E:$E,Заклад!$A:$A,$A19,Заклад!$B:$B,$K$5,Заклад!$C:$C,Звіт!$C19)) -> 5361 | L19: =IF(AND($B19="Надавач",$H$3<>"Надавач"),"-",SUMIFS(Заклад!$E:$E,Заклад!$A:$A,$A19,Заклад!$B:$B,$L$5,Заклад!$C:$C,Звіт!$C19)) -> 5379 | M19: =L19-K19 -> 18
H20: Кількість декларацій: | I20: =SUM(I15:I19) -> 25198 | J20: =SUM(J15:J19) -> 25196 | K20: =SUM(K15:K19) -> 25139 | L20: =SUM(L15:L19) -> 25136 | M20: =L20-K20 -> -3
I22: =EOMONTH(J22,-2)+1 -> 45413 | J22: =EOMONTH(K22,-2)+1 -> 45444 | K22: =EOMONTH(Dict!$A$2,-2)+1 -> 45474 | L22: =Dict!$A$2 -> 45505 | M22: Зміна, за місяць
H23: Кількість задекларованих чоловіків за віковими групами:
A24: 104 | B24: =VLOOKUP(A24,Індикатори!A:E,5,0) -> Заклад/Лікар | C24: =$H$3 -> Надавач | D24: =Dict!$A$2 -> 45505 | E24: Значення | H24: 0-5 років | I24: =IF(AND($B24="Надавач",$H$3<>"Надавач"),"-",SUMIFS(Заклад!$E:$E,Заклад!$A:$A,$A24,Заклад!$B:$B,$I$5,Заклад!$C:$C,Звіт!$C24)) -> 1194 | J24: =IF(AND($B24="Надавач",$H$3<>"Надавач"),"-",SUMIFS(Заклад!$E:$E,Заклад!$A:$A,$A24,Заклад!$B:$B,$J$5,Заклад!$C:$C,Звіт!$C24)) -> 1179 | K24: =IF(AND($B24="Надавач",$H$3<>"Надавач"),"-",SUMIFS(Заклад!$E:$E,Заклад!$A:$A,$A24,Заклад!$B:$B,$K$5,Заклад!$C:$C,Звіт!$C24)) -> 1157 | L24: =IF(AND($B24="Надавач",$H$3<>"Надавач"),"-",SUMIFS(Заклад!$E:$E,Заклад!$A:$A,$A24,Заклад!$B:$B,$L$5,Заклад!$C:$C,Звіт!$C24)) -> 1127 | M24: =L24-K24 -> -30
A25: 105 | B25: =VLOOKUP(A25,Індикатори!A:E,5,0) -> Заклад/Лікар | C25: =$H$3 -> Надавач | D25: =Dict!$A$2 -> 45505 | E25: Значення | H25: 6-17 років | I25: =IF(AND($B25="Надавач",$H$3<>"Надавач"),"-",SUMIFS(Заклад!$E:$E,Заклад!$A:$A,$A25,Заклад!$B:$B,$I$5,Заклад!$C:$C,Звіт!$C25)) -> 3854 | J25: =IF(AND($B25="Надавач",$H$3<>"Надавач"),"-",SUMIFS(Заклад!$E:$E,Заклад!$A:$A,$A25,Заклад!$B:$B,$J$5,Заклад!$C:$C,Звіт!$C25)) -> 3857 | K25: =IF(AND($B25="Надавач",$H$3<>"Надавач"),"-",SUMIFS(Заклад!$E:$E,Заклад!$A:$A,$A25,Заклад!$B:$B,$K$5,Заклад!$C:$C,Звіт!$C25)) -> 3860 | L25: =IF(AND($B25="Надавач",$H$3<>"Надавач"),"-",SUMIFS(Заклад!$E:$E,Заклад!$A:$A,$A25,Заклад!$B:$B,$L$5,Заклад!$C:$C,Звіт!$C25)) -> 3866 | M25: =L25-K25 -> 6
A26: 106 | B26: =VLOOKUP(A26,Індикатори!A:E,5,0) -> Заклад/Лікар | C26: =$H$3 -> Надавач | D26: =Dict!$A$2 -> 45505 | E26: Значення | H26: 18-39 років | I26: =IF(AND($B26="Надавач",$H$3<>"Надавач"),"-",SUMIFS(Заклад!$E:$E,Заклад!$A:$A,$A26,Заклад!$B:$B,$I$5,Заклад!$C:$C,Звіт!$C26)) -> 6799 | J26: =IF(AND($B26="Надавач",$H$3<>"Надавач"),"-",SUMIFS(Заклад!$E:$E,Заклад!$A:$A,$A26,Заклад!$B:$B,$J$5,Заклад!$C:$C,Звіт!$C26)) -> 6770 | K26: =IF(AND($B26="Надавач",$H$3<>"Надавач"),"-",SUMIFS(Заклад!$E:$E,Заклад!$A:$A,$A26,Заклад!$B:$B,$K$5,Заклад!$C:$C,Звіт!$C26)) -> 6769 | L26: =IF(AND($B26="Надавач",$H$3<>"Надавач"),"-",SUMIFS(Заклад!$E:$E,Заклад!$A:$A,$A26,Заклад!$B:$B,$L$5,Заклад!$C:$C,Звіт!$C26)) -> 6738 | M26: =L26-K26 -> -31
A27: 107 | B27: =VLOOKUP(A27,Індикатори!A:E,5,0) -> Заклад/Лікар | C27: =$H$3 -> Надавач | D27: =Dict!$A$2 -> 45505 | E27: Значення | H27: 40-64 років | I27: =IF(AND($B27="Надавач",$H$3<>"Надавач"),"-",SUMIFS(Заклад!$E:$E,Заклад!$A:$A,$A27,Заклад!$B:$B,$I$5,Заклад!$C:$C,Звіт!$C27)) -> 8051 | J27: =IF(AND($B27="Надавач",$H$3<>"Надавач"),"-",SUMIFS(Заклад!$E:$E,Заклад!$A:$A,$A27,Заклад!$B:$B,$J$5,Заклад!$C:$C,Звіт!$C27)) -> 8072 | K27: =IF(AND($B27="Надавач",$H$3<>"Надавач"),"-",SUMIFS(Заклад!$E:$E,Заклад!$A:$A,$A27,Заклад!$B:$B,$K$5,Заклад!$C:$C,Звіт!$C27)) -> 8058 | L27: =IF(AND($B27="Надавач",$H$3<>"Надавач"),"-",SUMIFS(Заклад!$E:$E,Заклад!$A:$A,$A27,Заклад!$B:$B,$L$5,Заклад!$C:$C,Звіт!$C27)) -> 8065 | M27: =L27-K27 -> 7
A28: 108 | B28: =VLOOKUP(A28,Індикатори!A:E,5,0) -> Заклад/Лікар | C28: =$H$3 -> Надавач | D28: =Dict!$A$2 -> 45505 | E28: Значення | H28: 65+ років | I28: =IF(AND($B28="Надавач",$H$3<>"Надавач"),"-",SUMIFS(Заклад!$E:$E,Заклад!$A:$A,$A28,Заклад!$B:$B,$I$5,Заклад!$C:$C,Звіт!$C28)) -> 2962 | J28: =IF(AND($B28="Надавач",$H$3<>"Надавач"),"-",SUMIFS(Заклад!$E:$E,Заклад!$A:$A,$A28,Заклад!$B:$B,$J$5,Заклад!$C:$C,Звіт!$C28)) -> 2990 | K28: =IF(AND($B28="Надавач",$H$3<>"Надавач"),"-",SUMIFS(Заклад!$E:$E,Заклад!$A:$A,$A28,Заклад!$B:$B,$K$5,Заклад!$C:$C,Звіт!$C28)) -> 2988 | L28: =IF(AND($B28="Надавач",$H$3<>"Надавач"),"-",SUMIFS(Заклад!$E:$E,Заклад!$A:$A,$A28,Заклад!$B:$B,$L$5,Заклад!$C:$C,Звіт!$C28)) -> 2997 | M28: =L28-K28 -> 9
H29: Кількість декларацій: | I29: =SUM(I24:I28) -> 22860 | J29: =SUM(J24:J28) -> 22868 | K29: =SUM(K24:K28) -> 22832 | L29: =SUM(L24:L28) -> 22793 | M29: =L29-K29 -> -39
G30: Електронні Медичні записи:
I31: =EOMONTH(J31,-2)+1 -> 45413 | J31: =EOMONTH(K31,-2)+1 -> 45444 | K31: =EOMONTH(Dict!$A$2,-2)+1 -> 45474 | L31: =Dict!$A$2 -> 45505 | M31: Зміна, за місяць
A32: 114 | B32: =VLOOKUP(A32,Індикатори!A:E,5,0) -> Заклад/Лікар | C32: =$H$3 -> Надавач | D32: =Dict!$A$2 -> 45505 | E32: Значення | H32: Загальна кількість прийомів (на основі ЕМЗ) за попередній місяць: | I32: =IF(AND($B32="Надавач",$H$3<>"Надавач"),"-",SUMIFS(Заклад!$E:$E,Заклад!$A:$A,$A32,Заклад!$B:$B,$I$31,Заклад!$C:$C,Звіт!$C32)) -> 17318 | J32: =IF(AND($B32="Надавач",$H$3<>"Надавач"),"-",SUMIFS(Заклад!$E:$E,Заклад!$A:$A,$A32,Заклад!$B:$B,$J$31,Заклад!$C:$C,Звіт!$C32)) -> 16013 | K32: =IF(AND($B32="Надавач",$H$3<>"Надавач"),"-",SUMIFS(Заклад!$E:$E,Заклад!$A:$A,$A32,Заклад!$B:$B,$K$31,Заклад!$C:$C,Звіт!$C32)) -> 11585 | L32: =IF(AND($B32="Надавач",$H$3<>"Надавач"),"-",SUMIFS(Заклад!$E:$E,Заклад!$A:$A,$A32,Заклад!$B:$B,$L$31,Заклад!$C:$C,Звіт!$C32)) -> 13085 | M32: =L32-K32 -> 1500
A33: 115 | B33: =VLOOKUP(A33,Індикатори!A:E,5,0) -> Заклад/Лікар | C33: =$H$3 -> Надавач | D33: =Dict!$A$2 -> 45505 | E33: Значення | H33: з них засобами телемедицини | I33: =IF(AND($B33="Надавач",$H$3<>"Надавач"),"-",SUMIFS(Заклад!$E:$E,Заклад!$A:$A,$A33,Заклад!$B:$B,$I$31,Заклад!$C:$C,Звіт!$C33)) -> 810 | J33: =IF(AND($B33="Надавач",$H$3<>"Надавач"),"-",SUMIFS(Заклад!$E:$E,Заклад!$A:$A,$A33,Заклад!$B:$B,$J$31,Заклад!$C:$C,Звіт!$C33)) -> 548 | K33: =IF(AND($B33="Надавач",$H$3<>"Надавач"),"-",SUMIFS(Заклад!$E:$E,Заклад!$A:$A,$A33,Заклад!$B:$B,$K$31,Заклад!$C:$C,Звіт!$C33)) -> 364 | L33: =IF(AND($B33="Надавач",$H$3<>"Надавач"),"-",SUMIFS(Заклад!$E:$E,Заклад!$A:$A,$A33,Заклад!$B:$B,$L$31,Заклад!$C:$C,Звіт!$C33)) -> 381 | M33: =L33-K33 -> 17
A34: 116 | B34: =VLOOKUP(A34,Індикатори!A:E,5,0) -> Заклад/Лікар | C34: =$H$3 -> Надавач | D34: =Dict!$A$2 -> 45505 | E34: Значення | H34: з них на дому | I34: =IF(AND($B34="Надавач",$H$3<>"Надавач"),"-",SUMIFS(Заклад!$E:$E,Заклад!$A:$A,$A34,Заклад!$B:$B,$I$31,Заклад!$C:$C,Звіт!$C34)) -> 74 | J34: =IF(AND($B34="Надавач",$H$3<>"Надавач"),"-",SUMIFS(Заклад!$E:$E,Заклад!$A:$A,$A34,Заклад!$B:$B,$J$31,Заклад!$C:$C,Звіт!$C34)) -> 75 | K34: =IF(AND($B34="Надавач",$H$3<>"Надавач"),"-",SUMIFS(Заклад!$E:$E,Заклад!$A:$A,$A34,Заклад!$B:$B,$K$31,Заклад!$C:$C,Звіт!$C34)) -> 46 | L34: =IF(AND($B34="Надавач",$H$3<>"Надавач"),"-",SUMIFS(Заклад!$E:$E,Заклад!$A:$A,$A34,Заклад!$B:$B,$L$31,Заклад!$C:$C,Звіт!$C34)) -> 72 | M34: =L34-K34 -> 26
H35: Кількість взаємодій по пакетам ПМГ:
A36: 120 | B36: =VLOOKUP(A36,Індикатори!A:E,5,0) -> Заклад/Лікар | C36: =$H$3 -> Надавач | D36: =Dict!$A$2 -> 45505 | E36: Значення | H36: Взаємодій віднесених до пакету ПМД | I36: =IF(AND($B36="Надавач",$H$3<>"Надавач"),"-",SUMIFS(Заклад!$E:$E,Заклад!$A:$A,$A36,Заклад!$B:$B,$I$31,Заклад!$C:$C,Звіт!$C36)) -> 17123 | J36: =IF(AND($B36="Надавач",$H$3<>"Надавач"),"-",SUMIFS(Заклад!$E:$E,Заклад!$A:$A,$A36,Заклад!$B:$B,$J$31,Заклад!$C:$C,Звіт!$C36)) -> 15847 | K36: =IF(AND($B36="Надавач",$H$3<>"Надавач"),"-",SUMIFS(Заклад!$E:$E,Заклад!$A:$A,$A36,Заклад!$B:$B,$K$31,Заклад!$C:$C,Звіт!$C36)) -> 11370 | L36: =IF(AND($B36="Надавач",$H$3<>"Надавач"),"-",SUMIFS(Заклад!$E:$E,Заклад!$A:$A,$A36,Заклад!$B:$B,$L$31,Заклад!$C:$C,Звіт!$C36)) -> 13031 | M36: =L36-K36 -> 1661
A37: 121 | B37: =VLOOKUP(A37,Індикатори!A:E,5,0) -> Заклад/Лікар | C37: =$H$3 -> Надавач | D37: =Dict!$A$2 -> 45505 | E37: Значення | H37: Взаємодій віднесених до пакету супровід хворих на туберкульоз | I37: =IF(AND($B37="Надавач",$H$3<>"Надавач"),"-",SUMIFS(Заклад!$E:$E,Заклад!$A:$A,$A37,Заклад!$B:$B,$I$31,Заклад!$C:$C,Звіт!$C37)) -> 0 | J37: =IF(AND($B37="Надавач",$H$3<>"Надавач"),"-",SUMIFS(Заклад!$E:$E,Заклад!$A:$A,$A37,Заклад!$B:$B,$J$31,Заклад!$C:$C,Звіт!$C37)) -> 0 | K37: =IF(AND($B37="Надавач",$H$3<>"Надавач"),"-",SUMIFS(Заклад!$E:$E,Заклад!$A:$A,$A37,Заклад!$B:$B,$K$31,Заклад!$C:$C,Звіт!$C37)) -> 0 | L37: =IF(AND($B37="Надавач",$H$3<>"Надавач"),"-",SUMIFS(Заклад!$E:$E,Заклад!$A:$A,$A37,Заклад!$B:$B,$L$31,Заклад!$C:$C,Звіт!$C37)) -> 0 | M37: =L37-K37 -> 0
A38: 122 | B38: =VLOOKUP(A38,Індикатори!A:E,5,0) -> Заклад/Лікар | C38: =$H$3 -> Надавач | D38: =Dict!$A$2 -> 45505 | E38: Значення | H38: Взаємодій віднесених до пакету супровід осіб з психічними розладами | I38: =IF(AND($B38="Надавач",$H$3<>"Надавач"),"-",SUMIFS(Заклад!$E:$E,Заклад!$A:$A,$A38,Заклад!$B:$B,$I$31,Заклад!$C:$C,Звіт!$C38)) -> 195 | J38: =IF(AND($B38="Надавач",$H$3<>"Надавач"),"-",SUMIFS(Заклад!$E:$E,Заклад!$A:$A,$A38,Заклад!$B:$B,$J$31,Заклад!$C:$C,Звіт!$C38)) -> 166 | K38: =IF(AND($B38="Надавач",$H$3<>"Надавач"),"-",SUMIFS(Заклад!$E:$E,Заклад!$A:$A,$A38,Заклад!$B:$B,$K$31,Заклад!$C:$C,Звіт!$C38)) -> 215 | L38: =IF(AND($B38="Надавач",$H$3<>"Надавач"),"-",SUMIFS(Заклад!$E:$E,Заклад!$A:$A,$A38,Заклад!$B:$B,$L$31,Заклад!$C:$C,Звіт!$C38)) -> 54 | M38: =L38-K38 -> -161
A39: 123 | B39: =VLOOKUP(A39,Індикатори!A:E,5,0) -> Заклад/Лікар | C39: =$H$3 -> Надавач | D39: =Dict!$A$2 -> 45505 | E39: Значення | H39: Взаємодій віднесених до пакету ВІЛ | I39: =IF(AND($B39="Надавач",$H$3<>"Надавач"),"-",SUMIFS(Заклад!$E:$E,Заклад!$A:$A,$A39,Заклад!$B:$B,$I$31,Заклад!$C:$C,Звіт!$C39)) -> 0 | J39: =IF(AND($B39="Надавач",$H$3<>"Надавач"),"-",SUMIFS(Заклад!$E:$E,Заклад!$A:$A,$A39,Заклад!$B:$B,$J$31,Заклад!$C:$C,Звіт!$C39)) -> 0 | K39: =IF(AND($B39="Надавач",$H$3<>"Надавач"),"-",SUMIFS(Заклад!$E:$E,Заклад!$A:$A,$A39,Заклад!$B:$B,$K$31,Заклад!$C:$C,Звіт!$C39)) -> 0 | L39: =IF(AND($B39="Надавач",$H$3<>"Надавач"),"-",SUMIFS(Заклад!$E:$E,Заклад!$A:$A,$A39,Заклад!$B:$B,$L$31,Заклад!$C:$C,Звіт!$C39)) -> 0 | M39: =L39-K39 -> 0
A40: 124 | B40: =VLOOKUP(A40,Індикатори!A:E,5,0) -> Заклад/Лікар | C40: =$H$3 -> Надавач | D40: =Dict!$A$2 -> 45505 | E40: Значення | H40: Взаємодій віднесених до пакету ЗПТ | I40: =IF(AND($B40="Надавач",$H$3<>"Надавач"),"-",SUMIFS(Заклад!$E:$E,Заклад!$A:$A,$A40,Заклад!$B:$B,$I$31,Заклад!$C:$C,Звіт!$C40)) -> 0 | J40: =IF(AND($B40="Надавач",$H$3<>"Надавач"),"-",SUMIFS(Заклад!$E:$E,Заклад!$A:$A,$A40,Заклад!$B:$B,$J$31,Заклад!$C:$C,Звіт!$C40)) -> 0 | K40: =IF(AND($B40="Надавач",$H$3<>"Надавач"),"-",SUMIFS(Заклад!$E:$E,Заклад!$A:$A,$A40,Заклад!$B:$B,$K$31,Заклад!$C:$C,Звіт!$C40)) -> 0 | L40: =IF(AND($B40="Надавач",$H$3<>"Надавач"),"-",SUMIFS(Заклад!$E:$E,Заклад!$A:$A,$A40,Заклад!$B:$B,$L$31,Заклад!$C:$C,Звіт!$C40)) -> 0 | M40: =L40-K40 -> 0
A41: 125 | B41: =VLOOKUP(A41,Індикатори!A:E,5,0) -> Заклад/Лікар | C41: =$H$3 -> Надавач | D41: =Dict!$A$2 -> 45505 | E41: Значення | H41: Взаємодій віднесених до пакету моб паліатив | I41: =IF(AND($B41="Надавач",$H$3<>"Надавач"),"-",SUMIFS(Заклад!$E:$E,Заклад!$A:$A,$A41,Заклад!$B:$B,$I$31,Заклад!$C:$C,Звіт!$C41)) -> 0 | J41: =IF(AND($B41="Надавач",$H$3<>"Надавач"),"-",SUMIFS(Заклад!$E:$E,Заклад!$A:$A,$A41,Заклад!$B:$B,$J$31,Заклад!$C:$C,Звіт!$C41)) -> 0 | K41: =IF(AND($B41="Надавач",$H$3<>"Надавач"),"-",SUMIFS(Заклад!$E:$E,Заклад!$A:$A,$A41,Заклад!$B:$B,$K$31,Заклад!$C:$C,Звіт!$C41)) -> 0 | L41: =IF(AND($B41="Надавач",$H$3<>"Надавач"),"-",SUMIFS(Заклад!$E:$E,Заклад!$A:$A,$A41,Заклад!$B:$B,$L$31,Заклад!$C:$C,Звіт!$C41)) -> 0 | M41: =L41-K41 -> 0
A42: 126 | B42: =VLOOKUP(A42,Індикатори!A:E,5,0) -> Заклад/Лікар | C42: =$H$3 -> Надавач | D42: =Dict!$A$2 -> 45505 | E42: Значення | H42: Взаємодій не віднесених до жодного пакету | I42: =IF(AND($B42="Надавач",$H$3<>"Надавач"),"-",SUMIFS(Заклад!$E:$E,Заклад!$A:$A,$A42,Заклад!$B:$B,$I$31,Заклад!$C:$C,Звіт!$C42)) -> 48 | J42: =IF(AND($B42="Надавач",$H$3<>"Надавач"),"-",SUMIFS(Заклад!$E:$E,Заклад!$A:$A,$A42,Заклад!$B:$B,$J$31,Заклад!$C:$C,Звіт!$C42)) -> 28 | K42: =IF(AND($B42="Надавач",$H$3<>"Надавач"),"-",SUMIFS(Заклад!$E:$E,Заклад!$A:$A,$A42,Заклад!$B:$B,$K$31,Заклад!$C:$C,Звіт!$C42)) -> 31 | L42: =IF(AND($B42="Надавач",$H$3<>"Надавач"),"-",SUMIFS(Заклад!$E:$E,Заклад!$A:$A,$A42,Заклад!$B:$B,$L$31,Заклад!$C:$C,Звіт!$C42)) -> 28 | M42: =L42-K42 -> -3
G44: Електронні Направлення:
I45: =EOMONTH(J45,-2)+1 -> 45413 | J45: =EOMONTH(K45,-2)+1 -> 45444 | K45: =EOMONTH(Dict!$A$2,-2)+1 -> 45474 | L45: =Dict!$A$2 -> 45505 | M45: Зміна, за місяць
A46: 127 | B46: =VLOOKUP(A46,Індикатори!A:E,5,0) -> Заклад/Лікар | C46: =$H$3 -> Надавач | D46: =Dict!$A$2 -> 45505 | E46: Значення | H46: Всього висписано направлень: | I46: =IF(AND($B46="Надавач",$H$3<>"Надавач"),"-",SUMIFS(Заклад!$E:$E,Заклад!$A:$A,$A46,Заклад!$B:$B,$I$45,Заклад!$C:$C,Звіт!$C46)) -> 10841 | J46: =IF(AND($B46="Надавач",$H$3<>"Надавач"),"-",SUMIFS(Заклад!$E:$E,Заклад!$A:$A,$A46,Заклад!$B:$B,$J$45,Заклад!$C:$C,Звіт!$C46)) -> 10949 | K46: =IF(AND($B46="Надавач",$H$3<>"Надавач"),"-",SUMIFS(Заклад!$E:$E,Заклад!$A:$A,$A46,Заклад!$B:$B,$K$45,Заклад!$C:$C,Звіт!$C46)) -> 8223 | L46: =IF(AND($B46="Надавач",$H$3<>"Надавач"),"-",SUMIFS(Заклад!$E:$E,Заклад!$A:$A,$A46,Заклад!$B:$B,$L$45,Заклад!$C:$C,Звіт!$C46)) -> 9767 | M46: =L46-K46 -> 1544
A47: 128 | B47: =VLOOKUP(A47,Індикатори!A:E,5,0) -> Заклад/Лікар | C47: =$H$3 -> Надавач | D47: =Dict!$A$2 -> 45505 | E47: Значення | H47: Візуалізація | I47: =IF(AND($B47="Надавач",$H$3<>"Надавач"),"-",SUMIFS(Заклад!$E:$E,Заклад!$A:$A,$A47,Заклад!$B:$B,$I$45,Заклад!$C:$C,Звіт!$C47)) -> 1397 | J47: =IF(AND($B47="Надавач",$H$3<>"Надавач"),"-",SUMIFS(Заклад!$E:$E,Заклад!$A:$A,$A47,Заклад!$B:$B,$J$45,Заклад!$C:$C,Звіт!$C47)) -> 1357 | K47: =IF(AND($B47="Надавач",$H$3<>"Надавач"),"-",SUMIFS(Заклад!$E:$E,Заклад!$A:$A,$A47,Заклад!$B:$B,$K$45,Заклад!$C:$C,Звіт!$C47)) -> 1112 | L47: =IF(AND($B47="Надавач",$H$3<>"Надавач"),"-",SUMIFS(Заклад!$E:$E,Заклад!$A:$A,$A47,Заклад!$B:$B,$L$45,Заклад!$C:$C,Звіт!$C47)) -> 1326 | M47: =L47-K47 -> 214
A48: 129 | B48: =VLOOKUP(A48,Індикатори!A:E,5,0) -> Заклад/Лікар | C48: =$H$3 -> Надавач | D48: =Dict!$A$2 -> 45505 | E48: Значення | H48: Консультація | I48: =IF(AND($B48="Надавач",$H$3<>"Надавач"),"-",SUMIFS(Заклад!$E:$E,Заклад!$A:$A,$A48,Заклад!$B:$B,$I$45,Заклад!$C:$C,Звіт!$C48)) -> 3207 | J48: =IF(AND($B48="Надавач",$H$3<>"Надавач"),"-",SUMIFS(Заклад!$E:$E,Заклад!$A:$A,$A48,Заклад!$B:$B,$J$45,Заклад!$C:$C,Звіт!$C48)) -> 3519 | K48: =IF(AND($B48="Надавач",$H$3<>"Надавач"),"-",SUMIFS(Заклад!$E:$E,Заклад!$A:$A,$A48,Заклад!$B:$B,$K$45,Заклад!$C:$C,Звіт!$C48)) -> 2807 | L48: =IF(AND($B48="Надавач",$H$3<>"Надавач"),"-",SUMIFS(Заклад!$E:$E,Заклад!$A:$A,$A48,Заклад!$B:$B,$L$45,Заклад!$C:$C,Звіт!$C48)) -> 3194 | M48: =L48-K48 -> 387
A49: 130 | B49: =VLOOKUP(A49,Індикатори!A:E,5,0) -> Заклад/Лікар | C49: =$H$3 -> Надавач | D49: =Dict!$A$2 -> 45505 | E49: Значення | H49: Лабораторні дослідження | I49: =IF(AND($B49="Надавач",$H$3<>"Надавач"),"-",SUMIFS(Заклад!$E:$E,Заклад!$A:$A,$A49,Заклад!$B:$B,$I$45,Заклад!$C:$C,Звіт!$C49)) -> 5443 | J49: =IF(AND($B49="Надавач",$H$3<>"Надавач"),"-",SUMIFS(Заклад!$E:$E,Заклад!$A:$A,$A49,Заклад!$B:$B,$J$45,Заклад!$C:$C,Звіт!$C49)) -> 5323 | K49: =IF(AND($B49="Надавач",$H$3<>"Надавач"),"-",SUMIFS(Заклад!$E:$E,Заклад!$A:$A,$A49,Заклад!$B:$B,$K$45,Заклад!$C:$C,Звіт!$C49)) -> 3729 | L49: =IF(AND($B49="Надавач",$H$3<>"Надавач"),"-",SUMIFS(Заклад!$E:$E,Заклад!$A:$A,$A49,Заклад!$B:$B,$L$45,Заклад!$C:$C,Звіт!$C49)) -> 4626 | M49: =L49-K49 -> 897
A50: 131 | B50: =VLOOKUP(A50,Індикатори!A:E,5,0) -> Заклад/Лікар | C50: =$H$3 -> Надавач | D50: =Dict!$A$2 -> 45505 | E50: Значення | H50: Госпіталізація | I50: =IF(AND($B50="Надавач",$H$3<>"Надавач"),"-",SUMIFS(Заклад!$E:$E,Заклад!$A:$A,$A50,Заклад!$B:$B,$I$45,Заклад!$C:$C,Звіт!$C50)) -> 527 | J50: =IF(AND($B50="Надавач",$H$3<>"Надавач"),"-",SUMIFS(Заклад!$E:$E,Заклад!$A:$A,$A50,Заклад!$B:$B,$J$45,Заклад!$C:$C,Звіт!$C50)) -> 592 | K50: =IF(AND($B50="Надавач",$H$3<>"Надавач"),"-",SUMIFS(Заклад!$E:$E,Заклад!$A:$A,$A50,Заклад!$B:$B,$K$45,Заклад!$C:$C,Звіт!$C50)) -> 417 | L50: =IF(AND($B50="Надавач",$H$3<>"Надавач"),"-",SUMIFS(Заклад!$E:$E,Заклад!$A:$A,$A50,Заклад!$B:$B,$L$45,Заклад!$C:$C,Звіт!$C50)) -> 444 | M50: =L50-K50 -> 27
A51: 132 | B51: =VLOOKUP(A51,Індикатори!A:E,5,0) -> Заклад/Лікар | C51: =$H$3 -> Надавач | D51: =Dict!$A$2 -> 45505 | E51: Значення | H51: Лікувал.-діагностичні процедури | I51: =IF(AND($B51="Надавач",$H$3<>"Надавач"),"-",SUMIFS(Заклад!$E:$E,Заклад!$A:$A,$A51,Заклад!$B:$B,$I$45,Заклад!$C:$C,Звіт!$C51)) -> 153 | J51: =IF(AND($B51="Надавач",$H$3<>"Надавач"),"-",SUMIFS(Заклад!$E:$E,Заклад!$A:$A,$A51,Заклад!$B:$B,$J$45,Заклад!$C:$C,Звіт!$C51)) -> 92 | K51: =IF(AND($B51="Надавач",$H$3<>"Надавач"),"-",SUMIFS(Заклад!$E:$E,Заклад!$A:$A,$A51,Заклад!$B:$B,$K$45,Заклад!$C:$C,Звіт!$C51)) -> 92 | L51: =IF(AND($B51="Надавач",$H$3<>"Надавач"),"-",SUMIFS(Заклад!$E:$E,Заклад!$A:$A,$A51,Заклад!$B:$B,$L$45,Заклад!$C:$C,Звіт!$C51)) -> 82 | M51: =L51-K51 -> -10
A52: 133 | B52: =VLOOKUP(A52,Індикатори!A:E,5,0) -> Заклад/Лікар | C52: =$H$3 -> Надавач | D52: =Dict!$A$2 -> 45505 | E52: Значення | H52: Діагностині процедури | I52: =IF(AND($B52="Надавач",$H$3<>"Надавач"),"-",SUMIFS(Заклад!$E:$E,Заклад!$A:$A,$A52,Заклад!$B:$B,$I$45,Заклад!$C:$C,Звіт!$C52)) -> 94 | J52: =IF(AND($B52="Надавач",$H$3<>"Надавач"),"-",SUMIFS(Заклад!$E:$E,Заклад!$A:$A,$A52,Заклад!$B:$B,$J$45,Заклад!$C:$C,Звіт!$C52)) -> 51 | K52: =IF(AND($B52="Надавач",$H$3<>"Надавач"),"-",SUMIFS(Заклад!$E:$E,Заклад!$A:$A,$A52,Заклад!$B:$B,$K$45,Заклад!$C:$C,Звіт!$C52)) -> 60 | L52: =IF(AND($B52="Надавач",$H$3<>"Надавач"),"-",SUMIFS(Заклад!$E:$E,Заклад!$A:$A,$A52,Заклад!$B:$B,$L$45,Заклад!$C:$C,Звіт!$C52)) -> 89 | M52: =L52-K52 -> 29
A53: 134 | B53: =VLOOKUP(A53,Індикатори!A:E,5,0) -> Заклад/Лікар | C53: =$H$3 -> Надавач | D53: =Dict!$A$2 -> 45505 | E53: Значення | H53: Хірургічні процедури | I53: =IF(AND($B53="Надавач",$H$3<>"Надавач"),"-",SUMIFS(Заклад!$E:$E,Заклад!$A:$A,$A53,Заклад!$B:$B,$I$45,Заклад!$C:$C,Звіт!$C53)) -> 0 | J53: =IF(AND($B53="Надавач",$H$3<>"Надавач"),"-",SUMIFS(Заклад!$E:$E,Заклад!$A:$A,$A53,Заклад!$B:$B,$J$45,Заклад!$C:$C,Звіт!$C53)) -> 0 | K53: =IF(AND($B53="Надавач",$H$3<>"Надавач"),"-",SUMIFS(Заклад!$E:$E,Заклад!$A:$A,$A53,Заклад!$B:$B,$K$45,Заклад!$C:$C,Звіт!$C53)) -> 0 | L53: =IF(AND($B53="Надавач",$H$3<>"Надавач"),"-",SUMIFS(Заклад!$E:$E,Заклад!$A:$A,$A53,Заклад!$B:$B,$L$45,Заклад!$C:$C,Звіт!$C53)) -> 1 | M53: =L53-K53 -> 1
G55: Індикатори:
A57: 1 | G57: =VLOOKUP($A57,Індикатори!$A:$B,2,0) -> Співвідношення кількості медсестер до кількості лікарів на ПМД.
A58: 1 | E58: Опис | H58: =VLOOKUP($A58,Індикатори!$A:$G,7,0) -> Відображає середнє значення кількості зареєстрованих медичних сестер, яке припадає на 1 лікаря, які працюють в закладі. | I58: =EOMONTH(J58,-2)+1 -> 45413 | J58: =EOMONTH(K58,-2)+1 -> 45444 | K58: =EOMONTH(Dict!$A$2,-2)+1 -> 45474 | L58: =Dict!$A$2 -> 45505 | M58: Зміна, за місяць
A59: 1 | B59: =VLOOKUP(A59,Індикатори!A:E,5,0) -> Заклад | C59: =$H$3 -> Надавач | D59: =Dict!$A$2 -> 45505 | E59: Чисельник | H59: =VLOOKUP($A59,Індикатори!$A:$D,3,0) -> Кількість медичних сестер, що працюють на рівні ПМД: | I59: =IF(AND($B59="Надавач",$H$3<>"Надавач"),"-",SUMIFS(Заклад!$F:$F,Заклад!$A:$A,$A59,Заклад!$B:$B,$I58,Заклад!$C:$C,Звіт!$C59)) -> 52 | J59: =IF(AND($B59="Надавач",$H$3<>"Надавач"),"-",SUMIFS(Заклад!$F:$F,Заклад!$A:$A,$A59,Заклад!$B:$B,$J58,Заклад!$C:$C,Звіт!$C59)) -> 52 | K59: =IF(AND($B59="Надавач",$H$3<>"Надавач"),"-",SUMIFS(Заклад!$F:$F,Заклад!$A:$A,$A59,Заклад!$B:$B,$K58,Заклад!$C:$C,Звіт!$C59)) -> 52 | L59: =IF(AND($B59="Надавач",$H$3<>"Надавач"),"-",SUMIFS(Заклад!$F:$F,Заклад!$A:$A,$A59,Заклад!$B:$B,$L58,Заклад!$C:$C,Звіт!$C59)) -> 52 | M59: =IFERROR(L59-K59,"-") -> 0
A60: 1 | B60: =VLOOKUP(A60,Індикатори!A:E,5,0) -> Заклад | C60: =$H$3 -> Надавач | D60: =Dict!$A$2 -> 45505 | E60: Знаменник | H60: =VLOOKUP($A60,Індикатори!$A:$D,4,0) -> Кількість активних лікарів ПМД: | I60: =IF(AND($B60="Надавач",$H$3<>"Надавач"),"-",SUMIFS(Заклад!$G:$G,Заклад!$A:$A,$A60,Заклад!$B:$B,$I58,Заклад!$C:$C,Звіт!$C60)) -> 46 | J60: =IF(AND($B60="Надавач",$H$3<>"Надавач"),"-",SUMIFS(Заклад!$G:$G,Заклад!$A:$A,$A60,Заклад!$B:$B,$J58,Заклад!$C:$C,Звіт!$C60)) -> 47 | K60: =IF(AND($B60="Надавач",$H$3<>"Надавач"),"-",SUMIFS(Заклад!$G:$G,Заклад!$A:$A,$A60,Заклад!$B:$B,$K58,Заклад!$C:$C,Звіт!$C60)) -> 47 | L60: =IF(AND($B60="Надавач",$H$3<>"Надавач"),"-",SUMIFS(Заклад!$G:$G,Заклад!$A:$A,$A60,Заклад!$B:$B,$L58,Заклад!$C:$C,Звіт!$C60)) -> 47 | M60: =IFERROR(L60-K60,"-") -> 0
A61: 1 | B61: =VLOOKUP(A61,Індикатори!A:E,5,0) -> Заклад | C61: =$H$3 -> Надавач | D61: =Dict!$A$2 -> 45505 | E61: Значення | H61: Значення індикатора: | I61: =IF(AND($B61="Надавач",$H$3<>"Надавач"),"-",SUMIFS(Заклад!$E:$E,Заклад!$A:$A,$A61,Заклад!$B:$B,$I58,Заклад!$C:$C,Звіт!$C61)) -> 1.1304348 | J61: =IF(AND($B61="Надавач",$H$3<>"Надавач"),"-",SUMIFS(Заклад!$E:$E,Заклад!$A:$A,$A61,Заклад!$B:$B,$J58,Заклад!$C:$C,Звіт!$C61)) -> 1.106383 | K61: =IF(AND($B61="Надавач",$H$3<>"Надавач"),"-",SUMIFS(Заклад!$E:$E,Заклад!$A:$A,$A61,Заклад!$B:$B,$K58,Заклад!$C:$C,Звіт!$C61)) -> 1.106383 | L61: =IF(AND($B61="Надавач",$H$3<>"Надавач"),"-",SUMIFS(Заклад!$E:$E,Заклад!$A:$A,$A61,Заклад!$B:$B,$L58,Заклад!$C:$C,Звіт!$C61)) -> 1.106383 | M61: =IFERROR(L61-K61,"-") -> 0
A62: 1
A63: 2 | G63: =VLOOKUP($A63,Індикатори!$A:$B,2,0) -> Відсоток задекларованих пацієнтів у порівнянні з рекомендованою кількістю.
A64: 2 | E64: Опис | H64: =VLOOKUP($A64,Індикатори!$A:$G,7,0) -> Порівняння рекомендованої МОЗ кількості декларацій із фактичною кількістю декларацій у лікаря. | I64: =EOMONTH(J64,-2)+1 -> 45413 | J64: =EOMONTH(K64,-2)+1 -> 45444 | K64: =EOMONTH(Dict!$A$2,-2)+1 -> 45474 | L64: =Dict!$A$2 -> 45505 | M64: Зміна, за місяць
A65: 2 | B65: =VLOOKUP(A65,Індикатори!A:E,5,0) -> Заклад/Лікар | C65: =$H$3 -> Надавач | D65: =Dict!$A$2 -> 45505 | E65: Чисельник | H65: =VLOOKUP($A65,Індикатори!$A:$D,3,0) -> Кількість декларацій: | I65: =IF(AND($B65="Надавач",$H$3<>"Надавач"),"-",SUMIFS(Заклад!$F:$F,Заклад!$A:$A,$A65,Заклад!$B:$B,$I64,Заклад!$C:$C,Звіт!$C65)) -> 48058 | J65: =IF(AND($B65="Надавач",$H$3<>"Надавач"),"-",SUMIFS(Заклад!$F:$F,Заклад!$A:$A,$A65,Заклад!$B:$B,$J64,Заклад!$C:$C,Звіт!$C65)) -> 48064 | K65: =IF(AND($B65="Надавач",$H$3<>"Надавач"),"-",SUMIFS(Заклад!$F:$F,Заклад!$A:$A,$A65,Заклад!$B:$B,$K64,Заклад!$C:$C,Звіт!$C65)) -> 47971 | L65: =IF(AND($B65="Надавач",$H$3<>"Надавач"),"-",SUMIFS(Заклад!$F:$F,Заклад!$A:$A,$A65,Заклад!$B:$B,$L64,Заклад!$C:$C,Звіт!$C65)) -> 47929 | M65: =L65-K65 -> -42
A66: 2 | B66: =VLOOKUP(A66,Індикатори!A:E,5,0) -> Заклад/Лікар | C66: =$H$3 -> Надавач | D66: =Dict!$A$2 -> 45505 | E66: Знаменник | H66: =VLOOKUP($A66,Індикатори!$A:$D,4,0) -> Рекомендована кількість декларацій: | I66: =IF(AND($B66="Надавач",$H$3<>"Надавач"),"-",SUMIFS(Заклад!$G:$G,Заклад!$A:$A,$A66,Заклад!$B:$B,$I64,Заклад!$C:$C,Звіт!$C66)) -> 72500 | J66: =IF(AND($B66="Надавач",$H$3<>"Надавач"),"-",SUMIFS(Заклад!$G:$G,Заклад!$A:$A,$A66,Заклад!$B:$B,$J64,Заклад!$C:$C,Звіт!$C66)) -> 74500 | K66: =IF(AND($B66="Надавач",$H$3<>"Надавач"),"-",SUMIFS(Заклад!$G:$G,Заклад!$A:$A,$A66,Заклад!$B:$B,$K64,Заклад!$C:$C,Звіт!$C66)) -> 73600 | L66: =IF(AND($B66="Надавач",$H$3<>"Надавач"),"-",SUMIFS(Заклад!$G:$G,Заклад!$A:$A,$A66,Заклад!$B:$B,$L64,Заклад!$C:$C,Звіт!$C66)) -> 73600 | M66: =L66-K66 -> 0
A67: 2 | B67: =VLOOKUP(A67,Індикатори!A:E,5,0) -> Заклад/Лікар | C67: =$H$3 -> Надавач | D67: =Dict!$A$2 -> 45505 | E67: Значення | H67: Значення індикатора: | I67: =IF(AND($B67="Надавач",$H$3<>"Надавач"),"-",SUMIFS(Заклад!$E:$E,Заклад!$A:$A,$A67,Заклад!$B:$B,$I64,Заклад!$C:$C,Звіт!$C67)) -> 0.66286897 | J67: =IF(AND($B67="Надавач",$H$3<>"Надавач"),"-",SUMIFS(Заклад!$E:$E,Заклад!$A:$A,$A67,Заклад!$B:$B,$J64,Заклад!$C:$C,Звіт!$C67)) -> 0.64515436 | K67: =IF(AND($B67="Надавач",$H$3<>"Надавач"),"-",SUMIFS(Заклад!$E:$E,Заклад!$A:$A,$A67,Заклад!$B:$B,$K64,Заклад!$C:$C,Звіт!$C67)) -> 0.65177989 | L67: =IF(AND($B67="Надавач",$H$3<>"Надавач"),"-",SUMIFS(Заклад!$E:$E,Заклад!$A:$A,$A67,Заклад!$B:$B,$L64,Заклад!$C:$C,Звіт!$C67)) -> 0.65120924 | M67: =L67-K67 -> -0.00057065217
A68: 2
A69: 3 | G69: =VLOOKUP($A69,Індикатори!$A:$B,2,0) -> Загальне використання послуг ПМД.
A70: 3 | E70: Опис | H70: =VLOOKUP($A70,Індикатори!$A:$G,7,0) -> Відображає частку пацієнтів, які мали хоча б 1 звернення до лікаря протягом року. | I70: =EOMONTH(J70,-2)+1 -> 45413 | J70: =EOMONTH(K70,-2)+1 -> 45444 | K70: =EOMONTH(Dict!$A$2,-2)+1 -> 45474 | L70: =Dict!$A$2 -> 45505 | M70: Зміна, за місяць
A71: 3 | B71: =VLOOKUP(A71,Індикатори!A:E,5,0) -> Заклад/Лікар | C71: =$H$3 -> Надавач | D71: =Dict!$A$2 -> 45505 | E71: Чисельник | H71: =VLOOKUP($A71,Індикатори!$A:$D,3,0) -> Кількість пацієнтів, які мали звернення до лікаря за останній рік: | I71: =IF(AND($B71="Надавач",$H$3<>"Надавач"),"-",SUMIFS(Заклад!$F:$F,Заклад!$A:$A,$A71,Заклад!$B:$B,$I70,Заклад!$C:$C,Звіт!$C71)) -> 30743 | J71: =IF(AND($B71="Надавач",$H$3<>"Надавач"),"-",SUMIFS(Заклад!$F:$F,Заклад!$A:$A,$A71,Заклад!$B:$B,$J70,Заклад!$C:$C,Звіт!$C71)) -> 30796 | K71: =IF(AND($B71="Надавач",$H$3<>"Надавач"),"-",SUMIFS(Заклад!$F:$F,Заклад!$A:$A,$A71,Заклад!$B:$B,$K70,Заклад!$C:$C,Звіт!$C71)) -> 30711 | L71: =IF(AND($B71="Надавач",$H$3<>"Надавач"),"-",SUMIFS(Заклад!$F:$F,Заклад!$A:$A,$A71,Заклад!$B:$B,$L70,Заклад!$C:$C,Звіт!$C71)) -> 30642 | M71: =L71-K71 -> -69
A72: 3 | B72: =VLOOKUP(A72,Індикатори!A:E,5,0) -> Заклад/Лікар | C72: =$H$3 -> Надавач | D72: =Dict!$A$2 -> 45505 | E72: Знаменник | H72: =VLOOKUP($A72,Індикатори!$A:$D,4,0) -> Кількість задекларованих пацієнтів у лікаря на звітну дату: | I72: =IF(AND($B72="Надавач",$H$3<>"Надавач"),"-",SUMIFS(Заклад!$G:$G,Заклад!$A:$A,$A72,Заклад!$B:$B,$I70,Заклад!$C:$C,Звіт!$C72)) -> 48058 | J72: =IF(AND($B72="Надавач",$H$3<>"Надавач"),"-",SUMIFS(Заклад!$G:$G,Заклад!$A:$A,$A72,Заклад!$B:$B,$J70,Заклад!$C:$C,Звіт!$C72)) -> 48064 | K72: =IF(AND($B72="Надавач",$H$3<>"Надавач"),"-",SUMIFS(Заклад!$G:$G,Заклад!$A:$A,$A72,Заклад!$B:$B,$K70,Заклад!$C:$C,Звіт!$C72)) -> 47971 | L72: =IF(AND($B72="Надавач",$H$3<>"Надавач"),"-",SUMIFS(Заклад!$G:$G,Заклад!$A:$A,$A72,Заклад!$B:$B,$L70,Заклад!$C:$C,Звіт!$C72)) -> 47916 | M72: =L72-K72 -> -55
A73: 3 | B73: =VLOOKUP(A73,Індикатори!A:E,5,0) -> Заклад/Лікар | C73: =$H$3 -> Надавач | D73: =Dict!$A$2 -> 45505 | E73: Значення | H73: Значення індикатора: | I73: =IF(AND($B73="Надавач",$H$3<>"Надавач"),"-",SUMIFS(Заклад!$E:$E,Заклад!$A:$A,$A73,Заклад!$B:$B,$I70,Заклад!$C:$C,Звіт!$C73)) -> 0.63970619 | J73: =IF(AND($B73="Надавач",$H$3<>"Надавач"),"-",SUMIFS(Заклад!$E:$E,Заклад!$A:$A,$A73,Заклад!$B:$B,$J70,Заклад!$C:$C,Звіт!$C73)) -> 0.64072903 | K73: =IF(AND($B73="Надавач",$H$3<>"Надавач"),"-",SUMIFS(Заклад!$E:$E,Заклад!$A:$A,$A73,Заклад!$B:$B,$K70,Заклад!$C:$C,Звіт!$C73)) -> 0.64019929 | L73: =IF(AND($B73="Надавач",$H$3<>"Надавач"),"-",SUMIFS(Заклад!$E:$E,Заклад!$A:$A,$A73,Заклад!$B:$B,$L70,Заклад!$C:$C,Звіт!$C73)) -> 0.63949411 | M73: =L73-K73 -> -0.00070517237
A74: 3
A75: 4 | G75: =VLOOKUP($A75,Індикатори!$A:$B,2,0) -> Частка консультацій з лікарями ПМД без перескерувань.
A76: 4 | E76: Опис | H76: =VLOOKUP($A76,Індикатори!$A:$G,7,0) -> Частка візитів, які завершились без виписки направлення на консультацію на спеціалізованому рівні медичної допомоги. | I76: =EOMONTH(J76,-2)+1 -> 45413 | J76: =EOMONTH(K76,-2)+1 -> 45444 | K76: =EOMONTH(Dict!$A$2,-2)+1 -> 45474 | L76: =Dict!$A$2 -> 45505 | M76: Зміна, за місяць
A77: 4 | B77: =VLOOKUP(A77,Індикатори!A:E,5,0) -> Заклад/Лікар | C77: =$H$3 -> Надавач | D77: =Dict!$A$2 -> 45505 | E77: Чисельник | H77: =VLOOKUP($A77,Індикатори!$A:$D,3,0) -> Кількість візитів без виписки направлення на консультацію: | I77: =IF(AND($B77="Надавач",$H$3<>"Надавач"),"-",SUMIFS(Заклад!$F:$F,Заклад!$A:$A,$A77,Заклад!$B:$B,$I76,Заклад!$C:$C,Звіт!$C77)) -> 5839 | J77: =IF(AND($B77="Надавач",$H$3<>"Надавач"),"-",SUMIFS(Заклад!$F:$F,Заклад!$A:$A,$A77,Заклад!$B:$B,$J76,Заклад!$C:$C,Звіт!$C77)) -> 4989 | K77: =IF(AND($B77="Надавач",$H$3<>"Надавач"),"-",SUMIFS(Заклад!$F:$F,Заклад!$A:$A,$A77,Заклад!$B:$B,$K76,Заклад!$C:$C,Звіт!$C77)) -> 3793 | L77: =IF(AND($B77="Надавач",$H$3<>"Надавач"),"-",SUMIFS(Заклад!$F:$F,Заклад!$A:$A,$A77,Заклад!$B:$B,$L76,Заклад!$C:$C,Звіт!$C77)) -> 4275 | M77: =L77-K77 -> 482
A78: 4 | B78: =VLOOKUP(A78,Індикатори!A:E,5,0) -> Заклад/Лікар | C78: =$H$3 -> Надавач | D78: =Dict!$A$2 -> 45505 | E78: Знаменник | H78: =VLOOKUP($A78,Індикатори!$A:$D,4,0) -> Кількість візитів до лікаря: | I78: =IF(AND($B78="Надавач",$H$3<>"Надавач"),"-",SUMIFS(Заклад!$G:$G,Заклад!$A:$A,$A78,Заклад!$B:$B,$I76,Заклад!$C:$C,Звіт!$C78)) -> 6839 | J78: =IF(AND($B78="Надавач",$H$3<>"Надавач"),"-",SUMIFS(Заклад!$G:$G,Заклад!$A:$A,$A78,Заклад!$B:$B,$J76,Заклад!$C:$C,Звіт!$C78)) -> 6050 | K78: =IF(AND($B78="Надавач",$H$3<>"Надавач"),"-",SUMIFS(Заклад!$G:$G,Заклад!$A:$A,$A78,Заклад!$B:$B,$K76,Заклад!$C:$C,Звіт!$C78)) -> 4808 | L78: =IF(AND($B78="Надавач",$H$3<>"Надавач"),"-",SUMIFS(Заклад!$G:$G,Заклад!$A:$A,$A78,Заклад!$B:$B,$L76,Заклад!$C:$C,Звіт!$C78)) -> 5293 | M78: =L78-K78 -> 485
A79: 4 | B79: =VLOOKUP(A79,Індикатори!A:E,5,0) -> Заклад/Лікар | C79: =$H$3 -> Надавач | D79: =Dict!$A$2 -> 45505 | E79: Значення | H79: Значення індикатора: | I79: =IF(AND($B79="Надавач",$H$3<>"Надавач"),"-",SUMIFS(Заклад!$E:$E,Заклад!$A:$A,$A79,Заклад!$B:$B,$I76,Заклад!$C:$C,Звіт!$C79)) -> 0.85377979 | J79: =IF(AND($B79="Надавач",$H$3<>"Надавач"),"-",SUMIFS(Заклад!$E:$E,Заклад!$A:$A,$A79,Заклад!$B:$B,$J76,Заклад!$C:$C,Звіт!$C79)) -> 0.8246281 | K79: =IF(AND($B79="Надавач",$H$3<>"Надавач"),"-",SUMIFS(Заклад!$E:$E,Заклад!$A:$A,$A79,Заклад!$B:$B,$K76,Заклад!$C:$C,Звіт!$C79)) -> 0.78889351 | L79: =IF(AND($B79="Надавач",$H$3<>"Надавач"),"-",SUMIFS(Заклад!$E:$E,Заклад!$A:$A,$A79,Заклад!$B:$B,$L76,Заклад!$C:$C,Звіт!$C79)) -> 0.80767051 | M79: =L79-K79 -> 0.018776997
A80: 4
A81: 5 | G81: =VLOOKUP($A81,Індикатори!$A:$B,2,0) -> Завантаженість лікаря, який надає послуги ПМД.
A82: 5 | E82: Опис | H82: =VLOOKUP($A82,Індикатори!$A:$G,7,0) -> Кількість візитів, яка в середгньому припадає на 1 лікаря під час його робочої зміни. | I82: =EOMONTH(J82,-2)+1 -> 45413 | J82: =EOMONTH(K82,-2)+1 -> 45444 | K82: =EOMONTH(Dict!$A$2,-2)+1 -> 45474 | L82: =Dict!$A$2 -> 45505 | M82: Зміна, за місяць
A83: 5 | B83: =VLOOKUP(A83,Індикатори!A:E,5,0) -> Заклад/Лікар | C83: =$H$3 -> Надавач | D83: =Dict!$A$2 -> 45505 | E83: Чисельник | H83: =VLOOKUP($A83,Індикатори!$A:$D,3,0) -> Кількість відвідувань протягом місяця: | I83: =IF(AND($B83="Надавач",$H$3<>"Надавач"),"-",SUMIFS(Заклад!$F:$F,Заклад!$A:$A,$A83,Заклад!$B:$B,$I82,Заклад!$C:$C,Звіт!$C83)) -> 7150 | J83: =IF(AND($B83="Надавач",$H$3<>"Надавач"),"-",SUMIFS(Заклад!$F:$F,Заклад!$A:$A,$A83,Заклад!$B:$B,$J82,Заклад!$C:$C,Звіт!$C83)) -> 6288 | K83: =IF(AND($B83="Надавач",$H$3<>"Надавач"),"-",SUMIFS(Заклад!$F:$F,Заклад!$A:$A,$A83,Заклад!$B:$B,$K82,Заклад!$C:$C,Звіт!$C83)) -> 5053 | L83: =IF(AND($B83="Надавач",$H$3<>"Надавач"),"-",SUMIFS(Заклад!$F:$F,Заклад!$A:$A,$A83,Заклад!$B:$B,$L82,Заклад!$C:$C,Звіт!$C83)) -> 5573 | M83: =L83-K83 -> 520
A84: 5 | B84: =VLOOKUP(A84,Індикатори!A:E,5,0) -> Заклад/Лікар | C84: =$H$3 -> Надавач | D84: =Dict!$A$2 -> 45505 | E84: Знаменник | H84: =VLOOKUP($A84,Індикатори!$A:$D,4,0) -> Кількість лікарів: | I84: =IF(AND($B84="Надавач",$H$3<>"Надавач"),"-",SUMIFS(Заклад!$G:$G,Заклад!$A:$A,$A84,Заклад!$B:$B,$I82,Заклад!$C:$C,Звіт!$C84)) -> 782 | J84: =IF(AND($B84="Надавач",$H$3<>"Надавач"),"-",SUMIFS(Заклад!$G:$G,Заклад!$A:$A,$A84,Заклад!$B:$B,$J82,Заклад!$C:$C,Звіт!$C84)) -> 825 | K84: =IF(AND($B84="Надавач",$H$3<>"Надавач"),"-",SUMIFS(Заклад!$G:$G,Заклад!$A:$A,$A84,Заклад!$B:$B,$K82,Заклад!$C:$C,Звіт!$C84)) -> 623 | L84: =IF(AND($B84="Надавач",$H$3<>"Надавач"),"-",SUMIFS(Заклад!$G:$G,Заклад!$A:$A,$A84,Заклад!$B:$B,$L82,Заклад!$C:$C,Звіт!$C84)) -> 673 | M84: =L84-K84 -> 50
A85: 5 | B85: =VLOOKUP(A85,Індикатори!A:E,5,0) -> Заклад/Лікар | C85: =$H$3 -> Надавач | D85: =Dict!$A$2 -> 45505 | E85: Значення | H85: Значення індикатора: | I85: =IF(AND($B85="Надавач",$H$3<>"Надавач"),"-",SUMIFS(Заклад!$E:$E,Заклад!$A:$A,$A85,Заклад!$B:$B,$I82,Заклад!$C:$C,Звіт!$C85)) -> 9.1432225 | J85: =IF(AND($B85="Надавач",$H$3<>"Надавач"),"-",SUMIFS(Заклад!$E:$E,Заклад!$A:$A,$A85,Заклад!$B:$B,$J82,Заклад!$C:$C,Звіт!$C85)) -> 7.6218182 | K85: =IF(AND($B85="Надавач",$H$3<>"Надавач"),"-",SUMIFS(Заклад!$E:$E,Заклад!$A:$A,$A85,Заклад!$B:$B,$K82,Заклад!$C:$C,Звіт!$C85)) -> 8.1107544 | L85: =IF(AND($B85="Надавач",$H$3<>"Надавач"),"-",SUMIFS(Заклад!$E:$E,Заклад!$A:$A,$A85,Заклад!$B:$B,$L82,Заклад!$C:$C,Звіт!$C85)) -> 8.2808321 | M85: =L85-K85 -> 0.17007768
A86: 5
A87: 6 | G87: =VLOOKUP($A87,Індикатори!$A:$B,2,0) -> Моніторинг розвитку дитини протягом першого року життя.
A88: 6 | E88: Опис | H88: =VLOOKUP($A88,Індикатори!$A:$G,7,0) -> Частка дітей віком до 1 року, які мали щонайменше 4 огляди лікарем протягом першого року життя. | I88: =EOMONTH(J88,-2)+1 -> 45413 | J88: =EOMONTH(K88,-2)+1 -> 45444 | K88: =EOMONTH(Dict!$A$2,-2)+1 -> 45474 | L88: =Dict!$A$2 -> 45505 | M88: Зміна, за місяць
A89: 6 | B89: =VLOOKUP(A89,Індикатори!A:E,5,0) -> Заклад/Лікар | C89: =$H$3 -> Надавач | D89: =Dict!$A$2 -> 45505 | E89: Чисельник | H89: =VLOOKUP($A89,Індикатори!$A:$D,3,0) -> Кількість дітей (задекларованих), які у звітному місяці мають вік 1 рік, і які мають 4 або більше медичних записів з класом ПМД, зафіксованих протягом першого року життя: | I89: =IF(AND($B89="Надавач",$H$3<>"Надавач"),"-",SUMIFS(Заклад!$F:$F,Заклад!$A:$A,$A89,Заклад!$B:$B,$I88,Заклад!$C:$C,Звіт!$C89)) -> 139 | J89: =IF(AND($B89="Надавач",$H$3<>"Надавач"),"-",SUMIFS(Заклад!$F:$F,Заклад!$A:$A,$A89,Заклад!$B:$B,$J88,Заклад!$C:$C,Звіт!$C89)) -> 133 | K89: =IF(AND($B89="Надавач",$H$3<>"Надавач"),"-",SUMIFS(Заклад!$F:$F,Заклад!$A:$A,$A89,Заклад!$B:$B,$K88,Заклад!$C:$C,Звіт!$C89)) -> 122 | L89: =IF(AND($B89="Надавач",$H$3<>"Надавач"),"-",SUMIFS(Заклад!$F:$F,Заклад!$A:$A,$A89,Заклад!$B:$B,$L88,Заклад!$C:$C,Звіт!$C89)) -> 111 | M89: =L89-K89 -> -11
A90: 6 | B90: =VLOOKUP(A90,Індикатори!A:E,5,0) -> Заклад/Лікар | C90: =$H$3 -> Надавач | D90: =Dict!$A$2 -> 45505 | E90: Знаменник | H90: =VLOOKUP($A90,Індикатори!$A:$D,4,0) -> Кількість задекларованих дітей віком 1 рік протягом звітного періоду: | I90: =IF(AND($B90="Надавач",$H$3<>"Надавач"),"-",SUMIFS(Заклад!$G:$G,Заклад!$A:$A,$A90,Заклад!$B:$B,$I88,Заклад!$C:$C,Звіт!$C90)) -> 358 | J90: =IF(AND($B90="Надавач",$H$3<>"Надавач"),"-",SUMIFS(Заклад!$G:$G,Заклад!$A:$A,$A90,Заклад!$B:$B,$J88,Заклад!$C:$C,Звіт!$C90)) -> 342 | K90: =IF(AND($B90="Надавач",$H$3<>"Надавач"),"-",SUMIFS(Заклад!$G:$G,Заклад!$A:$A,$A90,Заклад!$B:$B,$K88,Заклад!$C:$C,Звіт!$C90)) -> 342 | L90: =IF(AND($B90="Надавач",$H$3<>"Надавач"),"-",SUMIFS(Заклад!$G:$G,Заклад!$A:$A,$A90,Заклад!$B:$B,$L88,Заклад!$C:$C,Звіт!$C90)) -> 358 | M90: =L90-K90 -> 16
A91: 6 | B91: =VLOOKUP(A91,Індикатори!A:E,5,0) -> Заклад/Лікар | C91: =$H$3 -> Надавач | D91: =Dict!$A$2 -> 45505 | E91: Значення | H91: Значення індикатора: | I91: =IF(AND($B91="Надавач",$H$3<>"Надавач"),"-",SUMIFS(Заклад!$E:$E,Заклад!$A:$A,$A91,Заклад!$B:$B,$I88,Заклад!$C:$C,Звіт!$C91)) -> 0.38826816 | J91: =IF(AND($B91="Надавач",$H$3<>"Надавач"),"-",SUMIFS(Заклад!$E:$E,Заклад!$A:$A,$A91,Заклад!$B:$B,$J88,Заклад!$C:$C,Звіт!$C91)) -> 0.38888889 | K91: =IF(AND($B91="Надавач",$H$3<>"Надавач"),"-",SUMIFS(Заклад!$E:$E,Заклад!$A:$A,$A91,Заклад!$B:$B,$K88,Заклад!$C:$C,Звіт!$C91)) -> 0.35672515 | L91: =IF(AND($B91="Надавач",$H$3<>"Надавач"),"-",SUMIFS(Заклад!$E:$E,Заклад!$A:$A,$A91,Заклад!$B:$B,$L88,Заклад!$C:$C,Звіт!$C91)) -> 0.31005587 | M91: =L91-K91 -> -0.04666928
A92: 6
A93: 7 | G93: =VLOOKUP($A93,Індикатори!$A:$B,2,0) -> Вакцинація дітей віком до 1 року (включно).
A94: 7 | E94: Опис | H94: =VLOOKUP($A94,Індикатори!$A:$G,7,0) -> Відсоток дітей віком до 1 року (включно), які отримали вакцинацію (принаймні одну) за останній рік. | I94: =EOMONTH(J94,-2)+1 -> 45413 | J94: =EOMONTH(K94,-2)+1 -> 45444 | K94: =EOMONTH(Dict!$A$2,-2)+1 -> 45474 | L94: =Dict!$A$2 -> 45505 | M94: Зміна, за місяць
A95: 7 | B95: =VLOOKUP(A95,Індикатори!A:E,5,0) -> Заклад/Лікар | C95: =$H$3 -> Надавач | D95: =Dict!$A$2 -> 45505 | E95: Чисельник | H95: =VLOOKUP($A95,Індикатори!$A:$D,3,0) -> Кількість дітей (задекларованих), які у звітному періоді мають вік до 1 року, і які були вакциновані за останній рік: | I95: =IF(AND($B95="Надавач",$H$3<>"Надавач"),"-",SUMIFS(Заклад!$F:$F,Заклад!$A:$A,$A95,Заклад!$B:$B,$I94,Заклад!$C:$C,Звіт!$C95)) -> 624 | J95: =IF(AND($B95="Надавач",$H$3<>"Надавач"),"-",SUMIFS(Заклад!$F:$F,Заклад!$A:$A,$A95,Заклад!$B:$B,$J94,Заклад!$C:$C,Звіт!$C95)) -> 619 | K95: =IF(AND($B95="Надавач",$H$3<>"Надавач"),"-",SUMIFS(Заклад!$F:$F,Заклад!$A:$A,$A95,Заклад!$B:$B,$K94,Заклад!$C:$C,Звіт!$C95)) -> 606 | L95: =IF(AND($B95="Надавач",$H$3<>"Надавач"),"-",SUMIFS(Заклад!$F:$F,Заклад!$A:$A,$A95,Заклад!$B:$B,$L94,Заклад!$C:$C,Звіт!$C95)) -> 613 | M95: =L95-K95 -> 7
A96: 7 | B96: =VLOOKUP(A96,Індикатори!A:E,5,0) -> Заклад/Лікар | C96: =$H$3 -> Надавач | D96: =Dict!$A$2 -> 45505 | E96: Знаменник | H96: =VLOOKUP($A96,Індикатори!$A:$D,4,0) -> Кількість задекларованих дітей віком 1 рік протягом звітного періоду: | I96: =IF(AND($B96="Надавач",$H$3<>"Надавач"),"-",SUMIFS(Заклад!$G:$G,Заклад!$A:$A,$A96,Заклад!$B:$B,$I94,Заклад!$C:$C,Звіт!$C96)) -> 999 | J96: =IF(AND($B96="Надавач",$H$3<>"Надавач"),"-",SUMIFS(Заклад!$G:$G,Заклад!$A:$A,$A96,Заклад!$B:$B,$J94,Заклад!$C:$C,Звіт!$C96)) -> 982 | K96: =IF(AND($B96="Надавач",$H$3<>"Надавач"),"-",SUMIFS(Заклад!$G:$G,Заклад!$A:$A,$A96,Заклад!$B:$B,$K94,Заклад!$C:$C,Звіт!$C96)) -> 958 | L96: =IF(AND($B96="Надавач",$H$3<>"Надавач"),"-",SUMIFS(Заклад!$G:$G,Заклад!$A:$A,$A96,Заклад!$B:$B,$L94,Заклад!$C:$C,Звіт!$C96)) -> 937 | M96: =L96-K96 -> -21
A97: 7 | B97: =VLOOKUP(A97,Індикатори!A:E,5,0) -> Заклад/Лікар | C97: =$H$3 -> Надавач | D97: =Dict!$A$2 -> 45505 | E97: Значення | H97: Значення індикатора: | I97: =IF(AND($B97="Надавач",$H$3<>"Надавач"),"-",SUMIFS(Заклад!$E:$E,Заклад!$A:$A,$A97,Заклад!$B:$B,$I94,Заклад!$C:$C,Звіт!$C97)) -> 0.62462462 | J97: =IF(AND($B97="Надавач",$H$3<>"Надавач"),"-",SUMIFS(Заклад!$E:$E,Заклад!$A:$A,$A97,Заклад!$B:$B,$J94,Заклад!$C:$C,Звіт!$C97)) -> 0.63034623 | K97: =IF(AND($B97="Надавач",$H$3<>"Надавач"),"-",SUMIFS(Заклад!$E:$E,Заклад!$A:$A,$A97,Заклад!$B:$B,$K94,Заклад!$C:$C,Звіт!$C97)) -> 0.63256785 | L97: =IF(AND($B97="Надавач",$H$3<>"Надавач"),"-",SUMIFS(Заклад!$E:$E,Заклад!$A:$A,$A97,Заклад!$B:$B,$L94,Заклад!$C:$C,Звіт!$C97)) -> 0.65421558 | M97: =L97-K97 -> 0.021647732
A98: 7
A99: 8 | G99: =VLOOKUP($A99,Індикатори!$A:$B,2,0) -> Вакцинація дітей віком до 6 років (включно).
A100: 8 | E100: Опис | H100: =VLOOKUP($A100,Індикатори!$A:$G,7,0) -> Відсоток дітей віком до 6 років (включно), які отримали вакцинацію (принаймні одну) за останній рік. | I100: =EOMONTH(J100,-2)+1 -> 45413 | J100: =EOMONTH(K100,-2)+1 -> 45444 | K100: =EOMONTH(Dict!$A$2,-2)+1 -> 45474 | L100: =Dict!$A$2 -> 45505 | M100: Зміна, за місяць
A101: 8 | B101: =VLOOKUP(A101,Індикатори!A:E,5,0) -> Заклад/Лікар | C101: =$H$3 -> Надавач | D101: =Dict!$A$2 -> 45505 | E101: Чисельник | H101: =VLOOKUP($A101,Індикатори!$A:$D,3,0) -> Кількість дітей (задекларованих), які у звітному періоді мають вік до 6 років, і які були вакциновані за останній рік: | I101: =IF(AND($B101="Надавач",$H$3<>"Надавач"),"-",SUMIFS(Заклад!$F:$F,Заклад!$A:$A,$A101,Заклад!$B:$B,$I100,Заклад!$C:$C,Звіт!$C101)) -> 1581 | J101: =IF(AND($B101="Надавач",$H$3<>"Надавач"),"-",SUMIFS(Заклад!$F:$F,Заклад!$A:$A,$A101,Заклад!$B:$B,$J100,Заклад!$C:$C,Звіт!$C101)) -> 1573 | K101: =IF(AND($B101="Надавач",$H$3<>"Надавач"),"-",SUMIFS(Заклад!$F:$F,Заклад!$A:$A,$A101,Заклад!$B:$B,$K100,Заклад!$C:$C,Звіт!$C101)) -> 1573 | L101: =IF(AND($B101="Надавач",$H$3<>"Надавач"),"-",SUMIFS(Заклад!$F:$F,Заклад!$A:$A,$A101,Заклад!$B:$B,$L100,Заклад!$C:$C,Звіт!$C101)) -> 1610 | M101: =L101-K101 -> 37
A102: 8 | B102: =VLOOKUP(A102,Індикатори!A:E,5,0) -> Заклад/Лікар | C102: =$H$3 -> Надавач | D102: =Dict!$A$2 -> 45505 | E102: Знаменник | H102: =VLOOKUP($A102,Індикатори!$A:$D,4,0) -> Кількість задекларованих дітей віком до 6 років протягом звітного періоду: | I102: =IF(AND($B102="Надавач",$H$3<>"Надавач"),"-",SUMIFS(Заклад!$G:$G,Заклад!$A:$A,$A102,Заклад!$B:$B,$I100,Заклад!$C:$C,Звіт!$C102)) -> 3597 | J102: =IF(AND($B102="Надавач",$H$3<>"Надавач"),"-",SUMIFS(Заклад!$G:$G,Заклад!$A:$A,$A102,Заклад!$B:$B,$J100,Заклад!$C:$C,Звіт!$C102)) -> 3559 | K102: =IF(AND($B102="Надавач",$H$3<>"Надавач"),"-",SUMIFS(Заклад!$G:$G,Заклад!$A:$A,$A102,Заклад!$B:$B,$K100,Заклад!$C:$C,Звіт!$C102)) -> 3533 | L102: =IF(AND($B102="Надавач",$H$3<>"Надавач"),"-",SUMIFS(Заклад!$G:$G,Заклад!$A:$A,$A102,Заклад!$B:$B,$L100,Заклад!$C:$C,Звіт!$C102)) -> 3494 | M102: =L102-K102 -> -39
A103: 8 | B103: =VLOOKUP(A103,Індикатори!A:E,5,0) -> Заклад/Лікар | C103: =$H$3 -> Надавач | D103: =Dict!$A$2 -> 45505 | E103: Значення | H103: Значення індикатора: | I103: =IF(AND($B103="Надавач",$H$3<>"Надавач"),"-",SUMIFS(Заклад!$E:$E,Заклад!$A:$A,$A103,Заклад!$B:$B,$I100,Заклад!$C:$C,Звіт!$C103)) -> 0.43953294 | J103: =IF(AND($B103="Надавач",$H$3<>"Надавач"),"-",SUMIFS(Заклад!$E:$E,Заклад!$A:$A,$A103,Заклад!$B:$B,$J100,Заклад!$C:$C,Звіт!$C103)) -> 0.44197808 | K103: =IF(AND($B103="Надавач",$H$3<>"Надавач"),"-",SUMIFS(Заклад!$E:$E,Заклад!$A:$A,$A103,Заклад!$B:$B,$K100,Заклад!$C:$C,Звіт!$C103)) -> 0.44523068 | L103: =IF(AND($B103="Надавач",$H$3<>"Надавач"),"-",SUMIFS(Заклад!$E:$E,Заклад!$A:$A,$A103,Заклад!$B:$B,$L100,Заклад!$C:$C,Звіт!$C103)) -> 0.46078993 | M103: =L103-K103 -> 0.015559243
A104: 8
A105: 9 | G105: =VLOOKUP($A105,Індикатори!$A:$B,2,0) -> Повне оцінювання серцево-судинного ризику.
...

Sheet Зведена за лікарями
A1: ="Зведений звіт про роботу лікарів в ЕСОЗ станом на "&TEXT(Dict!A2,"dd.mm.yyyy") -> Зведений звіт про роботу лікарів в ЕСОЗ станом на 01.08.2024
P2: =Dict!C2 -> 01996272, КОМУНАЛЬНЕ НЕКОМЕРЦІЙНЕ ПІДПРИЄМСТВО "ЗОЛОЧІВСЬКА ЦЕНТРАЛЬНА РАЙОННА ЛІКАРНЯ" ЗОЛОЧІВСЬКОЇ МІСЬКОЇ РАДИ ЗОЛОЧІВСЬКОГО РАЙОНУ ЛЬВІВСЬКОЇ ОБЛАСТІ
C3: Індикатори:
B4: Заклад 12 | C4: Всього декларацій | D4: =VLOOKUP(D5,Індикатори!$A:$B,2,0) -> Кількість декларацій чоловіки 0-5. | E4: =VLOOKUP(E5,Індикатори!$A:$B,2,0) -> Кількість декларацій чоловіки 6-17. | F4: =VLOOKUP(F5,Індикатори!$A:$B,2,0) -> Кількість декларацій чоловіки 18-39. | G4: =VLOOKUP(G5,Індикатори!$A:$B,2,0) -> Кількість декларацій чоловіки 40-64. | H4: =VLOOKUP(H5,Індикатори!$A:$B,2,0) -> Кількість декларацій чоловіки 65+. | I4: =VLOOKUP(I5,Індикатори!$A:$B,2,0) -> Кількість декларацій жінки 0-5. | J4: =VLOOKUP(J5,Індикатори!$A:$B,2,0) -> Кількість декларацій жінки 6-17. | K4: =VLOOKUP(K5,Індикатори!$A:$B,2,0) -> Кількість декларацій жінки 18-39. | ... AL4: =VLOOKUP(AL5,Індикатори!$A:$B,2,0) -> Профілактичний огляд осіб вікової групи 65 років і старше
D5: 104 | E5: 105 | F5: 106 | G5: 107 | H5: 108 | I5: 109 | J5: 110 | K5: 111 | L5: 112 | M5: 113 | N5: 114 | O5: 127 | P5: 2 | Q5: 3 | R5: 4 | S5: 5 | T5: 6 | U5: 7 | V5: 8 | W5: 9 | X5: 10 | Y5: 11 | Z5: 12 | AA5: 13 | AB5: 14 | AC5: 15 | AD5: 16 | AE5: 17 | AF5: 18 | AG5: 20 | AH5: 23 | AI5: 24 | AJ5: 25 | AK5: 26 | AL5: 27
B6: По закладу | C6: =SUM(D6:M6) -> 47929 | D6: =SUMIFS(Заклад!$E:$E,Заклад!$C:$C,"Надавач",Заклад!$A:$A,D$5,Заклад!$B:$B,Dict!$A$2) -> 1127 | E6: =SUMIFS(Заклад!$E:$E,Заклад!$C:$C,"Надавач",Заклад!$A:$A,E$5,Заклад!$B:$B,Dict!$A$2) -> 3866 | F6: =SUMIFS(Заклад!$E:$E,Заклад!$C:$C,"Надавач",Заклад!$A:$A,F$5,Заклад!$B:$B,Dict!$A$2) -> 6738 | G6: =SUMIFS(Заклад!$E:$E,Заклад!$C:$C,"Надавач",Заклад!$A:$A,G$5,Заклад!$B:$B,Dict!$A$2) -> 8065 | H6: =SUMIFS(Заклад!$E:$E,Заклад!$C:$C,"Надавач",Заклад!$A:$A,H$5,Заклад!$B:$B,Dict!$A$2) -> 2997 | I6: =SUMIFS(Заклад!$E:$E,Заклад!$C:$C,"Надавач",Заклад!$A:$A,I$5,Заклад!$B:$B,Dict!$A$2) -> 1078 | J6: =SUMIFS(Заклад!$E:$E,Заклад!$C:$C,"Надавач",Заклад!$A:$A,J$5,Заклад!$B:$B,Dict!$A$2) -> 3554 | K6: =SUMIFS(Заклад!$E:$E,Заклад!$C:$C,"Надавач",Заклад!$A:$A,K$5,Заклад!$B:$B,Dict!$A$2) -> 6388 | ... AL6: =SUMIFS(Заклад!$E:$E,Заклад!$C:$C,"Надавач",Заклад!$A:$A,AL$5,Заклад!$B:$B,Dict!$A$2) -> 0.00097713504
B7: Бартошик Лілія Михайлівна | C7: =SUM(D7:M7) -> 661 | D7: =SUMIFS(Заклад!$E:$E,Заклад!$C:$C,$B7,Заклад!$A:$A,D$5,Заклад!$B:$B,Dict!$A$2) -> 67 | E7: =SUMIFS(Заклад!$E:$E,Заклад!$C:$C,$B7,Заклад!$A:$A,E$5,Заклад!$B:$B,Dict!$A$2) -> 285 | F7: =SUMIFS(Заклад!$E:$E,Заклад!$C:$C,$B7,Заклад!$A:$A,F$5,Заклад!$B:$B,Dict!$A$2) -> 0 | G7: =SUMIFS(Заклад!$E:$E,Заклад!$C:$C,$B7,Заклад!$A:$A,G$5,Заклад!$B:$B,Dict!$A$2) -> 0 | H7: =SUMIFS(Заклад!$E:$E,Заклад!$C:$C,$B7,Заклад!$A:$A,H$5,Заклад!$B:$B,Dict!$A$2) -> 0 | I7: =SUMIFS(Заклад!$E:$E,Заклад!$C:$C,$B7,Заклад!$A:$A,I$5,Заклад!$B:$B,Dict!$A$2) -> 84 | J7: =SUMIFS(Заклад!$E:$E,Заклад!$C:$C,$B7,Заклад!$A:$A,J$5,Заклад!$B:$B,Dict!$A$2) -> 225 | K7: =SUMIFS(Заклад!$E:$E,Заклад!$C:$C,$B7,Заклад!$A:$A,K$5,Заклад!$B:$B,Dict!$A$2) -> 0 | ... AL7: =SUMIFS(Заклад!$E:$E,Заклад!$C:$C,$B7,Заклад!$A:$A,AL$5,Заклад!$B:$B,Dict!$A$2) -> 0
B8: Боднар Стефанія Володимирівна | C8: =SUM(D8:M8) -> 1839 | D8: =SUMIFS(Заклад!$E:$E,Заклад!$C:$C,$B8,Заклад!$A:$A,D$5,Заклад!$B:$B,Dict!$A$2) -> 0 | E8: =SUMIFS(Заклад!$E:$E,Заклад!$C:$C,$B8,Заклад!$A:$A,E$5,Заклад!$B:$B,Dict!$A$2) -> 2 | F8: =SUMIFS(Заклад!$E:$E,Заклад!$C:$C,$B8,Заклад!$A:$A,F$5,Заклад!$B:$B,Dict!$A$2) -> 282 | G8: =SUMIFS(Заклад!$E:$E,Заклад!$C:$C,$B8,Заклад!$A:$A,G$5,Заклад!$B:$B,Dict!$A$2) -> 414 | H8: =SUMIFS(Заклад!$E:$E,Заклад!$C:$C,$B8,Заклад!$A:$A,H$5,Заклад!$B:$B,Dict!$A$2) -> 161 | I8: =SUMIFS(Заклад!$E:$E,Заклад!$C:$C,$B8,Заклад!$A:$A,I$5,Заклад!$B:$B,Dict!$A$2) -> 0 | J8: =SUMIFS(Заклад!$E:$E,Заклад!$C:$C,$B8,Заклад!$A:$A,J$5,Заклад!$B:$B,Dict!$A$2) -> 0 | K8: =SUMIFS(Заклад!$E:$E,Заклад!$C:$C,$B8,Заклад!$A:$A,K$5,Заклад!$B:$B,Dict!$A$2) -> 285 | ... AL8: =SUMIFS(Заклад!$E:$E,Заклад!$C:$C,$B8,Заклад!$A:$A,AL$5,Заклад!$B:$B,Dict!$A$2) -> 0
B9: Бурик Олена Василівна | C9: =SUM(D9:M9) -> 900 | D9: =SUMIFS(Заклад!$E:$E,Заклад!$C:$C,$B9,Заклад!$A:$A,D$5,Заклад!$B:$B,Dict!$A$2) -> 56 | E9: =SUMIFS(Заклад!$E:$E,Заклад!$C:$C,$B9,Заклад!$A:$A,E$5,Заклад!$B:$B,Dict!$A$2) -> 149 | F9: =SUMIFS(Заклад!$E:$E,Заклад!$C:$C,$B9,Заклад!$A:$A,F$5,Заклад!$B:$B,Dict!$A$2) -> 153 | G9: =SUMIFS(Заклад!$E:$E,Заклад!$C:$C,$B9,Заклад!$A:$A,G$5,Заклад!$B:$B,Dict!$A$2) -> 67 | H9: =SUMIFS(Заклад!$E:$E,Заклад!$C:$C,$B9,Заклад!$A:$A,H$5,Заклад!$B:$B,Dict!$A$2) -> 10 | I9: =SUMIFS(Заклад!$E:$E,Заклад!$C:$C,$B9,Заклад!$A:$A,I$5,Заклад!$B:$B,Dict!$A$2) -> 35 | J9: =SUMIFS(Заклад!$E:$E,Заклад!$C:$C,$B9,Заклад!$A:$A,J$5,Заклад!$B:$B,Dict!$A$2) -> 137 | K9: =SUMIFS(Заклад!$E:$E,Заклад!$C:$C,$B9,Заклад!$A:$A,K$5,Заклад!$B:$B,Dict!$A$2) -> 195 | ... AL9: =SUMIFS(Заклад!$E:$E,Заклад!$C:$C,$B9,Заклад!$A:$A,AL$5,Заклад!$B:$B,Dict!$A$2) -> 0
B10: Ведмедик Зоряна Михайлівна | C10: =SUM(D10:M10) -> 512 | D10: =SUMIFS(Заклад!$E:$E,Заклад!$C:$C,$B10,Заклад!$A:$A,D$5,Заклад!$B:$B,Dict!$A$2) -> 53 | E10: =SUMIFS(Заклад!$E:$E,Заклад!$C:$C,$B10,Заклад!$A:$A,E$5,Заклад!$B:$B,Dict!$A$2) -> 225 | F10: =SUMIFS(Заклад!$E:$E,Заклад!$C:$C,$B10,Заклад!$A:$A,F$5,Заклад!$B:$B,Dict!$A$2) -> 0 | G10: =SUMIFS(Заклад!$E:$E,Заклад!$C:$C,$B10,Заклад!$A:$A,G$5,Заклад!$B:$B,Dict!$A$2) -> 0 | H10: =SUMIFS(Заклад!$E:$E,Заклад!$C:$C,$B10,Заклад!$A:$A,H$5,Заклад!$B:$B,Dict!$A$2) -> 0 | I10: =SUMIFS(Заклад!$E:$E,Заклад!$C:$C,$B10,Заклад!$A:$A,I$5,Заклад!$B:$B,Dict!$A$2) -> 48 | J10: =SUMIFS(Заклад!$E:$E,Заклад!$C:$C,$B10,Заклад!$A:$A,J$5,Заклад!$B:$B,Dict!$A$2) -> 186 | K10: =SUMIFS(Заклад!$E:$E,Заклад!$C:$C,$B10,Заклад!$A:$A,K$5,Заклад!$B:$B,Dict!$A$2) -> 0 | ... AL10: =SUMIFS(Заклад!$E:$E,Заклад!$C:$C,$B10,Заклад!$A:$A,AL$5,Заклад!$B:$B,Dict!$A$2) -> 0
B11: Волошин Надія Володимирівна | C11: =SUM(D11:M11) -> 1290 | D11: =SUMIFS(Заклад!$E:$E,Заклад!$C:$C,$B11,Заклад!$A:$A,D$5,Заклад!$B:$B,Dict!$A$2) -> 13 | E11: =SUMIFS(Заклад!$E:$E,Заклад!$C:$C,$B11,Заклад!$A:$A,E$5,Заклад!$B:$B,Dict!$A$2) -> 74 | F11: =SUMIFS(Заклад!$E:$E,Заклад!$C:$C,$B11,Заклад!$A:$A,F$5,Заклад!$B:$B,Dict!$A$2) -> 205 | G11: =SUMIFS(Заклад!$E:$E,Заклад!$C:$C,$B11,Заклад!$A:$A,G$5,Заклад!$B:$B,Dict!$A$2) -> 235 | H11: =SUMIFS(Заклад!$E:$E,Заклад!$C:$C,$B11,Заклад!$A:$A,H$5,Заклад!$B:$B,Dict!$A$2) -> 101 | I11: =SUMIFS(Заклад!$E:$E,Заклад!$C:$C,$B11,Заклад!$A:$A,I$5,Заклад!$B:$B,Dict!$A$2) -> 12 | J11: =SUMIFS(Заклад!$E:$E,Заклад!$C:$C,$B11,Заклад!$A:$A,J$5,Заклад!$B:$B,Dict!$A$2) -> 57 | K11: =SUMIFS(Заклад!$E:$E,Заклад!$C:$C,$B11,Заклад!$A:$A,K$5,Заклад!$B:$B,Dict!$A$2) -> 181 | ... AL11: =SUMIFS(Заклад!$E:$E,Заклад!$C:$C,$B11,Заклад!$A:$A,AL$5,Заклад!$B:$B,Dict!$A$2) -> 0
B12: Гадевич Наталія Зіновіївна | C12: =SUM(D12:M12) -> 1028 | D12: =SUMIFS(Заклад!$E:$E,Заклад!$C:$C,$B12,Заклад!$A:$A,D$5,Заклад!$B:$B,Dict!$A$2) -> 0 | E12: =SUMIFS(Заклад!$E:$E,Заклад!$C:$C,$B12,Заклад!$A:$A,E$5,Заклад!$B:$B,Dict!$A$2) -> 0 | F12: =SUMIFS(Заклад!$E:$E,Заклад!$C:$C,$B12,Заклад!$A:$A,F$5,Заклад!$B:$B,Dict!$A$2) -> 245 | G12: =SUMIFS(Заклад!$E:$E,Заклад!$C:$C,$B12,Заклад!$A:$A,G$5,Заклад!$B:$B,Dict!$A$2) -> 246 | H12: =SUMIFS(Заклад!$E:$E,Заклад!$C:$C,$B12,Заклад!$A:$A,H$5,Заклад!$B:$B,Dict!$A$2) -> 39 | I12: =SUMIFS(Заклад!$E:$E,Заклад!$C:$C,$B12,Заклад!$A:$A,I$5,Заклад!$B:$B,Dict!$A$2) -> 0 | J12: =SUMIFS(Заклад!$E:$E,Заклад!$C:$C,$B12,Заклад!$A:$A,J$5,Заклад!$B:$B,Dict!$A$2) -> 0 | K12: =SUMIFS(Заклад!$E:$E,Заклад!$C:$C,$B12,Заклад!$A:$A,K$5,Заклад!$B:$B,Dict!$A$2) -> 240 | ... AL12: =SUMIFS(Заклад!$E:$E,Заклад!$C:$C,$B12,Заклад!$A:$A,AL$5,Заклад!$B:$B,Dict!$A$2) -> 0
B13: Гонтар Марія Любомирівна | C13: =SUM(D13:M13) -> 0 | D13: =SUMIFS(Заклад!$E:$E,Заклад!$C:$C,$B13,Заклад!$A:$A,D$5,Заклад!$B:$B,Dict!$A$2) -> 0 | E13: =SUMIFS(Заклад!$E:$E,Заклад!$C:$C,$B13,Заклад!$A:$A,E$5,Заклад!$B:$B,Dict!$A$2) -> 0 | F13: =SUMIFS(Заклад!$E:$E,Заклад!$C:$C,$B13,Заклад!$A:$A,F$5,Заклад!$B:$B,Dict!$A$2) -> 0 | G13: =SUMIFS(Заклад!$E:$E,Заклад!$C:$C,$B13,Заклад!$A:$A,G$5,Заклад!$B:$B,Dict!$A$2) -> 0 | H13: =SUMIFS(Заклад!$E:$E,Заклад!$C:$C,$B13,Заклад!$A:$A,H$5,Заклад!$B:$B,Dict!$A$2) -> 0 | I13: =SUMIFS(Заклад!$E:$E,Заклад!$C:$C,$B13,Заклад!$A:$A,I$5,Заклад!$B:$B,Dict!$A$2) -> 0 | J13: =SUMIFS(Заклад!$E:$E,Заклад!$C:$C,$B13,Заклад!$A:$A,J$5,Заклад!$B:$B,Dict!$A$2) -> 0 | K13: =SUMIFS(Заклад!$E:$E,Заклад!$C:$C,$B13,Заклад!$A:$A,K$5,Заклад!$B:$B,Dict!$A$2) -> 0 | ... AL13: =SUMIFS(Заклад!$E:$E,Заклад!$C:$C,$B13,Заклад!$A:$A,AL$5,Заклад!$B:$B,Dict!$A$2) -> 0
B14: Горшинський Михайло Михайлович | C14: =SUM(D14:M14) -> 181 | D14: =SUMIFS(Заклад!$E:$E,Заклад!$C:$C,$B14,Заклад!$A:$A,D$5,Заклад!$B:$B,Dict!$A$2) -> 27 | E14: =SUMIFS(Заклад!$E:$E,Заклад!$C:$C,$B14,Заклад!$A:$A,E$5,Заклад!$B:$B,Dict!$A$2) -> 66 | F14: =SUMIFS(Заклад!$E:$E,Заклад!$C:$C,$B14,Заклад!$A:$A,F$5,Заклад!$B:$B,Dict!$A$2) -> 0 | G14: =SUMIFS(Заклад!$E:$E,Заклад!$C:$C,$B14,Заклад!$A:$A,G$5,Заклад!$B:$B,Dict!$A$2) -> 0 | H14: =SUMIFS(Заклад!$E:$E,Заклад!$C:$C,$B14,Заклад!$A:$A,H$5,Заклад!$B:$B,Dict!$A$2) -> 0 | I14: =SUMIFS(Заклад!$E:$E,Заклад!$C:$C,$B14,Заклад!$A:$A,I$5,Заклад!$B:$B,Dict!$A$2) -> 16 | J14: =SUMIFS(Заклад!$E:$E,Заклад!$C:$C,$B14,Заклад!$A:$A,J$5,Заклад!$B:$B,Dict!$A$2) -> 72 | K14: =SUMIFS(Заклад!$E:$E,Заклад!$C:$C,$B14,Заклад!$A:$A,K$5,Заклад!$B:$B,Dict!$A$2) -> 0 | ... AL14: =SUMIFS(Заклад!$E:$E,Заклад!$C:$C,$B14,Заклад!$A:$A,AL$5,Заклад!$B:$B,Dict!$A$2) -> 0
B15: Гунька Ірина Миколаївна | C15: =SUM(D15:M15) -> 0 | D15: =SUMIFS(Заклад!$E:$E,Заклад!$C:$C,$B15,Заклад!$A:$A,D$5,Заклад!$B:$B,Dict!$A$2) -> 0 | E15: =SUMIFS(Заклад!$E:$E,Заклад!$C:$C,$B15,Заклад!$A:$A,E$5,Заклад!$B:$B,Dict!$A$2) -> 0 | F15: =SUMIFS(Заклад!$E:$E,Заклад!$C:$C,$B15,Заклад!$A:$A,F$5,Заклад!$B:$B,Dict!$A$2) -> 0 | G15: =SUMIFS(Заклад!$E:$E,Заклад!$C:$C,$B15,Заклад!$A:$A,G$5,Заклад!$B:$B,Dict!$A$2) -> 0 | H15: =SUMIFS(Заклад!$E:$E,Заклад!$C:$C,$B15,Заклад!$A:$A,H$5,Заклад!$B:$B,Dict!$A$2) -> 0 | I15: =SUMIFS(Заклад!$E:$E,Заклад!$C:$C,$B15,Заклад!$A:$A,I$5,Заклад!$B:$B,Dict!$A$2) -> 0 | J15: =SUMIFS(Заклад!$E:$E,Заклад!$C:$C,$B15,Заклад!$A:$A,J$5,Заклад!$B:$B,Dict!$A$2) -> 0 | K15: =SUMIFS(Заклад!$E:$E,Заклад!$C:$C,$B15,Заклад!$A:$A,K$5,Заклад!$B:$B,Dict!$A$2) -> 0 | ... AL15: =SUMIFS(Заклад!$E:$E,Заклад!$C:$C,$B15,Заклад!$A:$A,AL$5,Заклад!$B:$B,Dict!$A$2) -> 0
B16: Денисюк Наталія Олексіївна | C16: =SUM(D16:M16) -> 1703 | D16: =SUMIFS(Заклад!$E:$E,Заклад!$C:$C,$B16,Заклад!$A:$A,D$5,Заклад!$B:$B,Dict!$A$2) -> 1 | E16: =SUMIFS(Заклад!$E:$E,Заклад!$C:$C,$B16,Заклад!$A:$A,E$5,Заклад!$B:$B,Dict!$A$2) -> 9 | F16: =SUMIFS(Заклад!$E:$E,Заклад!$C:$C,$B16,Заклад!$A:$A,F$5,Заклад!$B:$B,Dict!$A$2) -> 366 | G16: =SUMIFS(Заклад!$E:$E,Заклад!$C:$C,$B16,Заклад!$A:$A,G$5,Заклад!$B:$B,Dict!$A$2) -> 388 | H16: =SUMIFS(Заклад!$E:$E,Заклад!$C:$C,$B16,Заклад!$A:$A,H$5,Заклад!$B:$B,Dict!$A$2) -> 95 | I16: =SUMIFS(Заклад!$E:$E,Заклад!$C:$C,$B16,Заклад!$A:$A,I$5,Заклад!$B:$B,Dict!$A$2) -> 0 | J16: =SUMIFS(Заклад!$E:$E,Заклад!$C:$C,$B16,Заклад!$A:$A,J$5,Заклад!$B:$B,Dict!$A$2) -> 8 | K16: =SUMIFS(Заклад!$E:$E,Заклад!$C:$C,$B16,Заклад!$A:$A,K$5,Заклад!$B:$B,Dict!$A$2) -> 292 | ... AL16: =SUMIFS(Заклад!$E:$E,Заклад!$C:$C,$B16,Заклад!$A:$A,AL$5,Заклад!$B:$B,Dict!$A$2) -> 0
B17: Дика Любов Степанівна | C17: =SUM(D17:M17) -> 1116 | D17: =SUMIFS(Заклад!$E:$E,Заклад!$C:$C,$B17,Заклад!$A:$A,D$5,Заклад!$B:$B,Dict!$A$2) -> 0 | E17: =SUMIFS(Заклад!$E:$E,Заклад!$C:$C,$B17,Заклад!$A:$A,E$5,Заклад!$B:$B,Dict!$A$2) -> 1 | F17: =SUMIFS(Заклад!$E:$E,Заклад!$C:$C,$B17,Заклад!$A:$A,F$5,Заклад!$B:$B,Dict!$A$2) -> 167 | G17: =SUMIFS(Заклад!$E:$E,Заклад!$C:$C,$B17,Заклад!$A:$A,G$5,Заклад!$B:$B,Dict!$A$2) -> 232 | H17: =SUMIFS(Заклад!$E:$E,Заклад!$C:$C,$B17,Заклад!$A:$A,H$5,Заклад!$B:$B,Dict!$A$2) -> 104 | I17: =SUMIFS(Заклад!$E:$E,Заклад!$C:$C,$B17,Заклад!$A:$A,I$5,Заклад!$B:$B,Dict!$A$2) -> 0 | J17: =SUMIFS(Заклад!$E:$E,Заклад!$C:$C,$B17,Заклад!$A:$A,J$5,Заклад!$B:$B,Dict!$A$2) -> 4 | K17: =SUMIFS(Заклад!$E:$E,Заклад!$C:$C,$B17,Заклад!$A:$A,K$5,Заклад!$B:$B,Dict!$A$2) -> 146 | ... AL17: =SUMIFS(Заклад!$E:$E,Заклад!$C:$C,$B17,Заклад!$A:$A,AL$5,Заклад!$B:$B,Dict!$A$2) -> 0
B18: Дуда Оксана Теодорівна | C18: =SUM(D18:M18) -> 1669 | D18: =SUMIFS(Заклад!$E:$E,Заклад!$C:$C,$B18,Заклад!$A:$A,D$5,Заклад!$B:$B,Dict!$A$2) -> 0 | E18: =SUMIFS(Заклад!$E:$E,Заклад!$C:$C,$B18,Заклад!$A:$A,E$5,Заклад!$B:$B,Dict!$A$2) -> 1 | F18: =SUMIFS(Заклад!$E:$E,Заклад!$C:$C,$B18,Заклад!$A:$A,F$5,Заклад!$B:$B,Dict!$A$2) -> 216 | G18: =SUMIFS(Заклад!$E:$E,Заклад!$C:$C,$B18,Заклад!$A:$A,G$5,Заклад!$B:$B,Dict!$A$2) -> 324 | H18: =SUMIFS(Заклад!$E:$E,Заклад!$C:$C,$B18,Заклад!$A:$A,H$5,Заклад!$B:$B,Dict!$A$2) -> 165 | I18: =SUMIFS(Заклад!$E:$E,Заклад!$C:$C,$B18,Заклад!$A:$A,I$5,Заклад!$B:$B,Dict!$A$2) -> 0 | J18: =SUMIFS(Заклад!$E:$E,Заклад!$C:$C,$B18,Заклад!$A:$A,J$5,Заклад!$B:$B,Dict!$A$2) -> 0 | K18: =SUMIFS(Заклад!$E:$E,Заклад!$C:$C,$B18,Заклад!$A:$A,K$5,Заклад!$B:$B,Dict!$A$2) -> 185 | ... AL18: =SUMIFS(Заклад!$E:$E,Заклад!$C:$C,$B18,Заклад!$A:$A,AL$5,Заклад!$B:$B,Dict!$A$2) -> 0
... B53: Ядушинський Ярослав Йосифович | C53: =SUM(D53:M53) -> 1285 | D53: =SUMIFS(Заклад!$E:$E,Заклад!$C:$C,$B53,Заклад!$A:$A,D$5,Заклад!$B:$B,Dict!$A$2) -> 7 | E53: =SUMIFS(Заклад!$E:$E,Заклад!$C:$C,$B53,Заклад!$A:$A,E$5,Заклад!$B:$B,Dict!$A$2) -> 74 | F53: =SUMIFS(Заклад!$E:$E,Заклад!$C:$C,$B53,Заклад!$A:$A,F$5,Заклад!$B:$B,Dict!$A$2) -> 202 | G53: =SUMIFS(Заклад!$E:$E,Заклад!$C:$C,$B53,Заклад!$A:$A,G$5,Заклад!$B:$B,Dict!$A$2) -> 224 | H53: =SUMIFS(Заклад!$E:$E,Заклад!$C:$C,$B53,Заклад!$A:$A,H$5,Заклад!$B:$B,Dict!$A$2) -> 98 | I53: =SUMIFS(Заклад!$E:$E,Заклад!$C:$C,$B53,Заклад!$A:$A,I$5,Заклад!$B:$B,Dict!$A$2) -> 6 | J53: =SUMIFS(Заклад!$E:$E,Заклад!$C:$C,$B53,Заклад!$A:$A,J$5,Заклад!$B:$B,Dict!$A$2) -> 63 | K53: =SUMIFS(Заклад!$E:$E,Заклад!$C:$C,$B53,Заклад!$A:$A,K$5,Заклад!$B:$B,Dict!$A$2) -> 172 | ... AL53: =SUMIFS(Заклад!$E:$E,Заклад!$C:$C,$B53,Заклад!$A:$A,AL$5,Заклад!$B:$B,Dict!$A$2) -> 0

Sheet Порівняння за закладами
A1: ="Аналітичний звіт про роботу надавачів ПМД в межах області станом на "&TEXT(Dict!A2,"dd.mm.yyyy") -> Аналітичний звіт про роботу надавачів ПМД в межах області станом на 01.08.2024
B2: =Dict!C2 -> 01996272, КОМУНАЛЬНЕ НЕКОМЕРЦІЙНЕ ПІДПРИЄМСТВО "ЗОЛОЧІВСЬКА ЦЕНТРАЛЬНА РАЙОННА ЛІКАРНЯ" ЗОЛОЧІВСЬКОЇ МІСЬКОЇ РАДИ ЗОЛОЧІВСЬКОГО РАЙОНУ ЛЬВІВСЬКОЇ ОБЛАСТІ
V4: 1 | Y4: 2 | AB4: 3 | AE4: 4 | AH4: 5 | AK4: 6 | AN4: 7 | AQ4: 8 | AT4: 9 | AW4: 10 | AZ4: 11 | BC4: 12 | BF4: 13 | BI4: 14 | BL4: 15 | BO4: 16 | BR4: 17 | BU4: 18 | BX4: 20 | CA4: 23 | CD4: 24 | CG4: 25 | CJ4: 26 | CM4: 27
V5: =VLOOKUP(V4,Індикатори!$A:$B,2,0) -> Співвідношення кількості медсестер до кількості лікарів на ПМД. | Y5: =VLOOKUP(Y4,Індикатори!$A:$B,2,0) -> Відсоток задекларованих пацієнтів у порівнянні з рекомендованою кількістю. | AB5: =VLOOKUP(AB4,Індикатори!$A:$B,2,0) -> Загальне використання послуг ПМД. | AE5: =VLOOKUP(AE4,Індикатори!$A:$B,2,0) -> Частка консультацій з лікарями ПМД без перескерувань. | AH5: =VLOOKUP(AH4,Індикатори!$A:$B,2,0) -> Завантаженість лікаря, який надає послуги ПМД. | AK5: =VLOOKUP(AK4,Індикатори!$A:$B,2,0) -> Моніторинг розвитку дитини протягом першого року життя. | AN5: =VLOOKUP(AN4,Індикатори!$A:$B,2,0) -> Вакцинація дітей віком до 1 року (включно). | AQ5: =VLOOKUP(AQ4,Індикатори!$A:$B,2,0) -> Вакцинація дітей віком до 6 років (включно). | AT5: =VLOOKUP(AT4,Індикатори!$A:$B,2,0) -> Повне оцінювання серцево-судинного ризику. | AW5: =VLOOKUP(AW4,Індикатори!$A:$B,2,0) -> Оцінювання компенсації гіпертонії. | AZ5: =VLOOKUP(AZ4,Індикатори!$A:$B,2,0) -> Скринінг на виявлення цукрового діабету у групі ризику. | BC5: =VLOOKUP(BC4,Індикатори!$A:$B,2,0) -> Скринінг на виявлення раку передміхурової залози (виписані направлення). | BF5: =VLOOKUP(BF4,Індикатори!$A:$B,2,0) -> Скринінг на виявлення раку передміхурової залози (погашені направлення). | BI5: =VLOOKUP(BI4,Індикатори!$A:$B,2,0) -> Скринінг на виявлення колоректального раку (виписані направлення). | BL5: =VLOOKUP(BL4,Індикатори!$A:$B,2,0) -> Скринінг на виявлення колоректального раку (погашені направлення). | BO5: =VLOOKUP(BO4,Індикатори!$A:$B,2,0) -> Скринінг на виявлення раку молочної залози серед жінок (виписані направлення). | BR5: =VLOOKUP(BR4,Індикатори!$A:$B,2,0) -> Скринінг на виявлення раку молочної залози серед жінок (погашені направлення). | BU5: =VLOOKUP(BU4,Індикатори!$A:$B,2,0) -> Скринінг на наявність туберкульозу. | BX5: =VLOOKUP(BX4,Індикатори!$A:$B,2,0) -> Виявлення ВІЛ у пацієнтів з індикаторними станами. | CA5: =VLOOKUP(CA4,Індикатори!$A:$B,2,0) -> Охоплення реімбурсацією (виписування рецептів). | CD5: =VLOOKUP(CD4,Індикатори!$A:$B,2,0) -> Охоплення реімбурсацією (отоварення рецептів). | CG5: =VLOOKUP(CG4,Індикатори!$A:$B,2,0) -> Виписування антимікробних препаратів на рівні ПМД. | CJ5: =VLOOKUP(CJ4,Індикатори!$A:$B,2,0) -> Профілактичний огляд осіб вікової групи 40-64 роки | CM5: =VLOOKUP(CM4,Індикатори!$A:$B,2,0) -> Профілактичний огляд осіб вікової групи 65 років і старше
V6: Заклад | W6: Значення індикатору | X6: =Dict!B2 -> 01996272 | Y6: Заклад | Z6: Значення індикатору | AA6: =Dict!B2 -> 01996272 | AB6: Заклад | AC6: Значення індикатору | AD6: =Dict!B2 -> 01996272 | AE6: Заклад | AF6: Значення індикатору | AG6: =Dict!B2 -> 01996272 | AH6: Заклад | AI6: Значення індикатору | AJ6: =Dict!B2 -> 01996272 | AK6: Заклад | AL6: Значення індикатору | AM6: =Dict!B2 -> 01996272 | AN6: Заклад | AO6: Значення індикатору | AP6: =Dict!B2 -> 01996272 | AQ6: Заклад | AR6: Значення індикатору | AS6: =Dict!B2 -> 01996272 | AT6: Заклад | AU6: Значення індикатору | AV6: =Dict!B2 -> 01996272 | AW6: Заклад | AX6: Значення індикатору | AY6: =Dict!B2 -> 01996272 | AZ6: Заклад | BA6: Значення індикатору | BB6: =Dict!B2 -> 01996272 | BC6: Заклад | BD6: Значення індикатору | BE6: =Dict!B2 -> 01996272 | BF6: Заклад | BG6: Значення індикатору | BH6: =Dict!B2 -> 01996272 | BI6: Заклад | BJ6: Значення індикатору | BK6: =Dict!B2 -> 01996272 | BL6: Заклад | BM6: Значення індикатору | BN6: =Dict!B2 -> 01996272 | BO6: Заклад | BP6: Значення індикатору | BQ6: =Dict!B2 -> 01996272 | BR6: Заклад | BS6: Значення індикатору | BT6: =Dict!B2 -> 01996272 | BU6: Заклад | BV6: Значення індикатору | BW6: =Dict!B2 -> 01996272 | BX6: Заклад | BY6: Значення індикатору | BZ6: =Dict!B2 -> 01996272 | CA6: Заклад | CB6: Значення індикатору | CC6: =Dict!B2 -> 01996272 | CD6: Заклад | CE6: Значення індикатору | CF6: =Dict!B2 -> 01996272 | CG6: Заклад | CH6: Значення індикатору | CI6: =Dict!B2 -> 01996272 | CJ6: Заклад | CK6: Значення індикатору | CL6: =Dict!B2 -> 01996272 | CM6: Заклад | CN6: Значення індикатору | CO6: =Dict!B2 -> 01996272
V7: ФОП, Рудько Ольга Олександрівна | W7: 0 | X7: -1 | Y7: 38208497 | Z7: 0.0083333333 | AA7: -1 | AB7: ФОП, Рудько Ольга Олександрівна | AC7: 0.025179856 | AD7: -1 | AE7: ФОП, Жук Олег Євгенович | AF7: 0.29230769 | AG7: -1 | AH7: 38208497 | AI7: 1 | AJ7: -1 | AK7: ФОП, Лялька Наталія Петрівна | AL7: 0 | AM7: -1 | AN7: ФОП, Жук Олег Євгенович | AO7: 0.0060790274 | AP7: -1 | AQ7: ФОП, Жук Олег Євгенович | AR7: 0.0035671819 | AS7: -1 | AT7: 45094345 | AU7: 0.00020439448 | AV7: -1 | AW7: 22398210 | AX7: 0.00096571704 | AY7: -1 | AZ7: 44119976 | BA7: 0.00055218112 | BB7: -1 | BC7: 42108962 | BD7: 0.00070871722 | BE7: -1 | BF7: 44925460 | BG7: 0 | BH7: -1 | BI7: 41900490 | BJ7: 9.084715e-05 | BK7: -1 | BL7: ФОП, Лялька Наталія Петрівна | BM7: 0 | BN7: -1 | BO7: 42310851 | BP7: 0.002004008 | BQ7: -1 | BR7: 44925460 | BS7: 0 | BT7: -1 | BU7: 20764314 | BV7: 0.00038417211 | BW7: -1 | BX7: 20851349 | BY7: 0.0091743119 | BZ7: -1 | CA7: ФОП, КРАВЧЕНКО РОМАНА БОГДАНІВНА | CB7: 0.00042918455 | CC7: -1 | CD7: 44114246 | CE7: 0.5 | CF7: -1 | CG7: 42224043 | CH7: 2.637896e-05 | CI7: -1 | CJ7: 41900490 | CK7: 5.1773233e-05 | CL7: -1 | CM7: 01996272 | CN7: 0.00097713504 | CO7: 0.00097713504
V8: 37398906 | W8: 0 | X8: -1 | Y8: 42830922 | Z8: 0.022631579 | AA8: -1 | AB8: 22421239 | AC8: 0.038599701 | AD8: -1 | AE8: ФОП, КОШЛАТА ЛЕСЯ ВАСИЛІВНА | AF8: 0.375 | AG8: -1 | AH8: 42830922 | AI8: 1 | AJ8: -1 | AK8: ФОП, ДІДИК ЛЕСЯ ІВАНІВНА | AL8: 0 | AM8: -1 | AN8: 34327104 | AO8: 0.014492754 | AP8: -1 | AQ8: 34327104 | AR8: 0.0080645161 | AS8: -1 | AT8: 44635101 | AU8: 0.00050787202 | AV8: -1 | AW8: 36761597 | AX8: 0.0017699115 | AY8: -1 | AZ8: 22398210 | BA8: 0.00058186896 | BB8: -1 | BC8: 42310851 | BD8: 0.00095192765 | BE8: -1 | BF8: ФОП, ЗУБРИЦЬКА НАДІЯ СТЕПАНІВНА | BG8: 0 | BH8: -1 | BI8: 20763591 | BJ8: 0.0003136107 | BK8: -1 | BL8: 41900490 | BM8: 0 | BN8: -1 | BO8: ФОП, ДІДИК ЛЕСЯ ІВАНІВНА | BP8: 0.0024213075 | BQ8: -1 | BR8: ФОП, ПОШИВАК ТЕТЯНА ПЕТРІВНА | BS8: 0 | BT8: -1 | BU8: 44712882 | BV8: 0.00040584416 | BW8: -1 | BX8: 40626575 | BY8: 0.010416667 | BZ8: -1 | CA8: ФОП, ГОЙ ОЛЬГА ІВАНІВНА | CB8: 0.00090130689 | CC8: -1 | CD8: ФОП, ЛОМАЄВА ОЛЕКСАНДРА ВАЛЕРІЇВНА | CE8: 0.5 | CF8: -1 | CG8: 45065089 | CH8: 3.0395137e-05 | CI8: -1 | CJ8: 01997633 | CK8: 0.00017857143 | CL8: -1 | CM8: 41160010 | CN8: 0.004074357 | CO8: -1
V9: ФОП, ЗАСТАВНИЙ ІГОР ІГОРОВИЧ | W9: 0 | X9: -1 | Y9: 42138054 | Z9: 0.03893617 | AA9: -1 | AB9: ФОП, СУХОВЕРСЬКИЙ МИРОСЛАВ МИРОНОВИЧ | AC9: 0.053521127 | AD9: -1 | AE9: ФОП, БУНЬКО ВАСИЛЬ МИХАЙЛОВИЧ | AF9: 0.52777778 | AG9: -1 | AH9: ФОП, РОНДЯК БОГДАН ЯРОСЛАВОВИЧ | AI9: 1 | AJ9: -1 | AK9: ФОП, ГОРАЛЬЧУК ОКСАНА МИКОЛАЇВНА | AL9: 0 | AM9: -1 | AN9: 38763426 | AO9: 0.024390244 | AP9: -1 | AQ9: 43923200 | AR9: 0.029017857 | AS9: -1 | AT9: 20765006 | AU9: 0.00097592713 | AV9: -1 | AW9: 20763272 | AX9: 0.0018850141 | AY9: -1 | AZ9: 45094345 | BA9: 0.0012576356 | BB9: -1 | BC9: 20764716 | BD9: 0.00098619329 | BE9: -1 | BF9: ФОП, ЗАСТАВНИЙ ІГОР ІГОРОВИЧ | BG9: 0 | BH9: -1 | BI9: 22398210 | BJ9: 0.00034634034 | BK9: -1 | BL9: ФОП, МАХНО ГАЛИНА ВОЛОДИМИРІВНА | BM9: 0 | BN9: -1 | BO9: 40393866 | BP9: 0.002739726 | BQ9: -1 | BR9: ФОП, ЗУБРИЦЬКА НАДІЯ СТЕПАНІВНА | BS9: 0 | BT9: -1 | BU9: 01996272 | BV9: 0.00041034058 | BW9: 0.00041034058 | BX9: 20761149 | BY9: 0.011673152 | BZ9: -1 | CA9: 43938699 | CB9: 0.0010845987 | CC9: -1 | CD9: ФОП, КРАВЧЕНКО РОМАНА БОГДАНІВНА | CE9: 0.5 | CF9: -1 | CG9: 44925460 | CH9: 4.9096622e-05 | CI9: -1 | CJ9: 42428764 | CK9: 0.00028735632 | CL9: -1 | CM9: 40236036 | CN9: 0.0080645161 | CO9: -1
V10: ФОП, ОЩИПКО ІРИНА ГЕОРГІЇВНА | W10: 0 | X10: -1 | Y10: ФОП, МИСНИК ЛЮДМИЛА ІЛЛІВНА | Z10: 0.0545 | AA10: -1 | AB10: 44925460 | AC10: 0.086091189 | AD10: -1 | AE10: 01997297 | AF10: 0.54285714 | AG10: -1 | AH10: ФОП, ЛОМАЄВА ОЛЕКСАНДРА ВАЛЕРІЇВНА | AI10: 1.375 | AJ10: -1 | AK10: 44976028 | AL10: 0 | AM10: -1 | AN10: 43923200 | AO10: 0.035714286 | AP10: -1 | AQ10: 38763426 | AR10: 0.029411765 | AS10: -1 | AT10: 41180990 | AU10: 0.0010471204 | AV10: -1 | AW10: 41900490 | AX10: 0.0021851953 | AY10: -1 | AZ10: 41209595 | BA10: 0.0020533881 | BB10: -1 | BC10: 20764478 | BD10: 0.001010101 | BE10: -1 | BF10: ФОП, Добрянський Олесь Степанович | BG10: 0 | BH10: -1 | BI10: 36761597 | BJ10: 0.00043365134 | BK10: -1 | BL10: ФОП, ЗУБРИЦЬКА НАДІЯ СТЕПАНІВНА | BM10: 0 | BN10: -1 | BO10: 43871190 | BP10: 0.0055478502 | BQ10: -1 | BR10: ФОП, ЗАСТАВНИЙ ІГОР ІГОРОВИЧ | BS10: 0 | BT10: -1 | BU10: 23957835 | BV10: 0.0005574136 | BW10: -1 | BX10: 23970286 | BY10: 0.012131716 | BZ10: -1 | CA10: 01997679 | CB10: 0.0014484357 | CC10: -1 | CD10: 44848931 | CE10: 0.6 | CF10: -1 | CG10: 20765006 | CH10: 6.0971892e-05 | CI10: -1 | CJ10: 20763272 | CK10: 0.00030376671 | CL10: -1 | CM10: 45065089 | CN10: 0.0082214305 | CO10: -1
V11: 44114246 | W11: 0 | X11: -1 | Y11: ФОП, Добрянський Олесь Степанович | Z11: 0.056842105 | AA11: -1 | AB11: 44625774 | AC11: 0.14758402 | AD11: -1 | AE11: 43260585 | AF11: 0.55128205 | AG11: -1 | AH11: ФОП, МИСНИК ЛЮДМИЛА ІЛЛІВНА | AI11: 1.4545455 | AJ11: -1 | AK11: 22348948 | AL11: 0 | AM11: -1 | AN11: 43288396 | AO11: 0.066666667 | AP11: -1 | AQ11: ФОП, БЕРЕЗНЮК ТЕТЯНА ПАВЛІВНА | AR11: 0.03 | AS11: -1 | AT11: ФОП, МАРУНКЕВИЧ МАРІЯ ВОЛОДИМИРІВНА | AU11: 0.0010793308 | AV11: -1 | AW11: ФОП, НІКОНОРОВ ВАЛЕРІЙ МИКОЛАЙОВИЧ | AX11: 0.0032051282 | AY11: -1 | AZ11: 20765006 | BA11: 0.003987802 | BB11: -1 | BC11: 01998226 | BD11: 0.0012306178 | BE11: -1 | BF11: ФОП, ШКУЛЬСЬКИЙ ВОЛОДИМИР ВОЛОДИМИРОВИЧ | BG11: 0 | BH11: -1 | BI11: 20765006 | BJ11: 0.00046051117 | BK11: -1 | BL11: 38763426 | BM11: 0 | BN11: -1 | BO11: ФОП, ПОШИВАК ТЕТЯНА ПЕТРІВНА | BP11: 0.0055555556 | BQ11: -1 | BR11: 44114246 | BS11: 0 | BT11: -1 | BU11: 44625774 | BV11: 0.0006942034 | BW11: -1 | BX11: 44625774 | BY11: 0.023076923 | BZ11: -1 | CA11: ФОП, Кольченко Леся Михайлівна | CB11: 0.0015302219 | CC11: -1 | CD11: 41066560 | CE11: 0.60869565 | CF11: -1 | CG11: 43526560 | CH11: 6.7317402e-05 | CI11: -1 | CJ11: 01997248 | CK11: 0.00052471403 | CL11: -1 | CM11: 01998226 | CN11: 0.0096483038 | CO11: -1
V12: ФОП, Добрянський Олесь Степанович | W12: 0 | X12: -1 | Y12: ФОП, БАЛЛА РОКСОЛАНА АНДРІЇВНА | Z12: 0.070357143 | AA12: -1 | AB12: 34327104 | AC12: 0.18341709 | AD12: -1 | AE12: ФОП, ДЮК ОКСАНА ЯРОСЛАВІВНА | AF12: 0.56214689 | AG12: -1 | AH12: 37398906 | AI12: 1.5 | AJ12: -1 | AK12: ФОП, КРАВЧУК ГАЛИНА ВАСИЛІВНА | AL12: 0 | AM12: -1 | AN12: 20850964 | AO12: 0.090909091 | AP12: -1 | AQ12: 20850964 | AR12: 0.049180328 | AS12: -1 | AT12: 42769586 | AU12: 0.0012106538 | AV12: -1 | AW12: 01997248 | AX12: 0.0038009675 | AY12: -1 | AZ12: ФОП, ПІКУЛИЦЬКА ЯРИНА ВАСИЛІВНА | BA12: 0.0042918455 | BB12: -1 | BC12: 20763295 | BD12: 0.0016666667 | BE12: -1 | BF12: 20763295 | BG12: 0 | BH12: -1 | BI12: 42448068 | BJ12: 0.00055648303 | BK12: -1 | BL12: 36417058 | BM12: 0 | BN12: -1 | BO12: 20765006 | BP12: 0.0062620424 | BQ12: -1 | BR12: ФОП, Добрянський Олесь Степанович | BS12: 0 | BT12: -1 | BU12: 01996674 | BV12: 0.00079491256 | BW12: -1 | BX12: 01996674 | BY12: 0.028688525 | BZ12: -1 | CA12: ФОП, БУНЬКО ВАСИЛЬ МИХАЙЛОВИЧ | CB12: 0.0022026432 | CC12: -1 | CD12: ФОП, ОЩИПКО ІРИНА ГЕОРГІЇВНА | CE12: 0.66666667 | CF12: -1 | CG12: 22398210 | CH12: 7.7543424e-05 | CI12: -1 | CJ12: 42021164 | CK12: 0.00076026356 | CL12: -1 | CM12: 41136480 | CN12: 0.0099778271 | CO12: -1
V13: 01997297 | W13: 0 | X13: -1 | Y13: ФОП, ЛОМАЄВА ОЛЕКСАНДРА ВАЛЕРІЇВНА | Z13: 0.075 | AA13: -1 | AB13: 45094345 | AC13: 0.20840513 | AD13: -1 | AE13: ФОП, КРАВЧУК ГАЛИНА ВАСИЛІВНА | AF13: 0.58156028 | AG13: -1 | AH13: ФОП, СУХОВЕРСЬКИЙ МИРОСЛАВ МИРОНОВИЧ | AI13: 1.5416667 | AJ13: -1 | AK13: 41066560 | AL13: 0 | AM13: -1 | AN13: ФОП, БЕРЕЗНЮК ТЕТЯНА ПАВЛІВНА | AO13: 0.11111111 | AP13: -1 | AQ13: ФОП, Лялька Наталія Петрівна | AR13: 0.055555556 | AS13: -1 | AT13: 22398210 | AU13: 0.0018301401 | AV13: -1 | AW13: 01998226 | AX13: 0.0038650738 | AY13: -1 | AZ13: 42769586 | BA13: 0.0057471264 | BB13: -1 | BC13: 41894875 | BD13: 0.0018484288 | BE13: -1 | BF13: ФОП, КАРАКЕВИЧ ЮРІЙ МИХАЙЛОВИЧ | BG13: 0 | BH13: -1 | BI13: 45094345 | BJ13: 0.0006021678 | BK13: -1 | BL13: 44028360 | BM13: 0 | BN13: -1 | BO13: ФОП, КАРАКЕВИЧ ЮРІЙ МИХАЙЛОВИЧ | BP13: 0.0076335878 | BQ13: -1 | BR13: 44848931 | BS13: 0 | BT13: -1 | BU13: 23970286 | BV13: 0.00090103619 | BW13: -1 | BX13: 42448068 | BY13: 0.030769231 | BZ13: -1 | CA13: ФОП, РОНДЯК БОГДАН ЯРОСЛАВОВИЧ | CB13: 0.0022779043 | CC13: -1 | CD13: ФОП, Турянська Ольга Тарасівна | CE13: 0.66666667 | CF13: -1 | CG13: 41136480 | CH13: 8.4381065e-05 | CI13: -1 | CJ13: 37639909 | CK13: 0.001242236 | CL13: -1 | CM13: 40626575 | CN13: 0.010214168 | CO13: -1
V14: ФОП, ГОРАЛЬЧУК ОКСАНА МИКОЛАЇВНА | W14: 0 | X14: -1 | Y14: ФОП, Турянська Ольга Тарасівна | Z14: 0.080833333 | AA14: -1 | AB14: 40236036 | AC14: 0.21042002 | AD14: -1 | AE14: ФОП, Жданова Оксана Степанівна | AF14: 0.58333333 | AG14: -1 | AH14: 44871599 | AI14: 1.7076923 | AJ14: -1 | AK14: ФОП, ГРИЦАК РУСЛАН ГЕННАДІЙОВИЧ | AL14: 0 | AM14: -1 | AN14: 44925460 | AO14: 0.1328125 | AP14: -1 | AQ14: ФОП, КОТОВИЧ НАТАЛІЯ СТЕПАНІВНА | AR14: 0.063348416 | AS14: -1 | AT14: ФОП, Мазур Руслана Ярославівна | AU14: 0.0019367334 | AV14: -1 | AW14: 01998101 | AX14: 0.0039615167 | AY14: -1 | AZ14: ФОП, КРАВЧУК ГАЛИНА ВАСИЛІВНА | BA14: 0.0064102564 | BB14: -1 | BC14: 01997248 | BD14: 0.0018663047 | BE14: -1 | BF14: 44848931 | BG14: 0 | BH14: -1 | BI14: 44216151 | BJ14: 0.00070646415 | BK14: -1 | BL14: ФОП, ЗАСТАВНИЙ ІГОР ІГОРОВИЧ | BM14: 0 | BN14: -1 | BO14: 36194399 | BP14: 0.0079051383 | BQ14: -1 | BR14: ФОП, Карпяк Марта Ігорівна | BS14: 0 | BT14: -1 | BU14: 20851349 | BV14: 0.0012180268 | BW14: -1 | BX14: 01984228 | BY14: 0.032258065 | BZ14: -1 | CA14: ФОП, АПАРІНА ЛІДІЯ ВОЛОДИМИРІВНА | CB14: 0.0025773196 | CC14: -1 | CD14: 01996869 | CE14: 0.66666667 | CF14: -1 | CG14: 36761597 | CH14: 9.6181591e-05 | CI14: -1 | CJ14: ФОП, РОНДЯК ОЛЕКСАНДРА ЗІНОВІЇВНА | CK14: 0.0014771049 | CL14: -1 | CM14: 01996409 | CN14: 0.014912281 | CO14: -1
V15: ФОП, ПОКІНСЬКА МАРІЯ МИХАЙЛІВНА | W15: 0 | X15: -1 | Y15: 44871599 | Z15: 0.081034483 | AA15: -1 | AB15: 41845440 | AC15: 0.21978165 | AD15: -1 | AE15: ФОП, КАРАКЕВИЧ ЮРІЙ МИХАЙЛОВИЧ | AF15: 0.60493827 | AG15: -1 | AH15: 44114246 | AI15: 1.75 | AJ15: -1 | AK15: ФОП, БЕРЕЗНЮК ТЕТЯНА ПАВЛІВНА | AL15: 0 | AM15: -1 | AN15: ФОП, ГРИЦАК РУСЛАН ГЕННАДІЙОВИЧ | AO15: 0.16666667 | AP15: -1 | AQ15: ФОП, ШКУЛЬСЬКИЙ ВОЛОДИМИР ВОЛОДИМИРОВИЧ | AR15: 0.066666667 | AS15: -1 | AT15: ФОП, КАБАН ВОЛОДИМИР БОГДАНОВИЧ | AU15: 0.0030410542 | AV15: -1 | AW15: ФОП, ДІДИК ЛЕСЯ ІВАНІВНА | AX15: 0.0041152263 | AY15: -1 | AZ15: ФОП, СКОБИЛКО ІРИНА ВОЛОДИМИРІВНА | BA15: 0.0069444444 | BB15: -1 | BC15: 44397639 | BD15: 0.0019480519 | BE15: -1 | BF15: 44646459 | BG15: 0 | BH15: -1 | BI15: 41851009 | BJ15: 0.00084530854 | BK15: -1 | BL15: 44114246 | BM15: 0 | BN15: -1 | BO15: 42750109 | BP15: 0.0091033227 | BQ15: -1 | BR15: 01998035 | BS15: 0 | BT15: -1 | BU15: 41845440 | BV15: 0.0017035775 | BW15: -1 | BX15: 23957835 | BY15: 0.046218487 | BZ15: -1 | CA15: ФОП, СУХОВЕРСЬКИЙ МИРОСЛАВ МИРОНОВИЧ | CB15: 0.0027497709 | CC15: -1 | CD15: 43260585 | CE15: 0.70588235 | CF15: -1 | CG15: 01997633 | CH15: 0.00011644607 | CI15: -1 | CJ15: 43914746 | CK15: 0.0015860428 | CL15: -1 | CM15: 44093644 | CN15: 0.018726592 | CO15: -1
V16: 44976028 | W16: 0 | X16: -1 | Y16: ФОП, КОЗЕНКО ПАВЛО ВОЛОДИМИРОВИЧ | Z16: 0.083 | AA16: -1 | AB16: 45214923 | AC16: 0.22281523 | AD16: -1 | AE16: ФОП, ВОРОБЕЦЬ ІРИНА ЙОСИФІВНА | AF16: 0.60655738 | AG16: -1 | AH16: 39792683 | AI16: 1.7619048 | AJ16: -1 | AK16: ФОП, ДУДА НАДІЯ БОГДАНІВНА | AL16: 0 | AM16: -1 | AN16: ФОП, КОТОВИЧ НАТАЛІЯ СТЕПАНІВНА | AO16: 0.18181818 | AP16: -1 | AQ16: ФОП, КОШЛАТА ЛЕСЯ ВАСИЛІВНА | AR16: 0.06870229 | AS16: -1 | AT16: ФОП, КРАВЧУК ГАЛИНА ВАСИЛІВНА | AU16: 0.0037664783 | AV16: -1 | AW16: 20764716 | AX16: 0.0045146727 | AY16: -1 | AZ16: 41180990 | BA16: 0.01214128 | BB16: -1 | BC16: 22398210 | BD16: 0.0019502682 | BE16: -1 | BF16: 32613493 | BG16: 0 | BH16: -1 | BI16: 42310851 | BJ16: 0.00092229652 | BK16: -1 | BL16: 20763272 | BM16: 0 | BN16: -1 | BO16: 01996869 | BP16: 0.010204082 | BQ16: -1 | BR16: ФОП, ЛОМАЄВА ОЛЕКСАНДРА ВАЛЕРІЇВНА | BS16: 0 | BT16: -1 | BU16: 20761149 | BV16: 0.0017694641 | BW16: -1 | BX16: ФОП, ФЕДЕНКО НАТАЛІЯ РОМАНІВНА | BY16: 0.055555556 | BZ16: -1 | CA16: 41195567 | CB16: 0.0031446541 | CC16: -1 | CD16: ФОП, ЯКИМІВ СВІТЛАНА ЯРОСЛАВІВНА | CE16: 0.73684211 | CF16: -1 | CG16: 44646459 | CH16: 0.00012033694 | CI16: -1 | CJ16: 37325796 | CK16: 0.0017006803 | CL16: -1 | CM16: ФОП, Люта Оксана Павлівна | CN16: 0.02283105 | CO16: -1
V17: ФОП, ІВЧЕНКО АНДРІЙ АНАТОЛІЙОВИЧ | W17: 0 | X17: -1 | Y17: 44114246 | Z17: 0.087368421 | AA17: -1 | AB17: 42310851 | AC17: 0.22350159 | AD17: -1 | AE17: ФОП, Кащук Марія Анатоліївна | AF17: 0.60655738 | AG17: -1 | AH17: 35472249 | AI17: 1.7692308 | AJ17: -1 | AK17: 01998035 | AL17: 0 | AM17: -1 | AN17: ФОП, ПЕТРИК КАТЕРИНА ЮРІЇВНА | AO17: 0.2 | AP17: -1 | AQ17: ФОП, СИВАК ЛЮДМИЛА ЮРІЇВНА | AR17: 0.071428571 | AS17: -1 | AT17: ФОП, Столяр Маряна Миколаївна | AU17: 0.0042918455 | AV17: -1 | AW17: ФОП, РИСЕЙ ОЛЬГА ІГОРІВНА | AX17: 0.004950495 | AY17: -1 | AZ17: 42108962 | BA17: 0.017618041 | BB17: -1 | BC17: 42224043 | BD17: 0.0020780051 | BE17: -1 | BF17: ФОП, КРАВЧУК ГАЛИНА ВАСИЛІВНА | BG17: 0 | BH17: -1 | BI17: ФОП, НІКОНОРОВ ВАЛЕРІЙ МИКОЛАЙОВИЧ | BJ17: 0.00095602294 | BK17: -1 | BL17: ФОП, ПОКІНСЬКА МАРІЯ МИХАЙЛІВНА | BM17: 0 | BN17: -1 | BO17: ФОП, НІКОНОРОВ ВАЛЕРІЙ МИКОЛАЙОВИЧ | BP17: 0.011583012 | BQ17: -1 | BR17: ФОП, КОЗИЧ РОКСОЛАНА АНДРІЇВНА | BS17: 0 | BT17: -1 | BU17: ФОП, РОНДЯК ОЛЕКСАНДРА ЗІНОВІЇВНА | BV17: 0.0022675737 | BW17: -1 | CA17: ФОП, Жук Олег Євгенович | CB17: 0.003197442 | CC17: -1 | CD17: ФОП, ГРИЦАК РУСЛАН ГЕННАДІЙОВИЧ | CE17: 0.74193548 | CF17: -1 | CG17: 41839788 | CH17: 0.00012106538 | CI17: -1 | CJ17: 41136480 | CK17: 0.0017286085 | CL17: -1 | CM17: 43919770 | CN17: 0.025280899 | CO17: -1
V18: ФОП, ЯКИМІВ СВІТЛАНА ЯРОСЛАВІВНА | W18: 0 | X18: -1 | Y18: 39792683 | Z18: 0.09675 | AA18: -1 | AB18: 44056885 | AC18: 0.25635525 | AD18: -1 | AE18: ФОП, ЛАЗАРЕВИЧ ПЕТРО ЯРОСЛАВОВИЧ | AF18: 0.61111111 | AG18: -1 | AH18: ФОП, ЗАСТАВНИЙ ІГОР ІГОРОВИЧ | AI18: 1.8333333 | AJ18: -1 | AK18: 43260585 | AL18: 0 | AM18: -1 | AN18: ФОП, ПОКІНСЬКА МАРІЯ МИХАЙЛІВНА | AO18: 0.21621622 | AP18: -1 | AQ18: ФОП, ПОКІНСЬКА МАРІЯ МИХАЙЛІВНА | AR18: 0.08 | AS18: -1 | AT18: 44070522 | AU18: 0.0043782837 | AV18: -1 | AW18: 44119976 | AX18: 0.0057471264 | AY18: -1 | AZ18: 22348948 | BA18: 0.021442495 | BB18: -1 | BC18: 41900490 | BD18: 0.0022591101 | BE18: -1 | BF18: 20764478 | BG18: 0 | BH18: -1 | BI18: 32418147 | BJ18: 0.00097943193 | BK18: -1 | BL18: ФОП, ШКУЛЬСЬКИЙ ВОЛОДИМИР ВОЛОДИМИРОВИЧ | BM18: 0 | BN18: -1 | BO18: ФОП, СЕРЕДЮК ОЛЬГА ІВАНІВНА | BP18: 0.012244898 | BQ18: -1 | BR18: ФОП, КОТОВИЧ НАТАЛІЯ СТЕПАНІВНА | BS18: 0 | BT18: -1 | BU18: 41160010 | BV18: 0.0026191723 | BW18: -1 | CA18: ФОП, ПІКУЛИЦЬКА ЯРИНА ВАСИЛІВНА | CB18: 0.003703018 | CC18: -1 | CD18: ФОП, БАЛЛА РОКСОЛАНА АНДРІЇВНА | CE18: 0.75 | CF18: -1 | CG18: 41850775 | CH18: 0.00015470297 | CI18: -1 | CJ18: 42750109 | CK18: 0.0017565872 | CL18: -1 | CM18: 20763941 | CN18: 0.026388125 | CO18: -1
V19: ФОП, КАРАКЕВИЧ ЮРІЙ МИХАЙЛОВИЧ | W19: 0 | X19: -1 | Y19: 20850964 | Z19: 0.10148148 | AA19: -1 | AB19: ФОП, РОНДЯК БОГДАН ЯРОСЛАВОВИЧ | AC19: 0.26728111 | AD19: -1 | AE19: ФОП, БЕРЕЗНЮК ТЕТЯНА ПАВЛІВНА | AF19: 0.61111111 | AG19: -1 | AH19: ФОП, ОЩИПКО ІРИНА ГЕОРГІЇВНА | AI19: 1.8571429 | AJ19: -1 | AK19: 02010793 | AL19: 0 | AM19: -1 | AN19: ФОП, Кольченко Леся Михайлівна | AO19: 0.21862348 | AP19: -1 | AQ19: 44925460 | AR19: 0.082287308 | AS19: -1 | AT19: 42448068 | AU19: 0.0045561546 | AV19: -1 | AW19: 20763160 | AX19: 0.0057803468 | AY19: -1 | AZ19: 41505308 | BA19: 0.022222222 | BB19: -1 | BC19: 01998101 | BD19: 0.0026441036 | BE19: -1 | BF19: ФОП, САВЕНКО НАТАЛІЯ ЯРОСЛАВІВНА | BG19: 0 | BH19: -1 | BI19: 38763426 | BJ19: 0.0010060362 | BK19: -1 | BL19: 44216151 | BM19: 0 | BN19: -1 | BO19: ФОП, ПЕТРИК КАТЕРИНА ЮРІЇВНА | BP19: 0.012345679 | BQ19: -1 | BR19: 42310851 | BS19: 0.001002004 | BT19: -1 | BU19: 41902533 | BV19: 0.0028818444 | BW19: -1 | CA19: ФОП, БЕРЕЗНЮК ТЕТЯНА ПАВЛІВНА | CB19: 0.003931848 | CC19: -1 | CD19: 34327104 | CE19: 0.75 | CF19: -1 | CG19: 20763591 | CH19: 0.00017222079 | CI19: -1 | CJ19: 02010793 | CK19: 0.0024154589 | CL19: -1 | CM19: 42274953 | CN19: 0.027375201 | CO19: -1
V20: 43288396 | W20: 0 | X20: -1 | Y20: ФОП, МЕЛЬНИК ЗОРЯНА СТЕПАНІВНА | Z20: 0.10327586 | AA20: -1 | AB20: 44246746 | AC20: 0.30572801 | AD20: -1 | AE20: 38763426 | AF20: 0.61320755 | AG20: -1 | AH20: ФОП, Рудько Ольга Олександрівна | AI20: 1.9090909 | AJ20: -1 | AK20: 42138054 | AL20: 0 | AM20: -1 | AN20: ФОП, Лялька Наталія Петрівна | AO20: 0.25 | AP20: -1 | AQ20: ФОП, ГРИЦАК РУСЛАН ГЕННАДІЙОВИЧ | AR20: 0.086956522 | AS20: -1 | AT20: 01998226 | AU20: 0.004609246 | AV20: -1 | AW20: 20763941 | AX20: 0.0058102001 | AY20: -1 | AZ20: ФОП, ЗАСТАВНИЙ ІГОР ІГОРОВИЧ | BA20: 0.023809524 | BB20: -1 | BC20: ФОП, Лялька Наталія Петрівна | BD20: 0.0028490028 | BE20: -1 | BF20: ФОП, ВОРОБЕЦЬ ІРИНА ЙОСИФІВНА | BG20: 0 | BH20: -1 | BI20: ФОП, РОНДЯК ОЛЕКСАНДРА ЗІНОВІЇВНА | BJ20: 0.0010454783 | BK20: -1 | BL20: 44976028 | BM20: 0 | BN20: -1 | BO20: ФОП, ПІКУЛИЦЬКА ЯРИНА ВАСИЛІВНА | BP20: 0.012779553 | BQ20: -1 | BR20: 40221119 | BS20: 0.0014684288 | BT20: -1 | BU20: 01984276 | BV20: 0.0029481132 | BW20: -1 | CA20: ФОП, СЕРЕДИЧ ЛІЛІЯ ПЕТРІВНА | CB20: 0.0045948204 | CC20: -1 | CD20: ФОП, Кащук Марія Анатоліївна | CE20: 0.75 | CF20: -1 | CG20: 42750109 | CH20: 0.00020255216 | CI20: -1 | CJ20: 36194399 | CK20: 0.0025773196 | CL20: -1 | CM20: 41064034 | CN20: 0.028906956 | CO20: -1
V21: ФОП, ЛАЗАРЕВИЧ ПЕТРО ЯРОСЛАВОВИЧ | W21: 0 | X21: -1 | Y21: 43288396 | Z21: 0.11026316 | AA21: -1 | AB21: ФОП, ОЩИПКО ІРИНА ГЕОРГІЇВНА | AC21: 0.31804281 | AD21: -1 | AE21: 01998035 | AF21: 0.62142857 | AG21: -1 | AH21: ФОП, ВОЗІВ ХРИСТИНА ІВАНІВНА | AI21: 1.9285714 | AJ21: -1 | AK21: 01996606 | AL21: 0 | AM21: -1 | AN21: 44976028 | AO21: 0.25 | AP21: -1 | AQ21: ФОП, Кащук Марія Анатоліївна | AR21: 0.08815427 | AS21: -1 | AT21: ФОП, ЗАСТАВНИЙ ІГОР ІГОРОВИЧ | AU21: 0.004784689 | AV21: -1 | AW21: 38763426 | AX21: 0.0063897764 | AY21: -1 | AZ21: ФОП, НІКОНОРОВ ВАЛЕРІЙ МИКОЛАЙОВИЧ | BA21: 0.025278059 | BB21: -1 | BC21: 36194399 | BD21: 0.0037735849 | BE21: -1 | BF21: ФОП, РОМАНІВ ЛЕСЯ АНАТОЛІЇВНА | BG21: 0 | BH21: -1 | BI21: 01998101 | BJ21: 0.0011149653 | BK21: -1 | BL21: 41160010 | BM21: 0 | BN21: -1 | BO21: 43260585 | BP21: 0.014285714 | BQ21: -1 | BR21: 43871190 | BS21: 0.0023116043 | BT21: -1 | BU21: 41900490 | BV21: 0.0031926215 | BW21: -1 | CA21: ФОП, Кащук Марія Анатоліївна | CB21: 0.0047732697 | CC21: -1 | CD21: 20850964 | CE21: 0.75862069 | CF21: -1 | CG21: 20764716 | CH21: 0.00021112636 | CI21: -1 | CJ21: 32418147 | CK21: 0.002690583 | CL21: -1 | CM21: 44056885 | CN21: 0.030973451 | CO21: -1
V22: ФОП, РОМАНІВ ЛЕСЯ АНАТОЛІЇВНА | W22: 0 | X22: -1 | Y22: 34327104 | Z22: 0.11536232 | AA22: -1 | AB22: ФОП, ПОЛУПАНЕЦЬ ВІРА ВОЛОДИМИРІВНА | AC22: 0.32211101 | AD22: -1 | AE22: ФОП, ПІКУЛИЦЬКА ЯРИНА ВАСИЛІВНА | AF22: 0.6360424 | AG22: -1 | AH22: ФОП, ПОЛУПАНЕЦЬ ВІРА ВОЛОДИМИРІВНА | AI22: 1.9411765 | AJ22: -1 | AK22: ФОП, КОШЛАТА ЛЕСЯ ВАСИЛІВНА | AL22: 0 | AM22: -1 | AN22: 45094345 | AO22: 0.25528583 | AP22: -1 | AQ22: ФОП, ПЕТРИК КАТЕРИНА ЮРІЇВНА | AR22: 0.095238095 | AS22: -1 | AT22: ФОП, Кащук Марія Анатоліївна | AU22: 0.0054794521 | AV22: -1 | AW22: 01997633 | AX22: 0.0073688773 | AY22: -1 | AZ22: ФОП, Добрянський Олесь Степанович | BA22: 0.027777778 | BB22: -1 | BC22: ФОП, НІКОНОРОВ ВАЛЕРІЙ МИКОЛАЙОВИЧ | BD22: 0.0043196544 | BE22: -1 | BF22: ФОП, ГРИЦАК РУСЛАН ГЕННАДІЙОВИЧ | BG22: 0 | BH22: -1 | BI22: 01984228 | BJ22: 0.0011534025 | BK22: -1 | BL22: ФОП, ІВЧЕНКО АНДРІЙ АНАТОЛІЙОВИЧ | BM22: 0 | BN22: -1 | BO22: 43914746 | BP22: 0.015370284 | BQ22: -1 | BR22: ФОП, ДІДИК ЛЕСЯ ІВАНІВНА | BS22: 0.0024213075 | BT22: -1 | BU22: ФОП, КОСТИРКО МИКОЛА МИХАЙЛОВИЧ | BV22: 0.0044444444 | BW22: -1 | CA22: ФОП, Турянська Ольга Тарасівна | CB22: 0.0050761421 | CC22: -1 | CD22: 22348948 | CE22: 0.76190476 | CF22: -1 | CG22: 42877452 | CH22: 0.00025117739 | CI22: -1 | CJ22: 20763160 | CK22: 0.0031512605 | CL22: -1 | CM22: 44712882 | CN22: 0.03942896 | CO22: -1
V23: ФОП, МИСНИК ЛЮДМИЛА ІЛЛІВНА | W23: 0 | X23: -1 | Y23: 44976028 | Z23: 0.11833333 | AA23: -1 | AB23: 42108962 | AC23: 0.32542373 | AD23: -1 | AE23: ФОП, МИСЛОВИЧ ОЛЕГ ЮРІЙОВИЧ | AF23: 0.64516129 | AG23: -1 | AH23: ФОП, Добрянський Олесь Степанович | AI23: 1.95 | AJ23: -1 | AK23: ФОП, МИСЛОВИЧ ОЛЕГ ЮРІЙОВИЧ | AL23: 0 | AM23: -1 | AN23: 20763591 | AO23: 0.26637555 | AP23: -1 | AQ23: 01998035 | AR23: 0.10055866 | AS23: -1 | AT23: 37325796 | AU23: 0.0059304703 | AV23: -1 | AW23: 44397639 | AX23: 0.007518797 | AY23: -1 | AZ23: ФОП, ПОШИВАК ТЕТЯНА ПЕТРІВНА | BA23: 0.029339853 | BB23: -1 | BC23: ФОП, Столяр Галина Ігорівна | BD23: 0.0045454545 | BE23: -1 | BF23: 44018588 | BG23: 0 | BH23: -1 | BI23: ФОП, Лялька Наталія Петрівна | BJ23: 0.0013175231 | BK23: -1 | BL23: ФОП, ЯКИМІВ СВІТЛАНА ЯРОСЛАВІВНА | BM23: 0 | BN23: -1 | BO23: 01998035 | BP23: 0.015625 | BQ23: -1 | BR23: 40393866 | BS23: 0.002739726 | BT23: -1 | BU23: 44646459 | BV23: 0.0061601643 | BW23: -1 | CA23: ФОП, КОШЛАТА ЛЕСЯ ВАСИЛІВНА | CB23: 0.0054347826 | CC23: -1 | CD23: ФОП, ЗУБРИЦЬКА НАДІЯ СТЕПАНІВНА | CE23: 0.76923077 | CF23: -1 | CG23: 41209595 | CH23: 0.00028473804 | CI23: -1 | CJ23: 01996272 | CK23: 0.0033603479 | CL23: 0.0033603479 | CM23: 44496574 | CN23: 0.048861601 | CO23: -1
V24: ФОП, ПОЛЯНСЬКА ТЕТЯНА АНАТОЛІЇВНА | W24: 0 | X24: -1 | Y24: ФОП, РОНДЯК БОГДАН ЯРОСЛАВОВИЧ | Z24: 0.12055556 | AA24: -1 | AB24: 45395213 | AC24: 0.33456893 | AD24: -1 | AE24: 01996869 | AF24: 0.6722973 | AG24: -1 | AH24: ФОП, ЛАЗАРЕВИЧ ПЕТРО ЯРОСЛАВОВИЧ | AI24: 1.9642857 | AJ24: -1 | AK24: 34327104 | AL24: 0 | AM24: -1 | AN24: 22348948 | AO24: 0.26923077 | AP24: -1 | AQ24: 44976028 | AR24: 0.125 | AS24: -1 | AT24: ФОП, СКОБИЛКО ІРИНА ВОЛОДИМИРІВНА | AU24: 0.0064516129 | AV24: -1 | AW24: 41066560 | AX24: 0.0083333333 | AY24: -1 | AZ24: 20763272 | BA24: 0.032210109 | BB24: -1 | BC24: 40238410 | BD24: 0.0048543689 | BE24: -1 | BF24: ФОП, ДЕМКО ОКСАНА ДЕМЯНІВНА | BG24: 0 | BH24: -1 | BI24: 42140021 | BJ24: 0.0013357079 | BK24: -1 | BL24: 41851009 | BM24: 0 | BN24: -1 | BO24: ФОП, Карпяк Марта Ігорівна | BP24: 0.016393443 | BQ24: -1 | BR24: 44216151 | BS24: 0.0031128405 | BT24: -1 | BU24: 19163609 | BV24: 0.010921632 | BW24: -1 | CA24: 37325796 | CB24: 0.0057090427 | CC24: -1 | CD24: 41388815 | CE24: 0.76923077 | CF24: -1 | CG24: 37325796 | CH24: 0.00030584157 | CI24: -1 | CJ24: 45065089 | CK24: 0.0033898305 | CL24: -1 | CM24: 01984228 | CN24: 0.049184506 | CO24: -1
V25: ФОП, БЕРЕЗНЮК ТЕТЯНА ПАВЛІВНА | W25: 0 | X25: -1 | Y25: 35472249 | Z25: 0.1206383 | AA25: -1 | AB25: ФОП, ЛОМАЄВА ОЛЕКСАНДРА ВАЛЕРІЇВНА | AC25: 0.3358209 | AD25: -1 | AE25: ФОП, ЯЩИШИН ОКСАНА МИХАЙЛІВНА | AF25: 0.67808219 | AG25: -1 | AH25: ФОП, МИСЛОВИЧ ОЛЕГ ЮРІЙОВИЧ | AI25: 2 | AJ25: -1 | AK25: ФОП, ДЮК ОКСАНА ЯРОСЛАВІВНА | AL25: 0 | AM25: -1 | AN25: 44114246 | AO25: 0.28571429 | AP25: -1 | AQ25: ФОП, Кольченко Леся Михайлівна | AR25: 0.13256484 | AS25: -1 | AT25: 36761597 | AU25: 0.0065685164 | AV25: -1 | AW25: 43998826 | AX25: 0.0086956522 | AY25: -1 | AZ25: ФОП, Мазур Руслана Ярославівна | BA25: 0.03307888 | BB25: -1 | BC25: 36761597 | BD25: 0.0052724077 | BE25: -1 | BF25: ФОП, Левкович Лідія Олексіївна | BG25: 0 | BH25: -1 | BI25: 45214923 | BJ25: 0.0013373454 | BK25: -1 | BL25: 42140021 | BM25: 0 | BN25: -1 | BO25: 44246746 | BP25: 0.01728024 | BQ25: -1 | BR25: ФОП, ПІКУЛИЦЬКА ЯРИНА ВАСИЛІВНА | BS25: 0.0031948882 | BT25: -1 | BU25: ФОП, ФЕДЕНКО НАТАЛІЯ РОМАНІВНА | BV25: 0.013618677 | BW25: -1 | CA25: 44848931 | CB25: 0.0061842919 | CC25: -1 | CD25: 40236036 | CE25: 0.77655678 | CF25: -1 | CG25: 42140021 | CH25: 0.0003188606 | CI25: -1 | CJ25: ФОП, САВЕНКО НАТАЛІЯ ЯРОСЛАВІВНА | CK25: 0.0035587189 | CL25: -1 | CM25: 20764314 | CN25: 0.050955414 | CO25: -1
V26: ФОП, ДЕМКО ОКСАНА ДЕМЯНІВНА | W26: 0 | X26: -1 | Y26: 01997297 | Z26: 0.12244898 | AA26: -1 | AB26: 35621067 | AC26: 0.3362069 | AD26: -1 | AE26: 20763295 | AF26: 0.68020305 | AG26: -1 | AH26: ФОП, Жданова Оксана Степанівна | AI26: 2 | AJ26: -1 | AK26: ФОП, Кащук Марія Анатоліївна | AL26: 0 | AM26: -1 | AN26: ФОП, МЕЛЬНИК ЗОРЯНА СТЕПАНІВНА | AO26: 0.28571429 | AP26: -1 | AQ26: ФОП, ДІДИК ЛЕСЯ ІВАНІВНА | AR26: 0.13333333 | AS26: -1 | AT26: ФОП, ГОРОДИСЬКА СТЕФАНІЯ-ОКСАНА МИХАЙЛІВНА | AU26: 0.0068027211 | AV26: -1 | AW26: 41160010 | AX26: 0.009671848 | AY26: -1 | AZ26: 37325796 | BA26: 0.034623218 | BB26: -1 | BC26: 20765006 | BD26: 0.0062052506 | BE26: -1 | BF26: ФОП, САЛДАН ІВАН АНТОНОВИЧ | BG26: 0 | BH26: -1 | BI26: 44093644 | BJ26: 0.0014382577 | BK26: -1 | BL26: ФОП, Люта Оксана Павлівна | BM26: 0 | BN26: -1 | BO26: 41160010 | BP26: 0.017389341 | BQ26: -1 | BR26: ФОП, СЕРЕДЮК ОЛЬГА ІВАНІВНА | BS26: 0.0040816327 | BT26: -1 | BU26: ФОП, КАБАН ВОЛОДИМИР БОГДАНОВИЧ | BV26: 0.018072289 | BW26: -1 | CA26: 44635101 | CB26: 0.006406523 | CC26: -1 | CD26: ФОП, ІВАНІЩАК РОМАНІЯ ІВАНІВНА | CE26: 0.7804878 | CF26: -1 | CG26: 01996409 | CH26: 0.00033857316 | CI26: -1 | CJ26: 41160010 | CK26: 0.0039795338 | CL26: -1 | CM26: 44646459 | CN26: 0.053183521 | CO26: -1
V27: ФОП, Савчин Соломія Олегівна | W27: 0 | X27: -1 | Y27: ФОП, Жданова Оксана Степанівна | Z27: 0.125 | AA27: -1 | AB27: ФОП, ПОШИВАК ТЕТЯНА ПЕТРІВНА | AC27: 0.33737024 | AD27: -1 | AE27: 41136480 | AF27: 0.68630451 | AG27: -1 | AH27: 35621067 | AI27: 2 | AJ27: -1 | AK27: 44925460 | AL27: 0.013793103 | AM27: -1 | AN27: ФОП, Кащук Марія Анатоліївна | AO27: 0.28571429 | AP27: -1 | AQ27: 45094345 | AR27: 0.13813184 | AS27: -1 | AT27: 41505308 | AU27: 0.0074426913 | AV27: -1 | AW27: 44408760 | AX27: 0.0097087379 | AY27: -1 | AZ27: 41900490 | BA27: 0.035219009 | BB27: -1 | BC27: ФОП, КРАВЧУК ГАЛИНА ВАСИЛІВНА | BD27: 0.0063694268 | BE27: -1 | BF27: 41055077 | BG27: 0 | BH27: -1 | BI27: 42750109 | BJ27: 0.0014752371 | BK27: -1 | BL27: 32613493 | BM27: 0 | BN27: -1 | BO27: 20763160 | BP27: 0.018333333 | BQ27: -1 | BR27: 20765006 | BS27: 0.0043352601 | BT27: -1 | BU27: ФОП, ПОЛУПАНЕЦЬ ВІРА ВОЛОДИМИРІВНА | BV27: 0.022222222 | BW27: -1 | CA27: ФОП, ПЕТРИК ЛЮДМИЛА ЯРОСЛАВІВНА | CB27: 0.0066869301 | CC27: -1 | CD27: ФОП, ДЕМКО ОКСАНА ДЕМЯНІВНА | CE27: 0.7826087 | CF27: -1 | CG27: 44496574 | CH27: 0.00035326878 | CI27: -1 | CJ27: 01998226 | CK27: 0.004038893 | CL27: -1 | CM27: 41845440 | CN27: 0.055327869 | CO27: -1
V28: ФОП, СУХОВЕРСЬКИЙ МИРОСЛАВ МИРОНОВИЧ | W28: 0 | X28: -1 | Y28: 22348948 | Z28: 0.12905109 | AA28: -1 | AB28: 45065089 | AC28: 0.37841191 | AD28: -1 | AE28: 01997679 | AF28: 0.68704156 | AG28: -1 | AH28: ФОП, БАЛЛА РОКСОЛАНА АНДРІЇВНА | AI28: 2.0434783 | AJ28: -1 | AK28: 43923200 | AL28: 0.016666667 | AM28: -1 | AN28: ФОП, ДУДА НАДІЯ БОГДАНІВНА | AO28: 0.3 | AP28: -1 | AQ28: 44114246 | AR28: 0.13953488 | AS28: -1 | AT28: 01997297 | AU28: 0.0085106383 | AV28: -1 | AW28: 22348948 | AX28: 0.01010101 | AY28: -1 | AZ28: ФОП, Столяр Маряна Миколаївна | BA28: 0.038869258 | BB28: -1 | BC28: 41160010 | BD28: 0.0070640177 | BE28: -1 | BF28: ФОП, ІВАНІЩАК РОМАНІЯ ІВАНІВНА | BG28: 0 | BH28: -1 | BI28: 43526560 | BJ28: 0.0018458699 | BK28: -1 | BL28: ФОП, ВОРОБЕЦЬ ІРИНА ЙОСИФІВНА | BM28: 0 | BN28: -1 | BO28: ФОП, ГАДЕВИЧ НАТАЛІЯ ЗІНОВІЇВНА | BP28: 0.018691589 | BQ28: -1 | BR28: ФОП, ГАДЕВИЧ НАТАЛІЯ ЗІНОВІЇВНА | BS28: 0.0046728972 | BT28: -1 | CA28: ФОП, ЛАЗАРЕВИЧ ПЕТРО ЯРОСЛАВОВИЧ | CB28: 0.007183908 | CC28: -1 | CD28: 43288396 | CE28: 0.8 | CF28: -1 | CG28: 20763160 | CH28: 0.00035868006 | CI28: -1 | CJ28: ФОП, Люта Оксана Павлівна | CK28: 0.0044964029 | CL28: -1 | CM28: 43871190 | CN28: 0.057845514 | CO28: -1
V29: ФОП, ВОЗІВ ХРИСТИНА ІВАНІВНА | W29: 0 | X29: -1 | Y29: 32613493 | Z29: 0.13296296 | AA29: -1 | AB29: ФОП, Карпяк Марта Ігорівна | AC29: 0.38419319 | AD29: -1 | AE29: ФОП, ГОЙ ОЛЬГА ІВАНІВНА | AF29: 0.69230769 | AG29: -1 | AH29: 01997297 | AI29: 2.0588235 | AJ29: -1 | AK29: 37325796 | AL29: 0.026642984 | AM29: -1 | AN29: ФОП, ГОРАЛЬЧУК ОКСАНА МИКОЛАЇВНА | AO29: 0.31666667 | AP29: -1 | AQ29: 20763591 | AR29: 0.14097744 | AS29: -1 | AT29: 20764716 | AU29: 0.0087287377 | AV29: -1 | AW29: 42428764 | AX29: 0.010380623 | AY29: -1 | AZ29: ФОП, МЕЛЬНИК ЗОРЯНА СТЕПАНІВНА | BA29: 0.045454545 | BB29: -1 | BC29: ФОП, САВЕНКО НАТАЛІЯ ЯРОСЛАВІВНА | BD29: 0.0073260073 | BE29: -1 | BF29: ФОП, Данилів Дана Олександрівна | BG29: 0 | BH29: -1 | BI29: 36417058 | BJ29: 0.0019249278 | BK29: -1 | BL29: 40236036 | BM29: 0 | BN29: -1 | BO29: 44397639 | BP29: 0.018813314 | BQ29: -1 | BR29: 44018588 | BS29: 0.0047449585 | BT29: -1 | CA29: 42769586 | CB29: 0.0072859745 | CC29: -1 | CD29: 01997679 | CE29: 0.8 | CF29: -1 | CG29: 41851009 | CH29: 0.00036291054 | CI29: -1 | CJ29: ФОП, ДЕМКО ОКСАНА ДЕМЯНІВНА | CK29: 0.0051020408 | CL29: -1 | CM29: 41839788 | CN29: 0.071713147 | CO29: -1
V30: 38208497 | W30: 0 | X30: -1 | Y30: ФОП, МИСЛОВИЧ ОЛЕГ ЮРІЙОВИЧ | Z30: 0.13688889 | AA30: -1 | AB30: ФОП, ВОРОБЕЦЬ ІРИНА ЙОСИФІВНА | AC30: 0.41042345 | AD30: -1 | AE30: ФОП, Кольченко Леся Михайлівна | AF30: 0.69406393 | AG30: -1 | AH30: 34327104 | AI30: 2.1162791 | AJ30: -1 | AK30: 41902533 | AL30: 0.027027027 | AM30: -1 | AN30: ФОП, КОШЛАТА ЛЕСЯ ВАСИЛІВНА | AO30: 0.33333333 | AP30: -1 | AQ30: ФОП, БАЛЛА РОКСОЛАНА АНДРІЇВНА | AR30: 0.14285714 | AS30: -1 | AT30: 20763272 | AU30: 0.0090516077 | AV30: -1 | AW30: 43923200 | AX30: 0.010869565 | AY30: -1 | AZ30: 20763591 | BA30: 0.045621046 | BB30: -1 | BC30: 20763591 | BD30: 0.0078935498 | BE30: -1 | BF30: 02010793 | BG30: 0 | BH30: -1 | BI30: 20763941 | BJ30: 0.0022918258 | BK30: -1 | BL30: ФОП, ДЕМКО ОКСАНА ДЕМЯНІВНА | BM30: 0 | BN30: -1 | BO30: 41894875 | BP30: 0.018834081 | BQ30: -1 | BR30: 40626575 | BS30: 0.004850651 | BT30: -1 | CA30: ФОП, МЕЛЬНИК ЗОРЯНА СТЕПАНІВНА | CB30: 0.0082508251 | CC30: -1 | CD30: ФОП, СЕРЕДЮК ОЛЬГА ІВАНІВНА | CE30: 0.8045977 | CF30: -1 | CG30: ФОП, КОСТИРКО МИКОЛА МИХАЙЛОВИЧ | CH30: 0.00038505968 | CI30: -1 | CJ30: 20764231 | CK30: 0.0062160062 | CL30: -1 | CM30: 44028360 | CN30: 0.073434125 | CO30: -1
V31: ФОП, МЕЛЬНИК ЗОРЯНА СТЕПАНІВНА | W31: 0 | X31: -1 | Y31: 43938699 | Z31: 0.14537037 | AA31: -1 | AB31: ФОП, КРАВЧУК ГАЛИНА ВАСИЛІВНА | AC31: 0.41891892 | AD31: -1 | AE31: 41851009 | AF31: 0.69634489 | AG31: -1 | AH31: 42138054 | AI31: 2.1428571 | AJ31: -1 | AK31: ФОП, ЛАЗАРЕВИЧ ПЕТРО ЯРОСЛАВОВИЧ | AL31: 0.034482759 | AM31: -1 | AN31: 01996606 | AO31: 0.35714286 | AP31: -1 | AQ31: 22348948 | AR31: 0.14965986 | AS31: -1 | AT31: ФОП, Ладус Галина Іванівна | AU31: 0.0093574548 | AV31: -1 | AW31: 42021164 | AX31: 0.011037528 | AY31: -1 | AZ31: 34327104 | BA31: 0.047619048 | BB31: -1 | BC31: ФОП, РОМАНІВ ЛЕСЯ АНАТОЛІЇВНА | BD31: 0.0082644628 | BE31: -1 | BF31: ФОП, Турянська Ольга Тарасівна | BG31: 0 | BH31: -1 | BI31: 44397639 | BJ31: 0.0023140496 | BK31: -1 | BL31: 32418147 | BM31: 0 | BN31: -1 | BO31: 44093644 | BP31: 0.019205002 | BQ31: -1 | BR31: 42750109 | BS31: 0.0054619936 | BT31: -1 | CA31: 36417058 | CB31: 0.0083351856 | CC31: -1 | CD31: 20763711 | CE31: 0.81102362 | CF31: -1 | CG31: 42448068 | CH31: 0.00041721716 | CI31: -1 | CJ31: 44093644 | CK31: 0.0065876153 | CL31: -1 | CM31: 41833215 | CN31: 0.075471698 | CO31: -1
V32: ФОП, ЛОМАЄВА ОЛЕКСАНДРА ВАЛЕРІЇВНА | W32: 0 | X32: -1 | Y32: 44848931 | Z32: 0.1638806 | AA32: -1 | AB32: ФОП, БЕРЕЗНЮК ТЕТЯНА ПАВЛІВНА | AC32: 0.4197861 | AD32: -1 | AE32: ФОП, АПАРІНА ЛІДІЯ ВОЛОДИМИРІВНА | AF32: 0.69655172 | AG32: -1 | AH32: 44976028 | AI32: 2.2307692 | AJ32: -1 | AK32: 41055077 | AL32: 0.037037037 | AM32: -1 | AN32: ФОП, МИСЛОВИЧ ОЛЕГ ЮРІЙОВИЧ | AO32: 0.36 | AP32: -1 | AQ32: ФОП, МЕЛЬНИК ЗОРЯНА СТЕПАНІВНА | AR32: 0.16504854 | AS32: -1 | AT32: 01996606 | AU32: 0.0099750623 | AV32: -1 | AW32: 37325796 | AX32: 0.011363636 | AY32: -1 | AZ32: 42428764 | BA32: 0.04794826 | BB32: -1 | BC32: ФОП, РИСЕЙ ОЛЬГА ІГОРІВНА | BD32: 0.0085106383 | BE32: -1 | BF32: ФОП, КОТОВИЧ НАТАЛІЯ СТЕПАНІВНА | BG32: 0 | BH32: -1 | BI32: ФОП, Левкович Лідія Олексіївна | BJ32: 0.0024570025 | BK32: -1 | BL32: ФОП, Левкович Лідія Олексіївна | BM32: 0 | BN32: -1 | BO32: ФОП, КОЗИЧ РОКСОЛАНА АНДРІЇВНА | BP32: 0.02 | BQ32: -1 | BR32: 40241161 | BS32: 0.0054644809 | BT32: -1 | CA32: 01996869 | CB32: 0.0092378753 | CC32: -1 | CD32: 02010793 | CE32: 0.81176471 | CF32: -1 | CG32: ФОП, КРАВЧЕНКО РОМАНА БОГДАНІВНА | CH32: 0.00042918455 | CI32: -1 | CJ32: 20764716 | CK32: 0.0066269052 | CL32: -1 | CM32: ФОП, ЗАРЕМБА-ФЕДЧИШИН ОЛЕНА ВІТАЛІЇВНА | CN32: 0.09122807 | CO32: -1
V33: ФОП, ІВАНІЩАК РОМАНІЯ ІВАНІВНА | W33: 0 | X33: -1 | Y33: ФОП, КОШЛАТА ЛЕСЯ ВАСИЛІВНА | Z33: 0.17777778 | AA33: -1 | AB33: ФОП, РОМАНИШИН ІРИНА ВОЛОДИМИРІВНА | AC33: 0.42902711 | AD33: -1 | AE33: 39792683 | AF33: 0.7027027 | AG33: -1 | AH33: ФОП, ПЕТРИК КАТЕРИНА ЮРІЇВНА | AI33: 2.2916667 | AJ33: -1 | AK33: ФОП, ВОЗІВ ХРИСТИНА ІВАНІВНА | AL33: 0.052631579 | AM33: -1 | AN33: 37325796 | AO33: 0.3674476 | AP33: -1 | AQ33: 43288396 | AR33: 0.17241379 | AS33: -1 | AT33: 22348948 | AU33: 0.010357815 | AV33: -1 | AW33: 20764231 | AX33: 0.012631579 | AY33: -1 | AZ33: 01996606 | BA33: 0.049230769 | BB33: -1 | BC33: 20763941 | BD33: 0.0088781275 | BE33: -1 | BF33: 41388815 | BG33: 0 | BH33: -1 | BI33: 01998226 | BJ33: 0.002698897 | BK33: -1 | BL33: 36761597 | BM33: 0 | BN33: -1 | BO33: 43923200 | BP33: 0.020833333 | BQ33: -1 | BR33: 41160010 | BS33: 0.0056458898 | BT33: -1 | CA33: 43260585 | CB33: 0.010718789 | CC33: -1 | CD33: ФОП, ПЕТРИК ЛЮДМИЛА ЯРОСЛАВІВНА | CE33: 0.81818182 | CF33: -1 | CG33: ФОП, КОТОВИЧ НАТАЛІЯ СТЕПАНІВНА | CH33: 0.00046061723 | CI33: -1 | CJ33: ФОП, КАБАН ВОЛОДИМИР БОГДАНОВИЧ | CK33: 0.0070052539 | CL33: -1 | CM33: 44925460 | CN33: 0.096989967 | CO33: -1
V34: ФОП, Турянська Ольга Тарасівна | W34: 0 | X34: -1 | Y34: ФОП, ОЩИПКО ІРИНА ГЕОРГІЇВНА | Z34: 0.18166667 | AA34: -1 | AB34: 42877452 | AC34: 0.42905146 | AD34: -1 | AE34: ФОП, ВОЗІВ ХРИСТИНА ІВАНІВНА | AF34: 0.7037037 | AG34: -1 | AH34: 22348948 | AI34: 2.3684211 | AJ34: -1 | AK34: ФОП, Кольченко Леся Михайлівна | AL34: 0.054054054 | AM34: -1 | AN34: 35472249 | AO34: 0.37735849 | AP34: -1 | AQ34: ФОП, Люта Оксана Павлівна | AR34: 0.1875 | AS34: -1 | AT34: 45065089 | AU34: 0.012455917 | AV34: -1 | AW34: 45065089 | AX34: 0.012770138 | AY34: -1 | AZ34: 01998101 | BA34: 0.05326152 | BB34: -1 | BC34: 41839788 | BD34: 0.0092436975 | BE34: -1 | BF34: ФОП, Столяр Галина Ігорівна | BG34: 0 | BH34: -1 | BI34: ФОП, Шабатюк Леся Володимирівна | BJ34: 0.0027027027 | BK34: -1 | BL34: 42769586 | BM34: 0 | BN34: -1 | BO34: 01998226 | BP34: 0.021047357 | BQ34: -1 | BR34: 45214923 | BS34: 0.0056939502 | BT34: -1 | CA34: 42830922 | CB34: 0.011494253 | CC34: -1 | CD34: 38763426 | CE34: 0.83419689 | CF34: -1 | CG34: 40626575 | CH34: 0.00056799498 | CI34: -1 | CJ34: ФОП, Савчин Соломія Олегівна | CK34: 0.0078125 | CL34: -1 | CM34: 01996674 | CN34: 0.099843994 | CO34: -1
V35: ФОП, КОТОВИЧ НАТАЛІЯ СТЕПАНІВНА | W35: 0 | X35: -1 | Y35: 43998826 | Z35: 0.18428571 | AA35: -1 | AB35: 02010793 | AC35: 0.43922925 | AD35: -1 | AE35: 32613493 | AF35: 0.70769231 | AG35: -1 | AH35: ФОП, БУНЬКО ВАСИЛЬ МИХАЙЛОВИЧ | AI35: 2.4 | AJ35: -1 | AK35: ФОП, БУНЬКО ВАСИЛЬ МИХАЙЛОВИЧ | AL35: 0.058823529 | AM35: -1 | AN35: 41851009 | AO35: 0.41013825 | AP35: -1 | AQ35: 41195567 | AR35: 0.19238477 | AS35: -1 | AT35: 42108962 | AU35: 0.013155556 | AV35: -1 | AW35: ФОП, СИВАК ЛЮДМИЛА ЮРІЇВНА | AX35: 0.013333333 | AY35: -1 | AZ35: 43923200 | BA35: 0.055378062 | BB35: -1 | BC35: 41505308 | BD35: 0.010294118 | BE35: -1 | BF35: 36194399 | BG35: 0 | BH35: -1 | BI35: 02010793 | BJ35: 0.0027624309 | BK35: -1 | BL35: ФОП, ІВАНІЩАК РОМАНІЯ ІВАНІВНА | BM35: 0 | BN35: -1 | BO35: ФОП, ЗАСТАВНИЙ ІГОР ІГОРОВИЧ | BP35: 0.02173913 | BQ35: -1 | BR35: 45065089 | BS35: 0.0057361377 | BT35: -1 | CA35: 43288396 | CB35: 0.011792453 | CC35: -1 | CD35: 41055077 | CE35: 0.8359375 | CF35: -1 | CG35: ФОП, РОНДЯК ОЛЕКСАНДРА ЗІНОВІЇВНА | CH35: 0.00057692308 | CI35: -1 | CJ35: 44028360 | CK35: 0.010651629 | CL35: -1 | CM35: 01984276 | CN35: 0.10364042 | CO35: -1
V36: ФОП, ПЕТРИК КАТЕРИНА ЮРІЇВНА | W36: 0 | X36: -1 | Y36: ФОП, ПОЛУПАНЕЦЬ ВІРА ВОЛОДИМИРІВНА | Z36: 0.18948276 | AA36: -1 | AB36: 01997679 | AC36: 0.44527952 | AD36: -1 | AE36: ФОП, ПОШИВАК ТЕТЯНА ПЕТРІВНА | AF36: 0.71198157 | AG36: -1 | AH36: 43288396 | AI36: 2.5925926 | AJ36: -1 | AK36: ФОП, ГОЙ ОЛЬГА ІВАНІВНА | AL36: 0.060283688 | AM36: -1 | AN36: 40393866 | AO36: 0.42105263 | AP36: -1 | AQ36: ФОП, МИСЛОВИЧ ОЛЕГ ЮРІЙОВИЧ | AR36: 0.20289855 | AS36: -1 | AT36: ФОП, ПІКУЛИЦЬКА ЯРИНА ВАСИЛІВНА | AU36: 0.013621622 | AV36: -1 | AW36: 44070522 | AX36: 0.013916501 | AY36: -1 | AZ36: 41851009 | BA36: 0.056787933 | BB36: -1 | BC36: 44018588 | BD36: 0.011422638 | BE36: -1 | BF36: ФОП, ФЕДЕНКО НАТАЛІЯ РОМАНІВНА | BG36: 0 | BH36: -1 | BI36: 20764478 | BJ36: 0.0031731641 | BK36: -1 | BL36: ФОП, Данилів Дана Олександрівна | BM36: 0 | BN36: -1 | BO36: 40626575 | BP36: 0.021955578 | BQ36: -1 | BR36: ФОП, НІКОНОРОВ ВАЛЕРІЙ МИКОЛАЙОВИЧ | BS36: 0.0057915058 | BT36: -1 | CA36: 44114246 | CB36: 0.01183432 | CC36: -1 | CD36: 43923200 | CE36: 0.83898305 | CF36: -1 | CG36: ФОП, Данилів Дана Олександрівна | CH36: 0.00059136606 | CI36: -1 | CJ36: 40626575 | CK36: 0.011081629 | CL36: -1 | CM36: 41055077 | CN36: 0.11895911 | CO36: -1
V37: ФОП, ПОЛУПАНЕЦЬ ВІРА ВОЛОДИМИРІВНА | W37: 0 | X37: -1 | Y37: ФОП, ІВАНІЩАК РОМАНІЯ ІВАНІВНА | Z37: 0.1895 | AA37: -1 | AB37: ФОП, КАРАКЕВИЧ ЮРІЙ МИХАЙЛОВИЧ | AC37: 0.4525641 | AD37: -1 | AE37: 44114246 | AF37: 0.71428571 | AG37: -1 | AH37: 43998826 | AI37: 2.6444444 | AJ37: -1 | AK37: 44056885 | AL37: 0.069767442 | AM37: -1 | AN37: ФОП, Турянська Ольга Тарасівна | AO37: 0.42857143 | AP37: -1 | AQ37: 37325796 | AR37: 0.20597097 | AS37: -1 | AT37: ФОП, НІКОНОРОВ ВАЛЕРІЙ МИКОЛАЙОВИЧ | AU37: 0.013865779 | AV37: -1 | AW37: 42108962 | AX37: 0.014446228 | AY37: -1 | AZ37: 02010793 | BA37: 0.057007126 | BB37: -1 | BC37: 44246746 | BD37: 0.01156515 | BE37: -1 | BF37: ФОП, БАЛЛА РОКСОЛАНА АНДРІЇВНА | BG37: 0 | BH37: -1 | BI37: 42021164 | BJ37: 0.0032012805 | BK37: -1 | BL37: 02010793 | BM37: 0 | BN37: -1 | BO37: 01984228 | BP37: 0.023328149 | BQ37: -1 | BR37: 02010793 | BS37: 0.006097561 | BT37: -1 | CA37: ФОП, Мазур Руслана Ярославівна | CB37: 0.011953679 | CC37: -1 | CD37: ФОП, ДІДИК ЛЕСЯ ІВАНІВНА | CE37: 0.83950617 | CF37: -1 | CG37: 41180990 | CH37: 0.0006281407 | CI37: -1 | CJ37: ФОП, Столяр Галина Ігорівна | CK37: 0.011363636 | CL37: -1 | CM37: ФОП, Цяпка Лілія Богданівна | CN37: 0.13178295 | CO37: -1
V38: 41388815 | W38: 0 | X38: -1 | Y38: ФОП, ПОКІНСЬКА МАРІЯ МИХАЙЛІВНА | Z38: 0.19074074 | AA38: -1 | AB38: ФОП, Кольченко Леся Михайлівна | AC38: 0.4556962 | AD38: -1 | AE38: ФОП, БАЛЛА РОКСОЛАНА АНДРІЇВНА | AF38: 0.7173913 | AG38: -1 | AH38: ФОП, КОШЛАТА ЛЕСЯ ВАСИЛІВНА | AI38: 2.6666667 | AJ38: -1 | AK38: 45214923 | AL38: 0.071428571 | AM38: -1 | AN38: 44646459 | AO38: 0.43902439 | AP38: -1 | AQ38: ФОП, ГОРАЛЬЧУК ОКСАНА МИКОЛАЇВНА | AR38: 0.2109375 | AS38: -1 | AT38: 35472249 | AU38: 0.014150943 | AV38: -1 | AW38: 40221119 | AX38: 0.01511335 | AY38: -1 | AZ38: 35472249 | BA38: 0.06 | BB38: -1 | BC38: ФОП, Карпяк Марта Ігорівна | BD38: 0.012195122 | BE38: -1 | BF38: 40238410 | BG38: 0 | BH38: -1 | BI38: 36194399 | BJ38: 0.0035906643 | BK38: -1 | BL38: ФОП, НІКОНОРОВ ВАЛЕРІЙ МИКОЛАЙОВИЧ | BM38: 0 | BN38: -1 | BO38: 41505308 | BP38: 0.024804178 | BQ38: -1 | BR38: 01996606 | BS38: 0.0062111801 | BT38: -1 | CA38: 37639909 | CB38: 0.012929849 | CC38: -1 | CD38: 41902533 | CE38: 0.84146341 | CF38: -1 | CG38: 32418147 | CH38: 0.00066838537 | CI38: -1 | CJ38: 40236036 | CK38: 0.011827321 | CL38: -1 | CM38: 32613493 | CN38: 0.13461538 | CO38: -1
V39: ФОП, Столяр Маряна Миколаївна | W39: 0 | X39: -1 | Y39: 35621067 | Z39: 0.19333333 | AA39: -1 | AB39: ФОП, ГРИЦАК РУСЛАН ГЕННАДІЙОВИЧ | AC39: 0.46413043 | AD39: -1 | AE39: 44466230 | AF39: 0.7192053 | AG39: -1 | AH39: ФОП, БЕРЕЗНЮК ТЕТЯНА ПАВЛІВНА | AI39: 2.7 | AJ39: -1 | AK39: 35472249 | AL39: 0.083333333 | AM39: -1 | AN39: ФОП, КМІТЬ ОКСАНА ЗЕНОНІВНА | AO39: 0.43949045 | AP39: -1 | AQ39: 44646459 | AR39: 0.2393736 | AS39: -1 | AT39: 44119976 | AU39: 0.015533981 | AV39: -1 | AW39: ФОП, Левкович Лідія Олексіївна | AX39: 0.015503876 | AY39: -1 | AZ39: 44466230 | BA39: 0.064903846 | BB39: -1 | BC39: 41209595 | BD39: 0.012288786 | BE39: -1 | BF39: 42108962 | BG39: 0 | BH39: -1 | BI39: 01997248 | BJ39: 0.0038876547 | BK39: -1 | BL39: ФОП, КОТОВИЧ НАТАЛІЯ СТЕПАНІВНА | BM39: 0 | BN39: -1 | BO39: 01996606 | BP39: 0.02484472 | BQ39: -1 | BR39: 20763160 | BS39: 0.0066666667 | BT39: -1 | CA39: 01996606 | CB39: 0.013495277 | CC39: -1 | CD39: ФОП, ШКУЛЬСЬКИЙ ВОЛОДИМИР ВОЛОДИМИРОВИЧ | CE39: 0.84615385 | CF39: -1 | CG39: 01997248 | CH39: 0.00069296067 | CI39: -1 | CJ39: ФОП, Симулик Марія Сергіївна | CK39: 0.012121212 | CL39: -1 | CM39: 19163609 | CN39: 0.13829787 | CO39: -1
... V54: ФОП, СЕРЕДИЧ ЛІЛІЯ ПЕТРІВНА | W54: 0.125 | X54: -1 | Y54: ФОП, ГОЙ ОЛЬГА ІВАНІВНА | Z54: 0.30486111 | AA54: -1 | AB54: 36761597 | AC54: 0.55546905 | AD54: -1 | AE54: ФОП, ПОКІНСЬКА МАРІЯ МИХАЙЛІВНА | AF54: 0.75418994 | AG54: -1 | AH54: ФОП, ПОКІНСЬКА МАРІЯ МИХАЙЛІВНА | AI54: 3.4909091 | AJ54: -1 | AK54: 40238410 | AL54: 0.14285714 | AM54: -1 | AN54: 44625774 | AO54: 0.51269531 | AP54: -1 | AQ54: 41064034 | AR54: 0.29508197 | AS54: -1 | AT54: ФОП, АПАРІНА ЛІДІЯ ВОЛОДИМИРІВНА | AU54: 0.028947368 | AV54: -1 | AW54: 44216151 | AX54: 0.025575448 | AY54: -1 | AZ54: 41902533 | BA54: 0.092866756 | BB54: -1 | BC54: 42448068 | BD54: 0.025984463 | BE54: -1 | BF54: 20764314 | BG54: 0.00073764446 | BH54: -1 | BI54: 01997633 | BJ54: 0.014269881 | BK54: -1 | BL54: 45395213 | BM54: 0.00030721966 | BN54: -1 | BO54: ФОП, Ладус Галина Іванівна | BP54: 0.031746032 | BQ54: -1 | BR54: ФОП, ШКУЛЬСЬКИЙ ВОЛОДИМИР ВОЛОДИМИРОВИЧ | BS54: 0.011320755 | BT54: -1 | CA54: ФОП, ПЕТРИК КАТЕРИНА ЮРІЇВНА | CB54: 0.020454545 | CC54: -1 | CD54: 01997297 | CE54: 0.86956522 | CF54: -1 | CG54: 42310851 | CH54: 0.001136083 | CI54: -1 | CJ54: 20763941 | CK54: 0.028819068 | CL54: -1 | CM54: ФОП, КОТОВИЧ НАТАЛІЯ СТЕПАНІВНА | CN54: 0.325 | CO54: -1
V55: 35472249 | W55: 0.14285714 | X55: -1 | Y55: ФОП, ВОРОБЕЦЬ ІРИНА ЙОСИФІВНА | Z55: 0.307 | AA55: -1 | AB55: ФОП, ЗАСТАВНИЙ ІГОР ІГОРОВИЧ | AC55: 0.56451613 | AD55: -1 | AE55: 40626575 | AF55: 0.75455746 | AG55: -1 | AH55: ФОП, ЯЩИШИН ОКСАНА МИХАЙЛІВНА | AI55: 3.5238095 | AJ55: -1 | AK55: ФОП, ЗАРЕМБА-ФЕДЧИШИН ОЛЕНА ВІТАЛІЇВНА | AL55: 0.14473684 | AM55: -1 | AN55: 41160010 | AO55: 0.5157385 | AP55: -1 | AQ55: 44408760 | AR55: 0.29945554 | AS55: -1 | AT55: 41833215 | AU55: 0.03022508 | AV55: -1 | AW55: ФОП, РОНДЯК ОЛЕКСАНДРА ЗІНОВІЇВНА | AX55: 0.025641026 | AY55: -1 | AZ55: 36417058 | BA55: 0.093800979 | BB55: -1 | BC55: 41850775 | BD55: 0.026041667 | BE55: -1 | BF55: 41136480 | BG55: 0.00076452599 | BH55: -1 | BI55: 37639909 | BJ55: 0.017482517 | BK55: -1 | BL55: 45094345 | BM55: 0.0004014452 | BN55: -1 | BO55: 44925460 | BP55: 0.032075472 | BQ55: -1 | BR55: 42140021 | BS55: 0.011347518 | BT55: -1 | CA55: 41064034 | CB55: 0.02068323 | CC55: -1 | CD55: 42108962 | CE55: 0.8697318 | CF55: -1 | CG55: 41505308 | CH55: 0.0011526639 | CI55: -1 | CJ55: 42274953 | CK55: 0.02972561 | CL55: -1
V56: ФОП, КАБАН ВОЛОДИМИР БОГДАНОВИЧ | W56: 0.14285714 | X56: -1 | Y56: 37639909 | Z56: 0.30845815 | AA56: -1 | AB56: 41055077 | AC56: 0.5650954 | AD56: -1 | AE56: 41902533 | AF56: 0.7596302 | AG56: -1 | AH56: ФОП, МАХНО ГАЛИНА ВОЛОДИМИРІВНА | AI56: 3.6086957 | AJ56: -1 | AK56: 38763426 | AL56: 0.15384615 | AM56: -1 | AN56: 41064034 | AO56: 0.52161383 | AP56: -1 | AQ56: ФОП, РИСЕЙ ОЛЬГА ІГОРІВНА | AR56: 0.30357143 | AS56: -1 | AT56: 40221119 | AU56: 0.03198032 | AV56: -1 | AW56: 40241161 | AX56: 0.026548673 | AY56: -1 | AZ56: 44397639 | BA56: 0.094276094 | BB56: -1 | BC56: ФОП, КОСТИРКО МИКОЛА МИХАЙЛОВИЧ | BD56: 0.027160494 | BE56: -1 | BF56: 45065089 | BG56: 0.00083682008 | BH56: -1 | BI56: ФОП, ФЕДЕНКО НАТАЛІЯ РОМАНІВНА | BJ56: 0.017897092 | BK56: -1 | BL56: ФОП, РОНДЯК ОЛЕКСАНДРА ЗІНОВІЇВНА | BM56: 0.00052273915 | BN56: -1 | BO56: 44408760 | BP56: 0.034782609 | BQ56: -1 | BR56: 43923200 | BS56: 0.011363636 | BT56: -1 | CA56: 02010793 | CB56: 0.020920502 | CC56: -1 | CD56: 42140021 | CE56: 0.87020649 | CF56: -1 | CG56: 20851349 | CH56: 0.0012679628 | CI56: -1 | CJ56: 43871190 | CK56: 0.030272452 | CL56: -1
V57: 44635101 | W57: 0.15384615 | X57: -1 | Y57: 37325796 | Z57: 0.32402778 | AA57: -1 | AB57: ФОП, СКОБИЛКО ІРИНА ВОЛОДИМИРІВНА | AC57: 0.56748466 | AD57: -1 | AE57: ФОП, РОНДЯК ОЛЕКСАНДРА ЗІНОВІЇВНА | AF57: 0.76175549 | AG57: -1 | AH57: 32613493 | AI57: 3.6388889 | AJ57: -1 | AK57: 40393866 | AL57: 0.15384615 | AM57: -1 | AN57: 41066560 | AO57: 0.52941176 | AP57: -1 | AQ57: 42448068 | AR57: 0.30646516 | AS57: -1 | AT57: ФОП, ПЕТРИК КАТЕРИНА ЮРІЇВНА | AU57: 0.032019704 | AV57: -1 | AW57: 01996409 | AX57: 0.033013436 | AY57: -1 | AZ57: 42021164 | BA57: 0.097275436 | BB57: -1 | BC57: 01996409 | BD57: 0.028372591 | BE57: -1 | BF57: 41839788 | BG57: 0.00084033613 | BH57: -1 | BI57: 43871190 | BJ57: 0.020485494 | BK57: -1 | BL57: 42448068 | BM57: 0.00055648303 | BN57: -1 | BO57: 22398210 | BP57: 0.036053131 | BQ57: -1 | BR57: 44028360 | BS57: 0.011520737 | BT57: -1 | CA57: ФОП, ЗУБРИЦЬКА НАДІЯ СТЕПАНІВНА | CB57: 0.021311475 | CC57: -1 | CD57: 20764478 | CE57: 0.87037037 | CF57: -1 | CG57: 20763852 | CH57: 0.0014402304 | CI57: -1 | CJ57: 44646459 | CK57: 0.032096707 | CL57: -1
V58: 41505308 | W58: 0.23076923 | X58: -1 | Y58: ФОП, ВОЗІВ ХРИСТИНА ІВАНІВНА | Z58: 0.32444444 | AA58: -1 | AB58: ФОП, ПЕТРИК КАТЕРИНА ЮРІЇВНА | AC58: 0.56849315 | AD58: -1 | AE58: ФОП, Рудько Ольга Олександрівна | AF58: 0.76190476 | AG58: -1 | AH58: 44635101 | AI58: 3.7016575 | AJ58: -1 | AK58: 41136480 | AL58: 0.15841584 | AM58: -1 | AN58: 42138054 | AO58: 0.53012048 | AP58: -1 | AQ58: 41160010 | AR58: 0.30943396 | AS58: -1 | AT58: 41160010 | AU58: 0.033395176 | AV58: -1 | AW58: 01997679 | AX58: 0.033333333 | AY58: -1 | AZ58: ФОП, ГОРОДИСЬКА СТЕФАНІЯ-ОКСАНА МИХАЙЛІВНА | BA58: 0.098445596 | BB58: -1 | BC58: 39792683 | BD58: 0.029126214 | BE58: -1 | BF58: 42428764 | BG58: 0.00084889643 | BH58: -1 | BI58: 45065089 | BJ58: 0.021249028 | BK58: -1 | BL58: 01998101 | BM58: 0.00061942517 | BN58: -1 | BO58: 36761597 | BP58: 0.036312849 | BQ58: -1 | BR58: 44646459 | BS58: 0.011843079 | BT58: -1 | CA58: 22398210 | CB58: 0.021376137 | CC58: -1 | CD58: 44119976 | CE58: 0.87044534 | CF58: -1 | CG58: 44625774 | CH58: 0.0014940889 | CI58: -1 | CJ58: ФОП, Жданова Оксана Степанівна | CK58: 0.034090909 | CL58: -1
V59: 43938699 | W59: 0.25 | X59: -1 | Y59: ФОП, САЛДАН ІВАН АНТОНОВИЧ | Z59: 0.32787234 | AA59: -1 | AB59: ФОП, ГОРАЛЬЧУК ОКСАНА МИКОЛАЇВНА | AC59: 0.57142857 | AD59: -1 | AE59: 44056885 | AF59: 0.76342857 | AG59: -1 | AH59: ФОП, САЛДАН ІВАН АНТОНОВИЧ | AI59: 3.7446809 | AJ59: -1 | AK59: 20764716 | AL59: 0.16666667 | AM59: -1 | AN59: 41902533 | AO59: 0.53982301 | AP59: -1 | AQ59: 41851009 | AR59: 0.31170336 | AS59: -1 | AT59: 01997679 | AU59: 0.03663423 | AV59: -1 | AW59: 44712882 | AX59: 0.033483922 | AY59: -1 | AZ59: ФОП, ГРИЦАК РУСЛАН ГЕННАДІЙОВИЧ | BA59: 0.10818713 | BB59: -1 | BC59: 36417058 | BD59: 0.03125 | BE59: -1 | BF59: 41833215 | BG59: 0.0008605852 | BH59: -1 | BI59: ФОП, Мазур Руслана Ярославівна | BJ59: 0.02425876 | BK59: -1 | BL59: 01984228 | BM59: 0.00083883821 | BN59: -1 | BO59: ФОП, САЛДАН ІВАН АНТОНОВИЧ | BP59: 0.037037037 | BQ59: -1 | BR59: 41850775 | BS59: 0.011933174 | BT59: -1 | CA59: 44925460 | CB59: 0.021455224 | CC59: -1 | CD59: 40238410 | CE59: 0.87096774 | CF59: -1 | CG59: 41900490 | CH59: 0.0015123746 | CI59: -1 | CJ59: 20763929 | CK59: 0.040669856 | CL59: -1
V60: 44848931 | W60: 0.25 | X60: -1 | Y60: 41388815 | Z60: 0.33333333 | AA60: -1 | AB60: 42428764 | AC60: 0.57261454 | AD60: -1 | AE60: 43923200 | AF60: 0.76409186 | AG60: -1 | AH60: ФОП, ДУДА НАДІЯ БОГДАНІВНА | AI60: 3.8333333 | AJ60: -1 | AK60: 42274953 | AL60: 0.16666667 | AM60: -1 | AN60: 43998826 | AO60: 0.54166667 | AP60: -1 | AQ60: 45395213 | AR60: 0.31278539 | AS60: -1 | AT60: 43526560 | AU60: 0.04069031 | AV60: -1 | AW60: ФОП, МИСНИК ЛЮДМИЛА ІЛЛІВНА | AX60: 0.035714286 | AY60: -1 | AZ60: 44408760 | BA60: 0.10877193 | BB60: -1 | BC60: 43998826 | BD60: 0.031578947 | BE60: -1 | BF60: 41894875 | BG60: 0.00092421442 | BH60: -1 | BI60: 44848931 | BJ60: 0.032258065 | BK60: -1 | BL60: 45214923 | BM60: 0.001003009 | BN60: -1 | BO60: 43526560 | BP60: 0.037735849 | BQ60: -1 | BR60: 41136480 | BS60: 0.012048193 | BT60: -1 | CA60: ФОП, ЗАСТАВНИЙ ІГОР ІГОРОВИЧ | CB60: 0.021818182 | CC60: -1 | CD60: 01984276 | CE60: 0.87230047 | CF60: -1 | CG60: 01998226 | CH60: 0.0015212827 | CI60: -1 | CJ60: 41388815 | CK60: 0.040740741 | CL60: -1
V61: 22348948 | W61: 0.25 | X61: -1 | Y61: 01996869 | Z61: 0.33394737 | AA61: -1 | AB61: ФОП, ЛАЗАРЕВИЧ ПЕТРО ЯРОСЛАВОВИЧ | AC61: 0.57309942 | AD61: -1 | AE61: 41833215 | AF61: 0.76435304 | AG61: -1 | AH61: 20850964 | AI61: 4.0625 | AJ61: -1 | AK61: ФОП, Жук Олег Євгенович | AL61: 0.16981132 | AM61: -1 | AN61: 20765006 | AO61: 0.54545455 | AP61: -1 | AQ61: 44635101 | AR61: 0.31617647 | AS61: -1 | AT61: 02010793 | AU61: 0.040892193 | AV61: -1 | AW61: 42140021 | AX61: 0.036383682 | AY61: -1 | AZ61: 36194399 | BA61: 0.1107078 | BB61: -1 | BC61: 32418147 | BD61: 0.033093525 | BE61: -1 | BF61: 20764716 | BG61: 0.00098619329 | BH61: -1 | BI61: ФОП, РОМАНІВ ЛЕСЯ АНАТОЛІЇВНА | BJ61: 0.034883721 | BK61: -1 | BL61: 44093644 | BM61: 0.0010273269 | BN61: -1 | BO61: 44635101 | BP61: 0.037974684 | BQ61: -1 | BR61: 01984228 | BS61: 0.012219507 | BT61: -1 | CA61: ФОП, КАБАН ВОЛОДИМИР БОГДАНОВИЧ | CB61: 0.021873247 | CC61: -1 | CD61: 44216151 | CE61: 0.87331536 | CF61: -1 | CG61: 44246746 | CH61: 0.0015225666 | CI61: -1 | CJ61: 32613493 | CK61: 0.043478261 | CL61: -1
V62: 44408760 | W62: 0.25 | X62: -1 | Y62: ФОП, ПОЛЯНСЬКА ТЕТЯНА АНАТОЛІЇВНА | Z62: 0.34555556 | AA62: -1 | AB62: 43998826 | AC62: 0.5746124 | AD62: -1 | AE62: ФОП, Ладус Галина Іванівна | AF62: 0.76738609 | AG62: -1 | AH62: ФОП, СЕРЕДИЧ ЛІЛІЯ ПЕТРІВНА | AI62: 4.0869565 | AJ62: -1 | AK62: 44119976 | AL62: 0.17647059 | AM62: -1 | AN62: 45395213 | AO62: 0.54767726 | AP62: -1 | AQ62: 42428764 | AR62: 0.32 | AS62: -1 | AT62: ФОП, САЛДАН ІВАН АНТОНОВИЧ | AU62: 0.042461005 | AV62: -1 | AW62: 44466230 | AX62: 0.038306452 | AY62: -1 | AZ62: 36761597 | BA62: 0.11646399 | BB62: -1 | BC62: 01997633 | BD62: 0.033635566 | BE62: -1 | BF62: 20763929 | BG62: 0.0011123471 | BH62: -1 | BI62: ФОП, Столяр Галина Ігорівна | BJ62: 0.035087719 | BK62: -1 | BL62: 41055077 | BM62: 0.0010683761 | BN62: -1 | BO62: 41209595 | BP62: 0.038189533 | BQ62: -1 | BR62: 44070522 | BS62: 0.012239902 | BT62: -1 | CA62: ФОП, Данилів Дана Олександрівна | CB62: 0.021880544 | CC62: -1 | CD62: 32613493 | CE62: 0.875 | CF62: -1 | CG62: 41833215 | CH62: 0.0016069572 | CI62: -1 | CJ62: 41845440 | CK62: 0.047097481 | CL62: -1
V63: 37639909 | W63: 0.25 | X63: -1 | Y63: ФОП, Симулик Марія Сергіївна | Z63: 0.34777778 | AA63: -1 | AB63: 41851009 | AC63: 0.57880636 | AD63: -1 | AE63: ФОП, КОСТИРКО МИКОЛА МИХАЙЛОВИЧ | AF63: 0.76772616 | AG63: -1 | AH63: 37639909 | AI63: 4.15311 | AJ63: -1 | AK63: 20763295 | AL63: 0.17647059 | AM63: -1 | AN63: ФОП, ЛАЗАРЕВИЧ ПЕТРО ЯРОСЛАВОВИЧ | AO63: 0.54807692 | AP63: -1 | AQ63: ФОП, Турянська Ольга Тарасівна | AR63: 0.32608696 | AS63: -1 | AT63: 42021164 | AU63: 0.04294886 | AV63: -1 | AW63: 43919770 | AX63: 0.038994801 | AY63: -1 | AZ63: 20764231 | BA63: 0.12095808 | BB63: -1 | BC63: 37325796 | BD63: 0.034482759 | BE63: -1 | BF63: ФОП, РОНДЯК ОЛЕКСАНДРА ЗІНОВІЇВНА | BG63: 0.0012048193 | BH63: -1 | BI63: 39792683 | BJ63: 0.03652968 | BK63: -1 | BL63: 20764478 | BM63: 0.0013599275 | BN63: -1 | BO63: 43288396 | BP63: 0.038461538 | BQ63: -1 | BR63: ФОП, САЛДАН ІВАН АНТОНОВИЧ | BS63: 0.012345679 | BT63: -1 | CA63: ФОП, МИСЛОВИЧ ОЛЕГ ЮРІЙОВИЧ | CB63: 0.022292994 | CC63: -1 | CD63: 44056885 | CE63: 0.875 | CF63: -1 | CG63: 20763941 | CH63: 0.0016703786 | CI63: -1 | CJ63: ФОП, ЗАРЕМБА-ФЕДЧИШИН ОЛЕНА ВІТАЛІЇВНА | CK63: 0.049433574 | CL63: -1
V64: ФОП, Мазур Руслана Ярославівна | W64: 0.33333333 | X64: -1 | Y64: ФОП, Лялька Наталія Петрівна | Z64: 0.35794872 | AA64: -1 | AB64: 20763295 | AC64: 0.57932961 | AD64: -1 | AE64: ФОП, ГАДЕВИЧ НАТАЛІЯ ЗІНОВІЇВНА | AF64: 0.76785714 | AG64: -1 | AH64: ФОП, ПІКУЛИЦЬКА ЯРИНА ВАСИЛІВНА | AI64: 4.1764706 | AJ64: -1 | AK64: ФОП, Савчин Соломія Олегівна | AL64: 0.17857143 | AM64: -1 | AN64: 44848931 | AO64: 0.54929577 | AP64: -1 | AQ64: 44496574 | AR64: 0.32630736 | AS64: -1 | AT64: ФОП, Данилів Дана Олександрівна | AU64: 0.04379562 | AV64: -1 | AW64: 40236036 | AX64: 0.039506173 | AY64: -1 | AZ64: 41833215 | BA64: 0.12190813 | BB64: -1 | BC64: 20763272 | BD64: 0.034532374 | BE64: -1 | BF64: 40221119 | BG64: 0.0013333333 | BH64: -1 | BI64: 40236036 | BJ64: 0.03991684 | BK64: -1 | BL64: 42021164 | BM64: 0.0016006403 | BN64: -1 | BO64: 44056885 | BP64: 0.039827772 | BQ64: -1 | BR64: ФОП, ПЕТРИК КАТЕРИНА ЮРІЇВНА | BS64: 0.012345679 | BT64: -1 | CA64: ФОП, ДУДА НАДІЯ БОГДАНІВНА | CB64: 0.022885572 | CC64: -1 | CD64: ФОП, ІВЧЕНКО АНДРІЙ АНАТОЛІЙОВИЧ | CE64: 0.87692308 | CF64: -1 | CG64: 01996674 | CH64: 0.0016742795 | CI64: -1 | CJ64: 42224043 | CK64: 0.051847766 | CL64: -1
V65: ФОП, КМІТЬ ОКСАНА ЗЕНОНІВНА | W65: 0.33333333 | X65: -1 | Y65: ФОП, СЕРЕДИЧ ЛІЛІЯ ПЕТРІВНА | Z65: 0.37349206 | AA65: -1 | AB65: 41505308 | AC65: 0.5805356 | AD65: -1 | AE65: ФОП, РИСЕЙ ОЛЬГА ІГОРІВНА | AF65: 0.76845638 | AG65: -1 | AH65: 40238410 | AI65: 4.2068966 | AJ65: -1 | AK65: 44070522 | AL65: 0.18181818 | AM65: -1 | AN65: 42310851 | AO65: 0.55029586 | AP65: -1 | AQ65: 44625774 | AR65: 0.33128119 | AS65: -1 | AT65: 32418147 | AU65: 0.044059623 | AV65: -1 | AW65: ФОП, ПОКІНСЬКА МАРІЯ МИХАЙЛІВНА | AX65: 0.04 | AY65: -1 | AZ65: ФОП, СИВАК ЛЮДМИЛА ЮРІЇВНА | BA65: 0.13036566 | BB65: -1 | BC65: 02010793 | BD65: 0.034682081 | BE65: -1 | BF65: 32418147 | BG65: 0.0014388489 | BH65: -1 | BI65: ФОП, КОЗЕНКО ПАВЛО ВОЛОДИМИРОВИЧ | BJ65: 0.04109589 | BK65: -1 | BL65: 01996272 | BM65: 0.0017076768 | BN65: 0.0017076768 | BO65: 37325796 | BP65: 0.040816327 | BQ65: -1 | BR65: 40236036 | BS65: 0.012378426 | BT65: -1 | CA65: ФОП, КОТОВИЧ НАТАЛІЯ СТЕПАНІВНА | CB65: 0.023030861 | CC65: -1 | CD65: ФОП, ЗАРЕМБА-ФЕДЧИШИН ОЛЕНА ВІТАЛІЇВНА | CE65: 0.8778626 | CF65: -1 | CG65: 44093644 | CH65: 0.0018311665 | CI65: -1 | CJ65: 44056885 | CK65: 0.054703135 | CL65: -1
V66: ФОП, ШКУЛЬСЬКИЙ ВОЛОДИМИР ВОЛОДИМИРОВИЧ | W66: 0.33333333 | X66: -1 | Y66: 43923200 | Z66: 0.37385542 | AA66: -1 | AB66: 01997248 | AC66: 0.58705432 | AD66: -1 | AE66: 42108962 | AF66: 0.77094318 | AG66: -1 | AH66: ФОП, МАРУНКЕВИЧ МАРІЯ ВОЛОДИМИРІВНА | AI66: 4.2696629 | AJ66: -1 | AK66: 41209595 | AL66: 0.18518519 | AM66: -1 | AN66: 42140021 | AO66: 0.55043228 | AP66: -1 | AQ66: ФОП, МАРУНКЕВИЧ МАРІЯ ВОЛОДИМИРІВНА | AR66: 0.33219471 | AS66: -1 | AT66: 43871190 | AU66: 0.046093251 | AV66: -1 | AW66: 41894875 | AX66: 0.042723632 | AY66: -1 | AZ66: 42140021 | BA66: 0.13872523 | BB66: -1 | BC66: 45094345 | BD66: 0.035389766 | BE66: -1 | BF66: 41900490 | BG66: 0.0014733327 | BH66: -1 | BI66: 32613493 | BJ66: 0.041666667 | BK66: -1 | BL66: 41066560 | BM66: 0.0017182131 | BN66: -1 | BO66: ФОП, Лялька Наталія Петрівна | BP66: 0.042979943 | BQ66: -1 | BR66: 01998101 | BS66: 0.012396694 | BT66: -1 | CA66: 35621067 | CB66: 0.02393617 | CC66: -1 | CD66: 01997248 | CE66: 0.87817259 | CF66: -1 | CG66: 45214923 | CH66: 0.0019640273 | CI66: -1 | CJ66: 01996674 | CK66: 0.05741135 | CL66: -1
... V90: 01996606 | W90: 0.5 | X90: -1 | Y90: ФОП, ДЮК ОКСАНА ЯРОСЛАВІВНА | Z90: 0.49607143 | AA90: -1 | AB90: ФОП, ФЕДЕНКО НАТАЛІЯ РОМАНІВНА | AC90: 0.6343134 | AD90: -1 | AE90: ФОП, КОТОВИЧ НАТАЛІЯ СТЕПАНІВНА | AF90: 0.79624665 | AG90: -1 | AH90: ФОП, ДІДИК ЛЕСЯ ІВАНІВНА | AI90: 6.2363636 | AJ90: -1 | AK90: 43914746 | AL90: 0.2992126 | AM90: -1 | AN90: 41894875 | AO90: 0.60087719 | AP90: -1 | AQ90: 01996674 | AR90: 0.37809917 | AS90: -1 | AT90: 41902533 | AU90: 0.10204871 | AV90: -1 | AW90: ФОП, КОТОВИЧ НАТАЛІЯ СТЕПАНІВНА | AX90: 0.086206897 | AY90: -1 | AZ90: 44976028 | BA90: 0.23076923 | BB90: -1 | BC90: ФОП, ПОКІНСЬКА МАРІЯ МИХАЙЛІВНА | BD90: 0.073529412 | BE90: -1 | BF90: 40241161 | BG90: 0.0065359477 | BH90: -1 | BI90: 44028360 | BJ90: 0.21352313 | BK90: -1 | BL90: 44496574 | BM90: 0.0081681551 | BN90: -1 | BO90: 20763591 | BP90: 0.060626549 | BQ90: -1 | BR90: 20764716 | BS90: 0.018722467 | BT90: -1 | CA90: ФОП, МАХНО ГАЛИНА ВОЛОДИМИРІВНА | CB90: 0.029527559 | CC90: -1 | CD90: 36761597 | CE90: 0.89095745 | CF90: -1 | CG90: ФОП, Симулик Марія Сергіївна | CH90: 0.0047543582 | CI90: -1 | CJ90: ФОП, ЯКИМІВ СВІТЛАНА ЯРОСЛАВІВНА | CK90: 0.36980306 | CL90: -1
V91: ФОП, Кащук Марія Анатоліївна | W91: 0.5 | X91: -1 | Y91: ФОП, Савчин Соломія Олегівна | Z91: 0.49611111 | AA91: -1 | AB91: 01996606 | AC91: 0.63515982 | AD91: -1 | AE91: 45094345 | AF91: 0.79649787 | AG91: -1 | AH91: 40393866 | AI91: 6.4230769 | AJ91: -1 | AK91: ФОП, Левкович Лідія Олексіївна | AL91: 0.30434783 | AM91: -1 | AN91: 44119976 | AO91: 0.60169492 | AP91: -1 | AQ91: 41845440 | AR91: 0.37827715 | AS91: -1 | AT91: ФОП, РОНДЯК ОЛЕКСАНДРА ЗІНОВІЇВНА | AU91: 0.1028396 | AV91: -1 | AW91: ФОП, ПОШИВАК ТЕТЯНА ПЕТРІВНА | AX91: 0.095607235 | AY91: -1 | AZ91: 20763941 | BA91: 0.2358136 | BB91: -1 | BC91: 42769586 | BD91: 0.074626866 | BE91: -1 | BF91: ФОП, ІВЧЕНКО АНДРІЙ АНАТОЛІЙОВИЧ | BG91: 0.0067114094 | BH91: -1 | BI91: ФОП, ГРИЦАК РУСЛАН ГЕННАДІЙОВИЧ | BJ91: 0.21714286 | BK91: -1 | BL91: ФОП, Столяр Маряна Миколаївна | BM91: 0.0083333333 | BN91: -1 | BO91: ФОП, ВОРОБЕЦЬ ІРИНА ЙОСИФІВНА | BP91: 0.061946903 | BQ91: -1 | BR91: 45094345 | BS91: 0.0196 | BT91: -1 | CA91: 41839788 | CB91: 0.029539952 | CC91: -1 | CD91: 42310851 | CE91: 0.89119804 | CF91: -1 | CG91: 43260585 | CH91: 0.0056746532 | CI91: -1
V92: ФОП, РОНДЯК БОГДАН ЯРОСЛАВОВИЧ | W92: 0.5 | X92: -1 | Y92: ФОП, БУНЬКО ВАСИЛЬ МИХАЙЛОВИЧ | Z92: 0.5 | AA92: -1 | AB92: 42021164 | AC92: 0.6352588 | AD92: -1 | AE92: ФОП, ГОРОДИСЬКА СТЕФАНІЯ-ОКСАНА МИХАЙЛІВНА | AF92: 0.79716981 | AG92: -1 | AH92: 01996606 | AI92: 6.45 | AJ92: -1 | AK92: 40241161 | AL92: 0.30769231 | AM92: -1 | AN92: 01997248 | AO92: 0.60397196 | AP92: -1 | AQ92: 44119976 | AR92: 0.38064516 | AS92: -1 | AT92: 44056885 | AU92: 0.10324289 | AV92: -1 | AW92: ФОП, Шабатюк Леся Володимирівна | AX92: 0.10240964 | AY92: -1 | AZ92: 44056885 | BA92: 0.2415622 | BB92: -1 | BC92: ФОП, МЕЛЬНИК ЗОРЯНА СТЕПАНІВНА | BD92: 0.076923077 | BE92: -1 | BF92: 01998035 | BG92: 0.0081300813 | BH92: -1 | BI92: ФОП, Савчин Соломія Олегівна | BJ92: 0.23469388 | BK92: -1 | BL92: 40241161 | BM92: 0.0084134615 | BN92: -1 | BO92: 36417058 | BP92: 0.062157221 | BQ92: -1 | BR92: 42877452 | BS92: 0.019744961 | BT92: -1 | CA92: 41833215 | CB92: 0.029775971 | CC92: -1 | CD92: 01996272 | CE92: 0.89149713 | CF92: 0.89149713 | CG92: 41195567 | CH92: 0.0057651992 | CI92: -1
V93: 45094345 | W93: 0.54054054 | X93: -1 | Y93: 38763426 | Z93: 0.51607143 | AA93: -1 | AB93: ФОП, ДУДА НАДІЯ БОГДАНІВНА | AC93: 0.63727455 | AD93: -1 | AE93: 20850964 | AF93: 0.79831933 | AG93: -1 | AH93: ФОП, КОЗИЧ РОКСОЛАНА АНДРІЇВНА | AI93: 6.4680851 | AJ93: -1 | AK93: 20761149 | AL93: 0.30780142 | AM93: -1 | AN93: ФОП, Мазур Руслана Ярославівна | AO93: 0.60689655 | AP93: -1 | AQ93: 43919770 | AR93: 0.38099467 | AS93: -1 | AT93: 43919770 | AU93: 0.10336283 | AV93: -1 | AW93: ФОП, Жданова Оксана Степанівна | AX93: 0.10526316 | AY93: -1 | AZ93: ФОП, ДУДА НАДІЯ БОГДАНІВНА | BA93: 0.24291498 | BB93: -1 | BC93: 43526560 | BD93: 0.078403078 | BE93: -1 | BF93: 44028360 | BG93: 0.0098814229 | BH93: -1 | BI93: 41066560 | BJ93: 0.23883162 | BK93: -1 | BL93: ФОП, КАБАН ВОЛОДИМИР БОГДАНОВИЧ | BM93: 0.0088028169 | BN93: -1 | BO93: 42769586 | BP93: 0.0625 | BQ93: -1 | BR93: 45395213 | BS93: 0.020560748 | BT93: -1 | CA93: 41180990 | CB93: 0.030025126 | CC93: -1 | CD93: 20763852 | CE93: 0.89159292 | CF93: -1 | CG93: 44070522 | CH93: 0.0061498323 | CI93: -1
V94: ФОП, МАРУНКЕВИЧ МАРІЯ ВОЛОДИМИРІВНА | W94: 0.6 | X94: -1 | Y94: 20763160 | Z94: 0.51747573 | AA94: -1 | AB94: 01996272 | AC94: 0.63949411 | AD94: 0.63949411 | AE94: 41900490 | AF94: 0.79902412 | AG94: -1 | AH94: ФОП, ОПОКА ІННА ГРИГОРІВНА | AI94: 6.5217391 | AJ94: -1 | AK94: 42448068 | AL94: 0.30962343 | AM94: -1 | AN94: 20763272 | AO94: 0.61180124 | AP94: -1 | AQ94: 44056885 | AR94: 0.38979964 | AS94: -1 | AT94: 41136480 | AU94: 0.10531401 | AV94: -1 | AW94: 42224043 | AX94: 0.10929681 | AY94: -1 | AZ94: ФОП, РОНДЯК ОЛЕКСАНДРА ЗІНОВІЇВНА | BA94: 0.2459655 | BB94: -1 | BC94: 42274953 | BD94: 0.080188679 | BE94: -1 | BF94: 43998826 | BG94: 0.010526316 | BH94: -1 | BI94: 41180990 | BJ94: 0.24181818 | BK94: -1 | BL94: ФОП, Савчин Соломія Олегівна | BM94: 0.010204082 | BN94: -1 | BO94: 41833215 | BP94: 0.065335753 | BQ94: -1 | BR94: ФОП, Симулик Марія Сергіївна | BS94: 0.020689655 | BT94: -1 | CA94: 01997248 | CB94: 0.030336278 | CC94: -1 | CD94: 41064034 | CE94: 0.89189189 | CF94: -1 | CG94: 43871190 | CH94: 0.0062950167 | CI94: -1
V95: 43923200 | W95: 0.66666667 | X95: -1 | Y95: 41195567 | Z95: 0.52111111 | AA95: -1 | AB95: ФОП, КОСТИРКО МИКОЛА МИХАЙЛОВИЧ | AC95: 0.63992172 | AD95: -1 | AE95: ФОП, ЗАСТАВНИЙ ІГОР ІГОРОВИЧ | AF95: 0.8 | AG95: -1 | AH95: 41180990 | AI95: 6.5592417 | AJ95: -1 | AK95: 01996272 | AL95: 0.31005587 | AM95: 0.31005587 | AN95: 43526560 | AO95: 0.61206897 | AP95: -1 | AQ95: 01998101 | AR95: 0.39090909 | AS95: -1 | AT95: ФОП, КОСТИРКО МИКОЛА МИХАЙЛОВИЧ | AU95: 0.11753731 | AV95: -1 | AW95: ФОП, ЛОМАЄВА ОЛЕКСАНДРА ВАЛЕРІЇВНА | AX95: 0.11111111 | AY95: -1 | AZ95: 43998826 | BA95: 0.24596774 | BB95: -1 | BC95: 40236036 | BD95: 0.08041958 | BE95: -1 | BF95: 01997633 | BG95: 0.010529395 | BH95: -1 | BI95: 44496574 | BJ95: 0.24776737 | BK95: -1 | BL95: ФОП, Мазур Руслана Ярославівна | BM95: 0.010781671 | BN95: -1 | BO95: ФОП, Мазур Руслана Ярославівна | BP95: 0.068292683 | BQ95: -1 | BR95: 41505308 | BS95: 0.020887728 | BT95: -1 | CA95: 01998101 | CB95: 0.030563137 | CC95: -1 | CD95: ФОП, САЛДАН ІВАН АНТОНОВИЧ | CE95: 0.89285714 | CF95: -1 | CG95: 36417058 | CH95: 0.0065570127 | CI95: -1
V96: 43998826 | W96: 0.66666667 | X96: -1 | Y96: ФОП, ДУДА НАДІЯ БОГДАНІВНА | Z96: 0.55444444 | AA96: -1 | AB96: 44408760 | AC96: 0.63998407 | AD96: -1 | AE96: 43526560 | AF96: 0.80088496 | AG96: -1 | AH96: ФОП, ШКУЛЬСЬКИЙ ВОЛОДИМИР ВОЛОДИМИРОВИЧ | AI96: 6.6666667 | AJ96: -1 | AK96: ФОП, Ладус Галина Іванівна | AL96: 0.31034483 | AM96: -1 | AN96: ФОП, ФЕДЕНКО НАТАЛІЯ РОМАНІВНА | AO96: 0.61481481 | AP96: -1 | AQ96: 19163609 | AR96: 0.39958396 | AS96: -1 | AT96: ФОП, ПОКІНСЬКА МАРІЯ МИХАЙЛІВНА | AU96: 0.11864407 | AV96: -1 | AW96: 42750109 | AX96: 0.11155779 | AY96: -1 | AZ96: ФОП, Данилів Дана Олександрівна | BA96: 0.24924925 | BB96: -1 | BC96: ФОП, Жданова Оксана Степанівна | BD96: 0.081081081 | BE96: -1 | BF96: 22421239 | BG96: 0.011275272 | BH96: -1 | BI96: ФОП, ДЕМКО ОКСАНА ДЕМЯНІВНА | BJ96: 0.25641026 | BK96: -1 | BL96: 42877452 | BM96: 0.011684343 | BN96: -1 | BO96: ФОП, Левкович Лідія Олексіївна | BP96: 0.07 | BQ96: -1 | BR96: 22348948 | BS96: 0.021126761 | BT96: -1 | CA96: 44496574 | CB96: 0.0306097 | CC96: -1 | CD96: 44646459 | CE96: 0.89341085 | CF96: -1 | CG96: 44018588 | CH96: 0.0067306315 | CI96: -1
V97: ФОП, РОНДЯК ОЛЕКСАНДРА ЗІНОВІЇВНА | W97: 0.66666667 | X97: -1 | Y97: 42140021 | Z97: 0.55548193 | AA97: -1 | AB97: 20764314 | AC97: 0.64427047 | AD97: -1 | AE97: 42877452 | AF97: 0.80195081 | AG97: -1 | AH97: 41064034 | AI97: 6.6962963 | AJ97: -1 | AK97: 36417058 | AL97: 0.3105802 | AM97: -1 | AN97: 40236036 | AO97: 0.616 | AP97: -1 | AQ97: 42108962 | AR97: 0.39980257 | AS97: -1 | AT97: ФОП, ДУДА НАДІЯ БОГДАНІВНА | AU97: 0.12027491 | AV97: -1 | AW97: ФОП, ДЕМКО ОКСАНА ДЕМЯНІВНА | AX97: 0.11428571 | AY97: -1 | AZ97: ФОП, ДІДИК ЛЕСЯ ІВАНІВНА | BA97: 0.25089606 | BB97: -1 | BC97: 44925460 | BD97: 0.086956522 | BE97: -1 | BF97: 45395213 | BG97: 0.011409396 | BH97: -1 | BI97: 19163609 | BJ97: 0.27741254 | BK97: -1 | BL97: ФОП, РОМАНІВ ЛЕСЯ АНАТОЛІЇВНА | BM97: 0.015503876 | BN97: -1 | BO97: 45065089 | BP97: 0.070472548 | BQ97: -1 | BR97: 36761597 | BS97: 0.022346369 | BT97: -1 | CA97: 45094345 | CB97: 0.03118681 | CC97: -1 | CD97: 44712882 | CE97: 0.8940865 | CF97: -1 | CG97: 20850964 | CH97: 0.006993007 | CI97: -1
V98: 44871599 | W98: 0.66666667 | X98: -1 | Y98: ФОП, МАХНО ГАЛИНА ВОЛОДИМИРІВНА | Z98: 0.55888889 | AA98: -1 | AB98: 20764478 | AC98: 0.64544045 | AD98: -1 | AE98: ФОП, Савчин Соломія Олегівна | AF98: 0.80257511 | AG98: -1 | AH98: 41851009 | AI98: 6.7804878 | AJ98: -1 | AK98: 44028360 | AL98: 0.31818182 | AM98: -1 | AN98: 01996869 | AO98: 0.61702128 | AP98: -1 | AQ98: 43998826 | AR98: 0.4 | AS98: -1 | AT98: ФОП, РОНДЯК БОГДАН ЯРОСЛАВОВИЧ | AU98: 0.12068966 | AV98: -1 | AW98: 41839788 | AX98: 0.11458333 | AY98: -1 | AZ98: 41845440 | BA98: 0.25230511 | BB98: -1 | BC98: ФОП, Добрянський Олесь Степанович | BD98: 0.090909091 | BE98: -1 | BF98: ФОП, Шабатюк Леся Володимирівна | BG98: 0.011428571 | BH98: -1 | BI98: 41055077 | BJ98: 0.29807692 | BK98: -1 | BL98: 41136480 | BM98: 0.016101979 | BN98: -1 | BO98: 40221119 | BP98: 0.074889868 | BQ98: -1 | BR98: 43526560 | BS98: 0.022738268 | BT98: -1 | CA98: 20763941 | CB98: 0.031780024 | CC98: -1 | CD98: 41833215 | CE98: 0.8952381 | CF98: -1 | CG98: ФОП, НІКОНОРОВ ВАЛЕРІЙ МИКОЛАЙОВИЧ | CH98: 0.0073150457 | CI98: -1
V99: ФОП, ФЕДЕНКО НАТАЛІЯ РОМАНІВНА | W99: 0.66666667 | X99: -1 | Y99: ФОП, ОПОКА ІННА ГРИГОРІВНА | Z99: 0.56 | AA99: -1 | AB99: 38763426 | AC99: 0.64636678 | AD99: -1 | AE99: ФОП, ІВАНІЩАК РОМАНІЯ ІВАНІВНА | AF99: 0.80327869 | AG99: -1 | AH99: 44848931 | AI99: 6.7941176 | AJ99: -1 | AK99: 36761597 | AL99: 0.32467532 | AM99: -1 | AN99: ФОП, ГОЙ ОЛЬГА ІВАНІВНА | AO99: 0.62014563 | AP99: -1 | AQ99: 32613493 | AR99: 0.41176471 | AS99: -1 | AT99: 20764231 | AU99: 0.12085635 | AV99: -1 | AW99: ФОП, ГРИЦАК РУСЛАН ГЕННАДІЙОВИЧ | AX99: 0.12 | AY99: -1 | AZ99: 41850775 | BA99: 0.25304878 | BB99: -1 | BC99: 45065089 | BD99: 0.092608089 | BE99: -1 | BF99: 37325796 | BG99: 0.011494253 | BH99: -1 | BI99: ФОП, ОПОКА ІННА ГРИГОРІВНА | BJ99: 0.316 | BK99: -1 | BL99: 44848931 | BM99: 0.016129032 | BN99: -1 | BO99: 20764716 | BP99: 0.075991189 | BQ99: -1 | BR99: 22398210 | BS99: 0.023719165 | BT99: -1 | CA99: 40221119 | CB99: 0.031848306 | CC99: -1 | CD99: ФОП, Карпяк Марта Ігорівна | CE99: 0.89855072 | CF99: -1 | CG99: ФОП, Савчин Соломія Олегівна | CH99: 0.0077864294 | CI99: -1
V100: 41851009 | W100: 0.7 | X100: -1 | Y100: 01997679 | Z100: 0.5647093 | AA100: -1 | AB100: ФОП, СИВАК ЛЮДМИЛА ЮРІЇВНА | AC100: 0.64715536 | AD100: -1 | AE100: 41160010 | AF100: 0.80339969 | AG100: -1 | AH100: ФОП, КМІТЬ ОКСАНА ЗЕНОНІВНА | AI100: 6.877551 | AJ100: -1 | AK100: 42428764 | AL100: 0.33793103 | AM100: -1 | AN100: 44093644 | AO100: 0.62099125 | AP100: -1 | AQ100: 01997248 | AR100: 0.4133992 | AS100: -1 | AT100: 42750109 | AU100: 0.12253854 | AV100: -1 | AW100: 44496574 | AX100: 0.12490842 | AY100: -1 | AZ100: 43871190 | BA100: 0.25777234 | BB100: -1 | BC100: ФОП, ВОРОБЕЦЬ ІРИНА ЙОСИФІВНА | BD100: 0.1 | BE100: -1 | BF100: 36417058 | BG100: 0.012019231 | BH100: -1 | BI100: 20763852 | BJ100: 0.32622832 | BK100: -1 | BL100: 20763852 | BM100: 0.016979769 | BN100: -1 | BO100: ФОП, КАБАН ВОЛОДИМИР БОГДАНОВИЧ | BP100: 0.078853047 | BQ100: -1 | BR100: 20763941 | BS100: 0.024 | BT100: -1 | CA100: 42750109 | CB100: 0.032104517 | CC100: -1 | CD100: 40241161 | CE100: 0.89864865 | CF100: -1 | CG100: 37639909 | CH100: 0.0081155433 | CI100: -1
V101: 20763160 | W101: 0.71428571 | X101: -1 | Y101: 44925460 | Z101: 0.57326531 | AA101: -1 | AB101: 37325796 | AC101: 0.64857909 | AD101: -1 | AE101: 44119976 | AF101: 0.8046683 | AG101: -1 | AH101: 41902533 | AI101: 6.9166667 | AJ101: -1 | AK101: 44848931 | AL101: 0.34782609 | AM101: -1 | AN101: 01984228 | AO101: 0.62156448 | AP101: -1 | AQ101: 41839788 | AR101: 0.41666667 | AS101: -1 | AT101: 41850775 | AU101: 0.12588997 | AV101: -1 | AW101: ФОП, МАХНО ГАЛИНА ВОЛОДИМИРІВНА | AX101: 0.125 | AY101: -1 | AZ101: 42274953 | BA101: 0.26111745 | BB101: -1 | BC101: 41902533 | BD101: 0.1022409 | BE101: -1 | BF101: ФОП, Карпяк Марта Ігорівна | BG101: 0.012195122 | BH101: -1 | BI101: ФОП, ШКУЛЬСЬКИЙ ВОЛОДИМИР ВОЛОДИМИРОВИЧ | BJ101: 0.35728155 | BK101: -1 | BL101: ФОП, Столяр Галина Ігорівна | BM101: 0.01754386 | BN101: -1 | BO101: 01996409 | BP101: 0.083289589 | BQ101: -1 | BR101: ФОП, Мазур Руслана Ярославівна | BS101: 0.024390244 | BT101: -1 | CA101: 40236036 | CB101: 0.03271028 | CC101: -1 | CD101: ФОП, ФЕДЕНКО НАТАЛІЯ РОМАНІВНА | CE101: 0.89867841 | CF101: -1 | CG101: ФОП, Турянська Ольга Тарасівна | CH101: 0.0084602369 | CI101: -1
V102: 01997679 | W102: 0.77777778 | X102: -1 | Y102: 40238410 | Z102: 0.57888889 | AA102: -1 | AB102: 22398210 | AC102: 0.64955973 | AD102: -1 | AE102: 23970286 | AF102: 0.80634411 | AG102: -1 | AH102: 42769586 | AI102: 6.9705882 | AJ102: -1 | AK102: 44646459 | AL102: 0.35185185 | AM102: -1 | AN102: ФОП, ПІКУЛИЦЬКА ЯРИНА ВАСИЛІВНА | AO102: 0.62217659 | AP102: -1 | AQ102: ФОП, Симулик Марія Сергіївна | AR102: 0.41666667 | AS102: -1 | AT102: ФОП, ДЕМКО ОКСАНА ДЕМЯНІВНА | AU102: 0.12751678 | AV102: -1 | AW102: 41388815 | AX102: 0.12931034 | AY102: -1 | AZ102: 01997679 | BA102: 0.26160338 | BB102: -1 | BC102: ФОП, ГРИЦАК РУСЛАН ГЕННАДІЙОВИЧ | BD102: 0.10493827 | BE102: -1 | BF102: 38763426 | BG102: 0.012406948 | BH102: -1 | BI102: 20764314 | BJ102: 0.3940367 | BK102: -1 | BL102: ФОП, Цяпка Лілія Богданівна | BM102: 0.022727273 | BN102: -1 | BO102: ФОП, МЕЛЬНИК ЗОРЯНА СТЕПАНІВНА | BP102: 0.083333333 | BQ102: -1 | BR102: 20763272 | BS102: 0.024923703 | BT102: -1 | CA102: 36194399 | CB102: 0.033167496 | CC102: -1 | CD102: ФОП, СИВАК ЛЮДМИЛА ЮРІЇВНА | CE102: 0.9 | CF102: -1 | CG102: ФОП, ЯЩИШИН ОКСАНА МИХАЙЛІВНА | CH102: 0.0086313194 | CI102: -1
... V114: 44466230 | W114: 1 | X114: -1 | Y114: 41160010 | Z114: 0.63435039 | AA114: -1 | AB114: ФОП, РОМАНІВ ЛЕСЯ АНАТОЛІЇВНА | AC114: 0.6827853 | AD114: -1 | AE114: 41180990 | AF114: 0.8141791 | AG114: -1 | AH114: ФОП, ФЕДЕНКО НАТАЛІЯ РОМАНІВНА | AI114: 7.7804878 | AJ114: -1 | AK114: 41195567 | AL114: 0.40677966 | AM114: -1 | AN114: ФОП, СЕРЕДИЧ ЛІЛІЯ ПЕТРІВНА | AO114: 0.65207101 | AP114: -1 | AQ114: 44028360 | AR114: 0.43489583 | AS114: -1 | AT114: 20763711 | AU114: 0.15107914 | AV114: -1 | AW114: 44246746 | AX114: 0.19804878 | AY114: -1 | AZ114: 44712882 | BA114: 0.3220761 | BB114: -1 | BC114: ФОП, КАБАН ВОЛОДИМИР БОГДАНОВИЧ | BD114: 0.14574899 | BE114: -1 | BF114: 40236036 | BG114: 0.022727273 | BH114: -1 | BI114: 20761149 | BJ114: 0.6600046 | BK114: -1 | BL114: ФОП, ГРИЦАК РУСЛАН ГЕННАДІЙОВИЧ | BM114: 0.1 | BN114: -1 | BO114: 41064034 | BP114: 0.11606663 | BQ114: -1 | BR114: 23957835 | BS114: 0.031396924 | BT114: -1 | CA114: 36761597 | CB114: 0.036164278 | CC114: -1 | CD114: 44466230 | CE114: 0.90353698 | CF114: -1 | CG114: ФОП, СЕРЕДИЧ ЛІЛІЯ ПЕТРІВНА | CH114: 0.027986633 | CI114: -1
V115: 20763272 | W115: 1 | X115: -1 | Y115: 44070522 | Z115: 0.63461538 | AA115: -1 | AB115: 42448068 | AC115: 0.68303174 | AD115: -1 | AE115: 23957835 | AF115: 0.81427469 | AG115: -1 | AH115: ФОП, Шабатюк Леся Володимирівна | AI115: 8.1153846 | AJ115: -1 | AK115: 44093644 | AL115: 0.4137931 | AM115: -1 | AN115: 01996272 | AO115: 0.65421558 | AP115: 0.65421558 | AQ115: ФОП, КОЗИЧ РОКСОЛАНА АНДРІЇВНА | AR115: 0.43947858 | AS115: -1 | AT115: 45395213 | AU115: 0.15305214 | AV115: -1 | AW115: 43938699 | AX115: 0.2 | AY115: -1 | AZ115: 32613493 | BA115: 0.32307692 | BB115: -1 | BC115: ФОП, Ладус Галина Іванівна | BD115: 0.16243655 | BE115: -1 | BF115: 45094345 | BG115: 0.023433764 | BH115: -1 | BI115: 20763711 | BJ115: 0.66207951 | BK115: -1 | BL115: 20764314 | BM115: 0.11548165 | BN115: -1 | BO115: ФОП, Цяпка Лілія Богданівна | BP115: 0.11656442 | BQ115: -1 | BR115: ФОП, Лялька Наталія Петрівна | BS115: 0.031518625 | BT115: -1 | CA115: 20761149 | CB115: 0.036242064 | CC115: -1 | CD115: 37639909 | CE115: 0.90425532 | CF115: -1
V116: 20763295 | W116: 1 | X116: -1 | Y116: 32418147 | Z116: 0.64509434 | AA116: -1 | AB116: 01998226 | AC116: 0.68367663 | AD116: -1 | AE116: 22421239 | AF116: 0.8171678 | AG116: -1 | AH116: 44119976 | AI116: 8.184466 | AJ116: -1 | AK116: 41845440 | AL116: 0.41428571 | AM116: -1 | AN116: 44246746 | AO116: 0.65591398 | AP116: -1 | AQ116: 42021164 | AR116: 0.44265033 | AS116: -1 | AT116: 44018588 | AU116: 0.1556157 | AV116: -1 | AW116: ФОП, САЛДАН ІВАН АНТОНОВИЧ | AX116: 0.2 | AY116: -1 | AZ116: ФОП, ІВЧЕНКО АНДРІЙ АНАТОЛІЙОВИЧ | BA116: 0.32797428 | BB116: -1 | BC116: 45395213 | BD116: 0.16644295 | BE116: -1 | BF116: 43871190 | BG116: 0.026104418 | BH116: -1 | BI116: ФОП, ЗУБРИЦЬКА НАДІЯ СТЕПАНІВНА | BJ116: 0.71232877 | BK116: -1 | BL116: 01996674 | BM116: 0.11746072 | BN116: -1 | BO116: ФОП, Данилів Дана Олександрівна | BP116: 0.11656442 | BQ116: -1 | BR116: ФОП, Столяр Галина Ігорівна | BS116: 0.03187251 | BT116: -1 | CA116: 41900490 | CB116: 0.036719942 | CC116: -1 | CD116: 44496574 | CE116: 0.90495587 | CF116: -1
V117: ФОП, КОСТИРКО МИКОЛА МИХАЙЛОВИЧ | W117: 1 | X117: -1 | Y117: 41850775 | Z117: 0.64535354 | AA117: -1 | AB117: 40221119 | AC117: 0.68370191 | AD117: -1 | AE117: 01996674 | AF117: 0.81764778 | AG117: -1 | AH117: 01996272 | AI117: 8.2808321 | AJ117: 8.2808321 | AK117: 22398210 | AL117: 0.42815249 | AM117: -1 | AN117: 19163609 | AO117: 0.65625 | AP117: -1 | AQ117: 20761149 | AR117: 0.44521885 | AS117: -1 | AT117: 43938699 | AU117: 0.16025641 | AV117: -1 | AW117: ФОП, РОМАНИШИН ІРИНА ВОЛОДИМИРІВНА | AX117: 0.20481928 | AY117: -1 | AZ117: ФОП, РИСЕЙ ОЛЬГА ІГОРІВНА | BA117: 0.32828283 | BB117: -1 | BC117: 40241161 | BD117: 0.17211329 | BE117: -1 | BF117: 45214923 | BG117: 0.027716995 | BH117: -1 | BI117: ФОП, ПЕТРИК ЛЮДМИЛА ЯРОСЛАВІВНА | BJ117: 0.74172185 | BK117: -1 | BL117: ФОП, СЕРЕДЮК ОЛЬГА ІВАНІВНА | BM117: 0.12065814 | BN117: -1 | BO117: ФОП, ІВЧЕНКО АНДРІЙ АНАТОЛІЙОВИЧ | BP117: 0.11764706 | BQ117: -1 | BR117: 36417058 | BS117: 0.032906764 | BT117: -1 | CA117: 44119976 | CB117: 0.036783321 | CC117: -1 | CD117: 20764314 | CE117: 0.90509259 | CF117: -1
V118: ФОП, КРАВЧУК ГАЛИНА ВАСИЛІВНА | W118: 1 | X118: -1 | Y118: 01998226 | Z118: 0.64676 | AA118: -1 | AB118: ФОП, Ладус Галина Іванівна | AC118: 0.68995929 | AD118: -1 | AE118: ФОП, Данилів Дана Олександрівна | AF118: 0.81773399 | AG118: -1 | AH118: 41136480 | AI118: 8.2891566 | AJ118: -1 | AK118: 32418147 | AL118: 0.43055556 | AM118: -1 | AN118: 45065089 | AO118: 0.65643447 | AP118: -1 | AQ118: 42138054 | AR118: 0.44554455 | AS118: -1 | AT118: 44712882 | AU118: 0.16143236 | AV118: -1 | AW118: 44093644 | AX118: 0.21748107 | AY118: -1 | AZ118: 40393866 | BA118: 0.33550914 | BB118: -1 | BC118: 44119976 | BD118: 0.1761427 | BE118: -1 | BF118: ФОП, ПІКУЛИЦЬКА ЯРИНА ВАСИЛІВНА | BG118: 0.031496063 | BH118: -1 | BI118: 42877452 | BJ118: 0.75516807 | BK118: -1 | BL118: 23970286 | BM118: 0.13311293 | BN118: -1 | BO118: 44119976 | BP118: 0.11787072 | BQ118: -1 | BR118: ФОП, ФЕДЕНКО НАТАЛІЯ РОМАНІВНА | BS118: 0.033070866 | BT118: -1 | CA118: 45395213 | CB118: 0.037241117 | CC118: -1 | CD118: 22398210 | CE118: 0.90568319 | CF118: -1
V119: ФОП, САВЕНКО НАТАЛІЯ ЯРОСЛАВІВНА | W119: 1 | X119: -1 | Y119: ФОП, ФЕДЕНКО НАТАЛІЯ РОМАНІВНА | Z119: 0.65065217 | AA119: -1 | AB119: ФОП, Мазур Руслана Ярославівна | AC119: 0.69018868 | AD119: -1 | AE119: 44216151 | AF119: 0.81889081 | AG119: -1 | AH119: ФОП, Кащук Марія Анатоліївна | AI119: 8.4347826 | AJ119: -1 | AK119: 01996869 | AL119: 0.4375 | AM119: -1 | AN119: 41839788 | AO119: 0.65806452 | AP119: -1 | AQ119: 44018588 | AR119: 0.44765343 | AS119: -1 | AT119: ФОП, КОЗЕНКО ПАВЛО ВОЛОДИМИРОВИЧ | AU119: 0.16666667 | AV119: -1 | AW119: 01984276 | AX119: 0.22356215 | AY119: -1 | AZ119: 44496574 | BA119: 0.3358076 | BB119: -1 | BC119: ФОП, Мазур Руслана Ярославівна | BD119: 0.18238994 | BE119: -1 | BF119: ФОП, КАБАН ВОЛОДИМИР БОГДАНОВИЧ | BG119: 0.036437247 | BH119: -1 | BI119: 44625774 | BJ119: 0.75566314 | BK119: -1 | BL119: 01997679 | BM119: 0.13877551 | BN119: -1 | BO119: ФОП, КОСТИРКО МИКОЛА МИХАЙЛОВИЧ | BP119: 0.12535613 | BQ119: -1 | BR119: ФОП, Люта Оксана Павлівна | BS119: 0.033457249 | BT119: -1 | CA119: ФОП, ФЕДЕНКО НАТАЛІЯ РОМАНІВНА | CB119: 0.037520661 | CC119: -1 | CD119: 20764716 | CE119: 0.90575916 | CF119: -1
V120: ФОП, ГРИЦАК РУСЛАН ГЕННАДІЙОВИЧ | W120: 1 | X120: -1 | Y120: 01996272 | Z120: 0.65120924 | AA120: 0.65120924 | AB120: ФОП, ГОЙ ОЛЬГА ІВАНІВНА | AC120: 0.69220246 | AD120: -1 | AE120: 20763929 | AF120: 0.81994048 | AG120: -1 | AH120: 41160010 | AI120: 8.5128676 | AJ120: -1 | AK120: ФОП, КАБАН ВОЛОДИМИР БОГДАНОВИЧ | AL120: 0.4375 | AM120: -1 | AN120: ФОП, Левкович Лідія Олексіївна | AO120: 0.66071429 | AP120: -1 | AQ120: 41850775 | AR120: 0.4503632 | AS120: -1 | AT120: 44925460 | AU120: 0.17065073 | AV120: -1 | AW120: ФОП, Люта Оксана Павлівна | AX120: 0.2418136 | AY120: -1 | AZ120: ФОП, ПОКІНСЬКА МАРІЯ МИХАЙЛІВНА | BA120: 0.33846154 | BB120: -1 | BC120: ФОП, ДЕМКО ОКСАНА ДЕМЯНІВНА | BD120: 0.19259259 | BE120: -1 | BF120: ФОП, МЕЛЬНИК ЗОРЯНА СТЕПАНІВНА | BG120: 0.038461538 | BH120: -1 | BI120: 23970286 | BJ120: 0.77310295 | BK120: -1 | BL120: 20764716 | BM120: 0.14869522 | BN120: -1 | BO120: 42274953 | BP120: 0.13358302 | BQ120: -1 | BR120: ФОП, ЗАРЕМБА-ФЕДЧИШИН ОЛЕНА ВІТАЛІЇВНА | BS120: 0.033678756 | BT120: -1 | CA120: 01997297 | CB120: 0.037581699 | CC120: -1 | CD120: ФОП, Мазур Руслана Ярославівна | CE120: 0.90625 | CF120: -1
V121: ФОП, ДУДА НАДІЯ БОГДАНІВНА | W121: 1 | X121: -1 | Y121: ФОП, ГОРОДИСЬКА СТЕФАНІЯ-ОКСАНА МИХАЙЛІВНА | Z121: 0.6555 | AA121: -1 | AB121: 43923200 | AC121: 0.70351273 | AD121: -1 | AE121: 42750109 | AF121: 0.82022873 | AG121: -1 | AH121: ФОП, КОСТИРКО МИКОЛА МИХАЙЛОВИЧ | AI121: 8.5208333 | AJ121: -1 | AK121: 22421239 | AL121: 0.44444444 | AM121: -1 | AN121: ФОП, ЯЩИШИН ОКСАНА МИХАЙЛІВНА | AO121: 0.66206897 | AP121: -1 | AQ121: ФОП, ПЕТРИК ЛЮДМИЛА ЯРОСЛАВІВНА | AR121: 0.4516129 | AS121: -1 | AT121: 44646459 | AU121: 0.18169361 | AV121: -1 | AW121: ФОП, ЗУБРИЦЬКА НАДІЯ СТЕПАНІВНА | AX121: 0.24489796 | AY121: -1 | AZ121: 42224043 | BA121: 0.34749005 | BB121: -1 | BC121: ФОП, ФЕДЕНКО НАТАЛІЯ РОМАНІВНА | BD121: 0.19292605 | BE121: -1 | BF121: 41902533 | BG121: 0.039215686 | BH121: -1 | BI121: 20851349 | BJ121: 0.92999097 | BK121: -1 | BL121: 20764231 | BM121: 0.16682494 | BN121: -1 | BO121: ФОП, СКОБИЛКО ІРИНА ВОЛОДИМИРІВНА | BP121: 0.14035088 | BQ121: -1 | BR121: 41851009 | BS121: 0.033898305 | BT121: -1 | CA121: 01996674 | CB121: 0.037776947 | CC121: -1 | CD121: 45065089 | CE121: 0.90808569 | CF121: -1
V122: ФОП, ГОРОДИСЬКА СТЕФАНІЯ-ОКСАНА МИХАЙЛІВНА | W122: 1 | X122: -1 | Y122: 45214923 | Z122: 0.65875862 | AA122: -1 | AB122: ФОП, БАЛЛА РОКСОЛАНА АНДРІЇВНА | AC122: 0.70558376 | AD122: -1 | AE122: 42428764 | AF122: 0.82102273 | AG122: -1 | AH122: 42428764 | AI122: 8.7103175 | AJ122: -1 | AK122: 01997248 | AL122: 0.44514107 | AM122: -1 | AN122: ФОП, НІКОНОРОВ ВАЛЕРІЙ МИКОЛАЙОВИЧ | AO122: 0.66666667 | AP122: -1 | AQ122: 01996409 | AR122: 0.45810056 | AS122: -1 | AT122: ФОП, МАХНО ГАЛИНА ВОЛОДИМИРІВНА | AU122: 0.18292683 | AV122: -1 | AW122: ФОП, СЕРЕДЮК ОЛЬГА ІВАНІВНА | AX122: 0.24858757 | AY122: -1 | AZ122: 44028360 | BA122: 0.34881471 | BB122: -1 | BC122: 01996272 | BD122: 0.19716903 | BE122: 0.19716903 | BF122: 44466230 | BG122: 0.04245283 | BH122: -1 | BI122: ФОП, СЕРЕДЮК ОЛЬГА ІВАНІВНА | BJ122: 0.9488117 | BK122: -1 | BL122: ФОП, ПЕТРИК ЛЮДМИЛА ЯРОСЛАВІВНА | BM122: 0.2384106 | BN122: -1 | BO122: ФОП, ШКУЛЬСЬКИЙ ВОЛОДИМИР ВОЛОДИМИРОВИЧ | BP122: 0.14716981 | BQ122: -1 | BR122: 01996409 | BS122: 0.034820647 | BT122: -1 | CA122: 23970286 | CB122: 0.038400413 | CC122: -1 | CD122: 01998226 | CE122: 0.90834793 | CF122: -1
V123: ФОП, ОПОКА ІННА ГРИГОРІВНА | W123: 1 | X123: -1 | Y123: 42274953 | Z123: 0.66391892 | AA123: -1 | AB123: 01996674 | AC123: 0.70944557 | AD123: -1 | AE123: ФОП, ГРИЦАК РУСЛАН ГЕННАДІЙОВИЧ | AF123: 0.82165605 | AG123: -1 | AH123: ФОП, Левкович Лідія Олексіївна | AI123: 8.7391304 | AJ123: -1 | AK123: 41064034 | AL123: 0.4496124 | AM123: -1 | AN123: 20764231 | AO123: 0.6684492 | AP123: -1 | AQ123: 40221119 | AR123: 0.4604811 | AS123: -1 | AT123: 44028360 | AU123: 0.18818681 | AV123: -1 | AW123: 23957835 | AX123: 0.26588703 | AY123: -1 | AZ123: 41066560 | BA123: 0.3553719 | BB123: -1 | BC123: ФОП, ГАДЕВИЧ НАТАЛІЯ ЗІНОВІЇВНА | BD123: 0.21348315 | BE123: -1 | BF123: 22348948 | BG123: 0.042944785 | BH123: -1 | BO123: 20763852 | BP123: 0.15871775 | BQ123: -1 | BR123: ФОП, Левкович Лідія Олексіївна | BS123: 0.035 | BT123: -1 | CA123: 40393866 | CB123: 0.03871577 | CC123: -1 | CD123: 20763591 | CE123: 0.9086177 | CF123: -1
V124: ФОП, Левкович Лідія Олексіївна | W124: 1 | X124: -1 | Y124: 44712882 | Z124: 0.66576772 | AA124: -1 | AB124: 01997297 | AC124: 0.71333333 | AD124: -1 | AE124: ФОП, Люта Оксана Павлівна | AF124: 0.82195122 | AG124: -1 | AH124: 41833215 | AI124: 8.7714286 | AJ124: -1 | AK124: ФОП, ФЕДЕНКО НАТАЛІЯ РОМАНІВНА | AL124: 0.45238095 | AM124: -1 | AN124: 42750109 | AO124: 0.67333333 | AP124: -1 | AQ124: 01996272 | AR124: 0.46078993 | AS124: 0.46078993 | AT124: 40393866 | AU124: 0.19165085 | AV124: -1 | AW124: ФОП, Столяр Галина Ігорівна | AX124: 0.27272727 | AY124: -1 | AZ124: 20764314 | BA124: 0.3615265 | BB124: -1 | BC124: 19163609 | BD124: 0.24997406 | BE124: -1 | BF124: ФОП, ПОКІНСЬКА МАРІЯ МИХАЙЛІВНА | BG124: 0.044117647 | BH124: -1 | BO124: 40241161 | BP124: 0.16120219 | BQ124: -1 | BR124: 42108962 | BS124: 0.035357417 | BT124: -1 | CA124: ФОП, ВОРОБЕЦЬ ІРИНА ЙОСИФІВНА | CB124: 0.038858049 | CC124: -1 | CD124: 44635101 | CE124: 0.90909091 | CF124: -1
V125: 43260585 | W125: 1 | X125: -1 | Y125: 20764716 | Z125: 0.66597122 | AA125: -1 | AB125: ФОП, Лялька Наталія Петрівна | AC125: 0.71454155 | AD125: -1 | AE125: 01984276 | AF125: 0.82201405 | AG125: -1 | AH125: 41209595 | AI125: 8.7841727 | AJ125: -1 | AK125: 41894875 | AL125: 0.45588235 | AM125: -1 | AN125: 01997633 | AO125: 0.67647059 | AP125: -1 | AQ125: 41894875 | AR125: 0.46351351 | AS125: -1 | AT125: 20763852 | AU125: 0.19257372 | AV125: -1 | AW125: ФОП, ГАДЕВИЧ НАТАЛІЯ ЗІНОВІЇВНА | AX125: 0.28021978 | AY125: -1 | AZ125: ФОП, ЛОМАЄВА ОЛЕКСАНДРА ВАЛЕРІЇВНА | BA125: 0.36666667 | BB125: -1 | BC125: 41180990 | BD125: 0.26153011 | BE125: -1 | BF125: 43919770 | BG125: 0.047396529 | BH125: -1 | BO125: ФОП, ІВАНІЩАК РОМАНІЯ ІВАНІВНА | BP125: 0.16176471 | BQ125: -1 | BR125: ФОП, ДЕМКО ОКСАНА ДЕМЯНІВНА | BS125: 0.037037037 | BT125: -1 | CA125: ФОП, ПОКІНСЬКА МАРІЯ МИХАЙЛІВНА | CB125: 0.039010466 | CC125: -1 | CD125: ФОП, РОМАНИШИН ІРИНА ВОЛОДИМИРІВНА | CE125: 0.90909091 | CF125: -1
V126: ФОП, Данилів Дана Олександрівна | W126: 1 | X126: -1 | Y126: 42021164 | Z126: 0.66635484 | AA126: -1 | AB126: 42274953 | AC126: 0.71533293 | AD126: -1 | AE126: 42448068 | AF126: 0.82286269 | AG126: -1 | AH126: 44712882 | AI126: 8.7879282 | AJ126: -1 | AK126: 43526560 | AL126: 0.4625 | AM126: -1 | AN126: 22398210 | AO126: 0.67686035 | AP126: -1 | AQ126: ФОП, ЗУБРИЦЬКА НАДІЯ СТЕПАНІВНА | AR126: 0.46756757 | AS126: -1 | AT126: 45214923 | AU126: 0.19328641 | AV126: -1 | AW126: 44625774 | AX126: 0.30583957 | AY126: -1 | AZ126: ФОП, Лялька Наталія Петрівна | BA126: 0.40225989 | BB126: -1 | BC126: ФОП, ОПОКА ІННА ГРИГОРІВНА | BD126: 0.26976744 | BE126: -1 | BF126: 01984228 | BG126: 0.050076872 | BH126: -1 | BO126: 41902533 | BP126: 0.17112299 | BQ126: -1 | BR126: 43919770 | BS126: 0.037060703 | BT126: -1 | CA126: 43919770 | CB126: 0.039303184 | CC126: -1 | CD126: 39792683 | CE126: 0.90909091 | CF126: -1
V127: ФОП, КОЗИЧ РОКСОЛАНА АНДРІЇВНА | W127: 1 | X127: -1 | Y127: ФОП, КОСТИРКО МИКОЛА МИХАЙЛОВИЧ | Z127: 0.67263158 | AA127: -1 | AB127: ФОП, ПОКІНСЬКА МАРІЯ МИХАЙЛІВНА | AC127: 0.71553398 | AD127: -1 | AE127: 41195567 | AF127: 0.82436261 | AG127: -1 | AH127: 22421239 | AI127: 8.7890295 | AJ127: -1 | AK127: 19163609 | AL127: 0.46746988 | AM127: -1 | AN127: 44018588 | AO127: 0.67857143 | AP127: -1 | AQ127: 20764478 | AR127: 0.47107438 | AS127: -1 | AT127: ФОП, РИСЕЙ ОЛЬГА ІГОРІВНА | AU127: 0.19559229 | AV127: -1 | AW127: 01984228 | AX127: 0.32769145 | AY127: -1 | AZ127: ФОП, САЛДАН ІВАН АНТОНОВИЧ | BA127: 0.41071429 | BB127: -1 | BC127: ФОП, ДІДИК ЛЕСЯ ІВАНІВНА | BD127: 0.2752809 | BE127: -1 | BF127: 37639909 | BG127: 0.050632911 | BH127: -1 | BO127: 42428764 | BP127: 0.17118719 | BQ127: -1 | BR127: 32418147 | BS127: 0.037061549 | BT127: -1 | CA127: 40238410 | CB127: 0.039365079 | CC127: -1 | CD127: 41180990 | CE127: 0.91213389 | CF127: -1
V128: ФОП, РОМАНИШИН ІРИНА ВОЛОДИМИРІВНА | W128: 1 | X128: -1 | Y128: ФОП, Цяпка Лілія Богданівна | Z128: 0.67277778 | AA128: -1 | AB128: 44119976 | AC128: 0.71821461 | AD128: -1 | AE128: 37639909 | AF128: 0.82481752 | AG128: -1 | AH128: ФОП, Данилів Дана Олександрівна | AI128: 8.826087 | AJ128: -1 | AK128: 20851349 | AL128: 0.47540984 | AM128: -1 | AN128: ФОП, САЛДАН ІВАН АНТОНОВИЧ | AO128: 0.67982456 | AP128: -1 | AQ128: 44848931 | AR128: 0.47159091 | AS128: -1 | AT128: 22421239 | AU128: 0.19632367 | AV128: -1 | AW128: 20851349 | AX128: 0.3762251 | AY128: -1 | AZ128: 01984276 | BA128: 0.44333571 | BB128: -1 | BC128: 20764314 | BD128: 0.27637079 | BE128: -1 | BF128: ФОП, ДЮК ОКСАНА ЯРОСЛАВІВНА | BG128: 0.050955414 | BH128: -1 | BO128: ФОП, Столяр Галина Ігорівна | BP128: 0.17131474 | BQ128: -1 | BR128: 41055077 | BS128: 0.037209302 | BT128: -1 | CA128: 44216151 | CB128: 0.039526955 | CC128: -1 | CD128: ФОП, ДУДА НАДІЯ БОГДАНІВНА | CE128: 0.91304348 | CF128: -1
V129: ФОП, СЕРЕДЮК ОЛЬГА ІВАНІВНА | W129: 1 | X129: -1 | Y129: 40236036 | Z129: 0.68181818 | AA129: -1 | AB129: 43914746 | AC129: 0.72391889 | AD129: -1 | AE129: 20764716 | AF129: 0.8253012 | AG129: -1 | AH129: 22398210 | AI129: 8.8366248 | AJ129: -1 | AK129: 20763272 | AL129: 0.47706422 | AM129: -1 | AN129: ФОП, КРАВЧЕНКО РОМАНА БОГДАНІВНА | AO129: 0.68599717 | AP129: -1 | AQ129: 44246746 | AR129: 0.47231834 | AS129: -1 | AT129: 40238410 | AU129: 0.21164021 | AV129: -1 | AW129: ФОП, САВЕНКО НАТАЛІЯ ЯРОСЛАВІВНА | AX129: 0.52061856 | AY129: -1 | AZ129: ФОП, Шабатюк Леся Володимирівна | BA129: 0.44753747 | BB129: -1 | BC129: 41055077 | BD129: 0.28051392 | BE129: -1 | BF129: 43526560 | BG129: 0.050986051 | BH129: -1 | BO129: 41136480 | BP129: 0.17135207 | BQ129: -1 | BR129: 20764231 | BS129: 0.037275064 | BT129: -1 | CA129: 01996272 | CB129: 0.039551053 | CC129: 0.039551053 | CD129: 41839788 | CE129: 0.91393443 | CF129: -1
V130: ФОП, Столяр Галина Ігорівна | W130: 1 | X130: -1 | Y130: ФОП, Жук Олег Євгенович | Z130: 0.68888889 | AA130: -1 | AB130: 01997633 | AC130: 0.72515856 | AD130: -1 | AE130: 02010793 | AF130: 0.82532504 | AG130: -1 | AH130: 40626575 | AI130: 8.8418708 | AJ130: -1 | AK130: 42108962 | AL130: 0.49484536 | AM130: -1 | AN130: ФОП, БУНЬКО ВАСИЛЬ МИХАЙЛОВИЧ | AO130: 0.68674699 | AP130: -1 | AQ130: 42274953 | AR130: 0.47297297 | AS130: -1 | AT130: 20763929 | AU130: 0.21390374 | AV130: -1 | AW130: 42138054 | AX130: 1 | AY130: -1 | AZ130: 01996272 | BA130: 0.45262668 | BB130: 0.45262668 | BC130: 44028360 | BD130: 0.29051383 | BE130: -1 | BF130: 34327104 | BG130: 0.052631579 | BH130: -1 | BO130: ФОП, Добрянський Олесь Степанович | BP130: 0.17647059 | BQ130: -1 | BR130: 20851349 | BS130: 0.037796284 | BT130: -1 | CA130: 42877452 | CB130: 0.039623234 | CC130: -1 | CD130: 41894875 | CE130: 0.91504854 | CF130: -1
V131: 40241161 | W131: 1 | X131: -1 | Y131: 20763591 | Z131: 0.68971193 | AA131: -1 | AB131: 37639909 | AC131: 0.72531085 | AD131: -1 | AE131: 01996409 | AF131: 0.8257849 | AG131: -1 | AH131: 01997248 | AI131: 8.8781955 | AJ131: -1 | AK131: 42769586 | AL131: 0.5 | AM131: -1 | AN131: 36417058 | AO131: 0.68765432 | AP131: -1 | AQ131: 23957835 | AR131: 0.4754361 | AS131: -1 | AT131: ФОП, ЗУБРИЦЬКА НАДІЯ СТЕПАНІВНА | AU131: 0.22826087 | AV131: -1 | AZ131: ФОП, ФЕДЕНКО НАТАЛІЯ РОМАНІВНА | BA131: 0.45839637 | BB131: -1 | BC131: ФОП, МИСНИК ЛЮДМИЛА ІЛЛІВНА | BD131: 0.30769231 | BE131: -1 | BF131: ФОП, Жданова Оксана Степанівна | BG131: 0.054054054 | BH131: -1 | BO131: 01997633 | BP131: 0.18482039 | BQ131: -1 | BR131: 44635101 | BS131: 0.037974684 | BT131: -1 | CA131: ФОП, ДЮК ОКСАНА ЯРОСЛАВІВНА | CB131: 0.040184922 | CC131: -1 | CD131: 42769586 | CE131: 0.91666667 | CF131: -1
V132: ФОП, ГАДЕВИЧ НАТАЛІЯ ЗІНОВІЇВНА | W132: 1 | X132: -1 | Y132: 41180990 | Z132: 0.6922467 | AA132: -1 | AB132: 20763852 | AC132: 0.72642197 | AD132: -1 | AE132: 20765006 | AF132: 0.82617484 | AG132: -1 | AH132: ФОП, Карпяк Марта Ігорівна | AI132: 8.8846154 | AJ132: -1 | AK132: 44871599 | AL132: 0.5 | AM132: -1 | AN132: 20763941 | AO132: 0.68896926 | AP132: -1 | AQ132: ФОП, САЛДАН ІВАН АНТОНОВИЧ | AR132: 0.4755102 | AS132: -1 | AT132: 19163609 | AU132: 0.23074085 | AV132: -1 | AZ132: 22421239 | BA132: 0.47304559 | BB132: -1 | BC132: 41066560 | BD132: 0.31818182 | BE132: -1 | BF132: 35472249 | BG132: 0.055555556 | BH132: -1 | BO132: 45395213 | BP132: 0.18753894 | BQ132: -1 | BR132: 43288396 | BS132: 0.038461538 | BT132: -1 | CA132: 42310851 | CB132: 0.040405038 | CC132: -1 | CD132: ФОП, Столяр Галина Ігорівна | CE132: 0.91666667 | CF132: -1
V133: 42108962 | W133: 1 | X133: -1 | Y133: 41839788 | Z133: 0.69425926 | AA133: -1 | AB133: 41136480 | AC133: 0.73359822 | AD133: -1 | AE133: 36761597 | AF133: 0.82712512 | AG133: -1 | AH133: 41195567 | AI133: 8.9268293 | AJ133: -1 | AK133: ФОП, ПЕТРИК КАТЕРИНА ЮРІЇВНА | AL133: 0.5 | AM133: -1 | AN133: 44871599 | AO133: 0.7 | AP133: -1 | AQ133: ФОП, ЛАЗАРЕВИЧ ПЕТРО ЯРОСЛАВОВИЧ | AR133: 0.47860963 | AS133: -1 | AT133: 01996674 | AU133: 0.23498481 | AV133: -1 | AZ133: ФОП, КОТОВИЧ НАТАЛІЯ СТЕПАНІВНА | BA133: 0.48951049 | BB133: -1 | BC133: 20763852 | BD133: 0.32334047 | BE133: -1 | BF133: 20761149 | BG133: 0.059181549 | BH133: -1 | BO133: ФОП, ФЕДЕНКО НАТАЛІЯ РОМАНІВНА | BP133: 0.18897638 | BQ133: -1 | BR133: 39792683 | BS133: 0.038834951 | BT133: -1 | CA133: 41845440 | CB133: 0.040562466 | CC133: -1 | CD133: 36194399 | CE133: 0.91666667 | CF133: -1
V134: ФОП, Жук Олег Євгенович | W134: 1 | X134: -1 | Y134: 42428764 | Z134: 0.69847826 | AA134: -1 | AB134: 01998101 | AC134: 0.73671271 | AD134: -1 | AE134: 40221119 | AF134: 0.82733051 | AG134: -1 | AH134: 44925460 | AI134: 8.9554974 | AJ134: -1 | AK134: 36194399 | AL134: 0.5 | AM134: -1 | AN134: ФОП, СЕРЕДЮК ОЛЬГА ІВАНІВНА | AO134: 0.7037037 | AP134: -1 | AQ134: ФОП, КРАВЧЕНКО РОМАНА БОГДАНІВНА | AR134: 0.48770104 | AS134: -1 | AT134: 20763941 | AU134: 0.23546753 | AV134: -1 | AZ134: 01996674 | BA134: 0.50647814 | BB134: -1 | BC134: ФОП, Савчин Соломія Олегівна | BD134: 0.33333333 | BE134: -1 | BF134: 44496574 | BG134: 0.068210107 | BH134: -1 | BO134: 01996674 | BP134: 0.20153267 | BQ134: -1 | BR134: 44119976 | BS134: 0.039290241 | BT134: -1 | CA134: 23957835 | CB134: 0.040705018 | CC134: -1 | CD134: 44093644 | CE134: 0.91677852 | CF134: -1
V135: 35621067 | W135: 1 | X135: -1 | Y135: 20761149 | Z135: 0.69883058 | AA135: -1 | AB135: 43871190 | AC135: 0.74165123 | AD135: -1 | AE135: ФОП, КАБАН ВОЛОДИМИР БОГДАНОВИЧ | AF135: 0.82954545 | AG135: -1 | AH135: 36761597 | AI135: 9.0166667 | AJ135: -1 | AK135: ФОП, РИСЕЙ ОЛЬГА ІГОРІВНА | AL135: 0.5 | AM135: -1 | AN135: 20764716 | AO135: 0.71370968 | AP135: -1 | AQ135: 36761597 | AR135: 0.48844884 | AS135: -1 | AT135: ФОП, ФЕДЕНКО НАТАЛІЯ РОМАНІВНА | AU135: 0.23620559 | AV135: -1 | AZ135: 44093644 | BA135: 0.50744581 | BB135: -1 | BC135: 44496574 | BD135: 0.33756535 | BE135: -1 | BF135: ФОП, ЗАРЕМБА-ФЕДЧИШИН ОЛЕНА ВІТАЛІЇВНА | BG135: 0.07310705 | BH135: -1 | BO135: 22348948 | BP135: 0.20774648 | BQ135: -1 | BR135: ФОП, Столяр Маряна Миколаївна | BS135: 0.039370079 | BT135: -1 | CA135: 43871190 | CB135: 0.041634948 | CC135: -1 | CD135: 01997633 | CE135: 0.91728625 | CF135: -1
V136: 41900490 | W136: 1.0847458 | X136: -1 | Y136: ФОП, Кольченко Леся Михайлівна | Z136: 0.70277778 | AA136: -1 | AB136: 20850964 | AC136: 0.74223035 | AD136: -1 | AE136: 41209595 | AF136: 0.83200707 | AG136: -1 | AH136: ФОП, КОТОВИЧ НАТАЛІЯ СТЕПАНІВНА | AI136: 9.3658537 | AJ136: -1 | AK136: 44712882 | AL136: 0.50666667 | AM136: -1 | AN136: 42274953 | AO136: 0.71428571 | AP136: -1 | AQ136: ФОП, ВОЗІВ ХРИСТИНА ІВАНІВНА | AR136: 0.49180328 | AS136: -1 | AT136: ФОП, ОПОКА ІННА ГРИГОРІВНА | AU136: 0.23655914 | AV136: -1 | AZ136: 45214923 | BA136: 0.50872257 | BB136: -1 | BC136: ФОП, ШКУЛЬСЬКИЙ ВОЛОДИМИР ВОЛОДИМИРОВИЧ | BD136: 0.35909091 | BE136: -1 | BF136: ФОП, ОЩИПКО ІРИНА ГЕОРГІЇВНА | BG136: 0.074074074 | BH136: -1 | BO136: 42021164 | BP136: 0.20871369 | BQ136: -1 | BR136: 42021164 | BS136: 0.041493776 | BT136: -1 | CA136: 01997633 | CB136: 0.041765322 | CC136: -1 | CD136: 41851009 | CE136: 0.91756272 | CF136: -1
V137: 20761149 | W137: 1.0886076 | X137: -1 | Y137: 20851349 | Z137: 0.70653409 | AA137: -1 | AB137: ФОП, Столяр Галина Ігорівна | AC137: 0.74373259 | AD137: -1 | AE137: 42224043 | AF137: 0.83229482 | AG137: -1 | AH137: ФОП, ПОШИВАК ТЕТЯНА ПЕТРІВНА | AI137: 9.4347826 | AJ137: -1 | AK137: 44397639 | AL137: 0.50793651 | AM137: -1 | AN137: ФОП, АПАРІНА ЛІДІЯ ВОЛОДИМИРІВНА | AO137: 0.71428571 | AP137: -1 | AQ137: 42750109 | AR137: 0.49283489 | AS137: -1 | AT137: ФОП, ШКУЛЬСЬКИЙ ВОЛОДИМИР ВОЛОДИМИРОВИЧ | AU137: 0.2368 | AV137: -1 | AZ137: ФОП, ДЕМКО ОКСАНА ДЕМЯНІВНА | BA137: 0.52145215 | BB137: -1 | BC137: 23970286 | BD137: 0.43768036 | BE137: -1 | BF137: 42750109 | BG137: 0.074416557 | BH137: -1 | BO137: 44712882 | BP137: 0.21468722 | BQ137: -1 | BR137: ФОП, МЕЛЬНИК ЗОРЯНА СТЕПАНІВНА | BS137: 0.041666667 | BT137: -1 | CA137: 01984228 | CB137: 0.042552418 | CC137: -1 | CD137: ФОП, ГОРОДИСЬКА СТЕФАНІЯ-ОКСАНА МИХАЙЛІВНА | CE137: 0.91836735 | CF137: -1
V138: 44925460 | W138: 1.1 | X138: -1 | Y138: 43871190 | Z138: 0.70944915 | AA138: -1 | AB138: 41900490 | AC138: 0.75062004 | AD138: -1 | AE138: ФОП, Столяр Галина Ігорівна | AF138: 0.83410138 | AG138: -1 | AH138: ФОП, ЯКИМІВ СВІТЛАНА ЯРОСЛАВІВНА | AI138: 9.4347826 | AJ138: -1 | AK138: 41505308 | AL138: 0.50909091 | AM138: -1 | AN138: 36761597 | AO138: 0.71548117 | AP138: -1 | AQ138: 20763941 | AR138: 0.49464559 | AS138: -1 | AT138: ФОП, Савчин Соломія Олегівна | AU138: 0.23735409 | AV138: -1 | AZ138: ФОП, ШКУЛЬСЬКИЙ ВОЛОДИМИР ВОЛОДИМИРОВИЧ | BA138: 0.52420701 | BB138: -1 | BC138: 20763711 | BD138: 0.45079365 | BE138: -1 | BF138: 23957835 | BG138: 0.093574646 | BH138: -1 | BO138: 23957835 | BP138: 0.22145191 | BQ138: -1 | BR138: 42274953 | BS138: 0.043695381 | BT138: -1 | CA138: 42224043 | CB138: 0.042602021 | CC138: -1 | CD138: ФОП, Цяпка Лілія Богданівна | CE138: 0.91891892 | CF138: -1
V139: 01996272 | W139: 1.106383 | X139: 1.106383 | Y139: 44028360 | Z139: 0.715 | AA139: -1 | AB139: ФОП, ІВАНІЩАК РОМАНІЯ ІВАНІВНА | AC139: 0.75197889 | AD139: -1 | AE139: 20761149 | AF139: 0.8369768 | AG139: -1 | AH139: ФОП, Столяр Галина Ігорівна | AI139: 9.4347826 | AJ139: -1 | AK139: 41900490 | AL139: 0.51233397 | AM139: -1 | AN139: 20764478 | AO139: 0.71830986 | AP139: -1 | AQ139: ФОП, ЗАСТАВНИЙ ІГОР ІГОРОВИЧ | AR139: 0.5 | AS139: -1 | AT139: 20764314 | AU139: 0.25083768 | AV139: -1 | AZ139: 41839788 | BA139: 0.53891387 | BB139: -1 | BC139: 44646459 | BD139: 0.45179584 | BE139: -1 | BF139: ФОП, Мазур Руслана Ярославівна | BG139: 0.094339623 | BH139: -1 | BO139: ФОП, Турянська Ольга Тарасівна | BP139: 0.22222222 | BQ139: -1 | BR139: ФОП, ІВЧЕНКО АНДРІЙ АНАТОЛІЙОВИЧ | BS139: 0.044117647 | BT139: -1 | CA139: 41894875 | CB139: 0.042822991 | CC139: -1 | CD139: 44871599 | CE139: 0.92 | CF139: -1
V140: 41064034 | W140: 1.1111111 | X140: -1 | Y140: 42448068 | Z140: 0.71549072 | AA140: -1 | AB140: 43919770 | AC140: 0.75263571 | AD140: -1 | AE140: ФОП, КРАВЧЕНКО РОМАНА БОГДАНІВНА | AF140: 0.84107327 | AG140: -1 | AH140: 20764478 | AI140: 9.4607843 | AJ140: -1 | AK140: 40236036 | AL140: 0.51282051 | AM140: -1 | AN140: 44397639 | AO140: 0.71910112 | AP140: -1 | AQ140: 40241161 | AR140: 0.5 | AS140: -1 | AT140: ФОП, ПОШИВАК ТЕТЯНА ПЕТРІВНА | AU140: 0.2516129 | AV140: -1 | AZ140: ФОП, Симулик Марія Сергіївна | BA140: 0.53958944 | BB140: -1 | BC140: ФОП, КОЗЕНКО ПАВЛО ВОЛОДИМИРОВИЧ | BD140: 0.45454545 | BE140: -1 | BF140: ФОП, Столяр Маряна Миколаївна | BG140: 0.095744681 | BH140: -1 | BO140: ФОП, ЗАРЕМБА-ФЕДЧИШИН ОЛЕНА ВІТАЛІЇВНА | BP140: 0.23056995 | BQ140: -1 | BR140: ФОП, ІВАНІЩАК РОМАНІЯ ІВАНІВНА | BS140: 0.044117647 | BT140: -1 | CA140: 40626575 | CB140: 0.043227407 | CC140: -1 | CD140: ФОП, КОТОВИЧ НАТАЛІЯ СТЕПАНІВНА | CE140: 0.92 | CF140: -1
V141: 23970286 | W141: 1.1168831 | X141: -1 | Y141: ФОП, НІКОНОРОВ ВАЛЕРІЙ МИКОЛАЙОВИЧ | Z141: 0.71855422 | AA141: -1 | AB141: 44028360 | AC141: 0.75322455 | AD141: -1 | AE141: 36194399 | AF141: 0.84169884 | AG141: -1 | AH141: 20763295 | AI141: 9.4769231 | AJ141: -1 | AK141: 01997633 | AL141: 0.52261307 | AM141: -1 | AN141: 41850775 | AO141: 0.71929825 | AP141: -1 | AQ141: ФОП, ГАДЕВИЧ НАТАЛІЯ ЗІНОВІЇВНА | AR141: 0.5 | AS141: -1 | AT141: 44848931 | AU141: 0.25844595 | AV141: -1 | AZ141: ФОП, СЕРЕДЮК ОЛЬГА ІВАНІВНА | BA141: 0.54337152 | BB141: -1 | BC141: 22421239 | BD141: 0.49105754 | BE141: -1 | BF141: ФОП, ГАДЕВИЧ НАТАЛІЯ ЗІНОВІЇВНА | BG141: 0.1011236 | BH141: -1 | BO141: 32613493 | BP141: 0.25490196 | BQ141: -1 | BR141: 20763591 | BS141: 0.045300879 | BT141: -1 | CA141: 42428764 | CB141: 0.043460497 | CC141: -1 | CD141: ФОП, СКОБИЛКО ІРИНА ВОЛОДИМИРІВНА | CE141: 0.92 | CF141: -1
V142: 44712882 | W142: 1.125 | X142: -1 | Y142: 40626575 | Z142: 0.7227451 | AA142: -1 | AB142: 01984276 | AC142: 0.75542483 | AD142: -1 | AE142: 44625774 | AF142: 0.84298615 | AG142: -1 | AH142: 44466230 | AI142: 9.5176471 | AJ142: -1 | AK142: ФОП, ПЕТРИК ЛЮДМИЛА ЯРОСЛАВІВНА | AL142: 0.53333333 | AM142: -1 | AN142: 44216151 | AO142: 0.72289157 | AP142: -1 | AQ142: 20764314 | AR142: 0.50129333 | AS142: -1 | AT142: 43914746 | AU142: 0.26083611 | AV142: -1 | AZ142: ФОП, МИСНИК ЛЮДМИЛА ІЛЛІВНА | BA142: 0.54929577 | BB142: -1 | BC142: 44976028 | BD142: 0.5 | BE142: -1 | BF142: 44119976 | BG142: 0.10479376 | BH142: -1 | BO142: ФОП, Савчин Соломія Олегівна | BP142: 0.26415094 | BQ142: -1 | BR142: 01984276 | BS142: 0.047319297 | BT142: -1 | CA142: ФОП, Левкович Лідія Олексіївна | CB142: 0.043550165 | CC142: -1 | CD142: 42224043 | CE142: 0.92074303 | CF142: -1
... V157: 01997633 | W157: 1.3 | X157: -1 | Y157: 43914746 | Z157: 0.75814815 | AA157: -1 | AB157: ФОП, ДІДИК ЛЕСЯ ІВАНІВНА | AC157: 0.81532945 | AD157: -1 | AE157: 41845440 | AF157: 0.86014493 | AG157: -1 | AH157: 36194399 | AI157: 10.36 | AJ157: -1 | AK157: ФОП, КМІТЬ ОКСАНА ЗЕНОНІВНА | AL157: 0.63829787 | AM157: -1 | AN157: ФОП, ПОЛЯНСЬКА ТЕТЯНА АНАТОЛІЇВНА | AO157: 0.775 | AP157: -1 | AQ157: ФОП, Данилів Дана Олександрівна | AR157: 0.57798165 | AS157: -1 | AT157: ФОП, Люта Оксана Павлівна | AU157: 0.494659 | AV157: -1 | AZ157: 44871599 | BA157: 0.74683544 | BB157: -1 | BC157: ФОП, Столяр Маряна Миколаївна | BD157: 0.92553191 | BE157: -1 | BF157: 44976028 | BG157: 0.5 | BH157: -1 | BO157: ФОП, Жданова Оксана Степанівна | BP157: 0.37142857 | BQ157: -1 | BR157: 44625774 | BS157: 0.077800758 | BT157: -1 | CA157: ФОП, ГАДЕВИЧ НАТАЛІЯ ЗІНОВІЇВНА | CB157: 0.050274223 | CC157: -1 | CD157: ФОП, ДЮК ОКСАНА ЯРОСЛАВІВНА | CE157: 0.92920354 | CF157: -1
V158: 41180990 | W158: 1.3076923 | X158: -1 | Y158: 01997633 | Z158: 0.76435976 | AA158: -1 | AB158: ФОП, СЕРЕДЮК ОЛЬГА ІВАНІВНА | AC158: 0.81863561 | AD158: -1 | AE158: 41066560 | AF158: 0.86086957 | AG158: -1 | AH158: 43526560 | AI158: 10.423729 | AJ158: -1 | AK158: ФОП, НІКОНОРОВ ВАЛЕРІЙ МИКОЛАЙОВИЧ | AL158: 0.65909091 | AM158: -1 | AN158: 44712882 | AO158: 0.7904328 | AP158: -1 | AQ158: 43526560 | AR158: 0.5780543 | AS158: -1 | AT158: ФОП, ЯКИМІВ СВІТЛАНА ЯРОСЛАВІВНА | AU158: 0.49567723 | AV158: -1 | AZ158: 41388815 | BA158: 0.75747508 | BB158: -1 | BO158: ФОП, ОПОКА ІННА ГРИГОРІВНА | BP158: 0.375 | BQ158: -1 | BR158: 19163609 | BS158: 0.08255779 | BT158: -1 | CA158: 22421239 | CB158: 0.050420168 | CC158: -1 | CD158: 43919770 | CE158: 0.930131 | CF158: -1
V159: 19163609 | W159: 1.3090909 | X159: -1 | Y159: 43919770 | Z159: 0.76526667 | AA159: -1 | AB159: ФОП, ГАДЕВИЧ НАТАЛІЯ ЗІНОВІЇВНА | AC159: 0.81987001 | AD159: -1 | AE159: 20763852 | AF159: 0.86156889 | AG159: -1 | AH159: 20765006 | AI159: 10.527094 | AJ159: -1 | AK159: 45065089 | AL159: 0.66292135 | AM159: -1 | AN159: ФОП, Данилів Дана Олександрівна | AO159: 0.79310345 | AP159: -1 | AQ159: 40238410 | AR159: 0.59701493 | AS159: -1 | AT159: 38208497 | AU159: 0.5 | AV159: -1 | AZ159: 23957835 | BA159: 0.76149892 | BB159: -1 | BO159: 41066560 | BP159: 0.37743191 | BQ159: -1 | BR159: ФОП, ДЮК ОКСАНА ЯРОСЛАВІВНА | BS159: 0.083135392 | BT159: -1 | CA159: 20850964 | CB159: 0.050699301 | CC159: -1 | CD159: ФОП, КРАВЧУК ГАЛИНА ВАСИЛІВНА | CE159: 0.93181818 | CF159: -1
V160: 41850775 | W160: 1.3333333 | X160: -1 | Y160: 41845440 | Z160: 0.77066265 | AA160: -1 | AB160: 23957835 | AC160: 0.82866419 | AD160: -1 | AE160: ФОП, ЗАРЕМБА-ФЕДЧИШИН ОЛЕНА ВІТАЛІЇВНА | AF160: 0.86230248 | AG160: -1 | AH160: 43914746 | AI160: 10.581028 | AJ160: -1 | AK160: ФОП, АПАРІНА ЛІДІЯ ВОЛОДИМИРІВНА | AL160: 0.6875 | AM160: -1 | AN160: ФОП, ЗУБРИЦЬКА НАДІЯ СТЕПАНІВНА | AO160: 0.79807692 | AP160: -1 | AQ160: 20763272 | AR160: 0.6025641 | AS160: -1 | AT160: ФОП, ПЕТРИК ЛЮДМИЛА ЯРОСЛАВІВНА | AU160: 0.53170732 | AV160: -1 | AZ160: ФОП, ГАДЕВИЧ НАТАЛІЯ ЗІНОВІЇВНА | BA160: 0.764 | BB160: -1 | BO160: ФОП, ПЕТРИК ЛЮДМИЛА ЯРОСЛАВІВНА | BP160: 0.40277778 | BQ160: -1 | BR160: ФОП, Савчин Соломія Олегівна | BS160: 0.094339623 | BT160: -1 | CA160: 44871599 | CB160: 0.051124744 | CC160: -1 | CD160: ФОП, ПОШИВАК ТЕТЯНА ПЕТРІВНА | CE160: 0.93627451 | CF160: -1
V161: 20764314 | W161: 1.3636364 | X161: -1 | Y161: 01984228 | Z161: 0.77117143 | AA161: -1 | AB161: 44635101 | AC161: 0.83764706 | AD161: -1 | AE161: ФОП, ПОЛЯНСЬКА ТЕТЯНА АНАТОЛІЇВНА | AF161: 0.86363636 | AG161: -1 | AH161: 42750109 | AI161: 10.680412 | AJ161: -1 | AK161: 45395213 | AL161: 0.73943662 | AM161: -1 | AN161: 41833215 | AO161: 0.80232558 | AP161: -1 | AQ161: 32418147 | AR161: 0.62569061 | AS161: -1 | AT161: 01984228 | AU161: 0.53895919 | AV161: -1 | AZ161: 20763852 | BA161: 0.76414806 | BB161: -1 | BO161: ФОП, ЯКИМІВ СВІТЛАНА ЯРОСЛАВІВНА | BP161: 0.42241379 | BQ161: -1 | BR161: 43938699 | BS161: 0.095238095 | BT161: -1 | CA161: 20765006 | CB161: 0.051399305 | CC161: -1 | CD161: 44408760 | CE161: 0.9375 | CF161: -1
V162: 20764231 | W162: 1.375 | X162: -1 | Y162: 45395213 | Z162: 0.7825 | AA162: -1 | AB162: 41195567 | AC162: 0.8619403 | AD162: -1 | AE162: ФОП, Шабатюк Леся Володимирівна | AF162: 0.86538462 | AG162: -1 | AH162: 44646459 | AI162: 10.694444 | AJ162: -1 | AK162: ФОП, Столяр Маряна Миколаївна | AL162: 0.75 | AM162: -1 | AN162: 40241161 | AO162: 0.88888889 | AP162: -1 | AQ162: 40626575 | AR162: 0.6275395 | AS162: -1 | AT162: ФОП, Лялька Наталія Петрівна | AU162: 0.54878049 | AV162: -1 | AZ162: ФОП, ПЕТРИК ЛЮДМИЛА ЯРОСЛАВІВНА | BA162: 0.76536313 | BB162: -1 | BO162: 20764231 | BP162: 0.42287918 | BQ162: -1 | BR162: 01997633 | BS162: 0.11008111 | BT162: -1 | CA162: 01998226 | CB162: 0.052119147 | CC162: -1 | CD162: 42428764 | CE162: 0.93772033 | CF162: -1
V163: 41160010 | W163: 1.375 | X163: -1 | Y163: 44646459 | Z163: 0.78504762 | AA163: -1 | AB163: ФОП, САВЕНКО НАТАЛІЯ ЯРОСЛАВІВНА | AC163: 0.86441844 | AD163: -1 | AE163: 44018588 | AF163: 0.86590038 | AG163: -1 | AH163: 45214923 | AI163: 10.733918 | AJ163: -1 | AK163: 41160010 | AL163: 0.78169014 | AM163: -1 | AQ163: 44871599 | AR163: 0.63636364 | AS163: -1 | AT163: ФОП, СЕРЕДЮК ОЛЬГА ІВАНІВНА | AU163: 0.55227033 | AV163: -1 | AZ163: ФОП, Цяпка Лілія Богданівна | BA163: 0.76842105 | BB163: -1 | BO163: 44646459 | BP163: 0.42709104 | BQ163: -1 | BR163: ФОП, Турянська Ольга Тарасівна | BS163: 0.11111111 | BT163: -1 | CA163: 42274953 | CB163: 0.05351036 | CC163: -1 | CD163: 20763295 | CE163: 0.9382716 | CF163: -1
...

Sheet Паспорт індикаторів
A1: Назва індикатора | B1: Чисельник | C1: Знаменник | D1: Рівень індикатора | E1: Період вибірки | F1: Трактування | G1: Примітка
A2: Співвідношення кількості медсестер до кількості лікарів на ПМД. | B2: Кількість медичних сестер, що працюють на рівні ПМД: | C2: Кількість активних лікарів ПМД: | D2: Заклад | E2: на звітну дату | F2: Відображає середнє значення кількості зареєстрованих медичних сестер, яке припадає на 1 лікаря, які працюють в закладі.
A3: Відсоток задекларованих пацієнтів у порівнянні з рекомендованою кількістю. | B3: Кількість декларацій: | C3: Рекомендована кількість декларацій: | D3: Заклад/Лікар | E3: на звітну дату | F3: Порівняння рекомендованої МОЗ кількості декларацій із фактичною кількістю декларацій у лікаря. | G3: Оптимальний обсяг практики ПМД становить: 1800 осіб на одного лікаря загальної практики - сімейного лікаря; 2000 на одного лікаря-терапевта; 900 осіб на одного лікаря-педіатра відповідно до Порядку надання первинної медичної допомоги, затвердженого наказом МОЗ від 19.03.2018 № 504.
A4: Загальне використання послуг ПМД. | B4: Кількість пацієнтів, які мали звернення до лікаря за останній рік: | C4: Кількість задекларованих пацієнтів у лікаря на звітну дату: | D4: Заклад/Лікар | E4: 1 рік | F4: Відображає частку пацієнтів, які мали хоча б 1 звернення до лікаря протягом року. | G4: Цей індикатор включає будь-які медичні записи з класом ПМД. Наприклад, якщо показник розраховується станом на 1 квітня 2024 року, то у чисельнику має бути кількість осіб, які хоча б один раз протягом періоду з 1 квітня 2023 року по 31 березня 2024 року консультувалися з лікарем.
A5: Частка консультацій з лікарями ПМД без перескерувань. | B5: Кількість візитів без виписки направлення на консультацію: | C5: Кількість візитів до лікаря: | D5: Заклад/Лікар | E5: 1 квартал | F5: Частка візитів, які завершились без виписки направлення на консультацію на спеціалізованому рівні медичної допомоги.
A6: Завантаженість лікаря, який надає послуги ПМД. | B6: Кількість відвідувань протягом місяця: | C6: Кількість лікарів: | D6: Заклад/Лікар | E6: місяць | F6: Кількість візитів, яка в середгньому припадає на 1 лікаря під час його робочої зміни. | G6: Відповідно до Порядку формування спроможних мереж первинної медичної допомоги, затвердженого наказом МОЗ від 06.02.2018 № 178/24, цільове навантаження на одну робочу зміну складає 24 відвідування, при чому очікується, що в 30% випадків пацієнту зможе допомогти середній медичний персонал, без залучення лікаря.
A7: Моніторинг розвитку дитини протягом першого року життя. | B7: Кількість дітей (задекларованих), які у звітному місяці мають вік 1 рік, і які мають 4 або більше медичних записів з класом ПМД, зафіксованих протягом першого року життя: | C7: Кількість задекларованих дітей віком 1 рік протягом звітного періоду: | D7: Заклад/Лікар | E7: 1 рік | F7: Частка дітей віком до 1 року, які мали щонайменше 4 огляди лікарем протягом першого року життя. | G7: У вибірку потрапляють діти віком від 1 рік 1 день до 1 рік 364(365) дні(в), при цьому оцінюється наявність медичних записів про візити протягом першого року життя дитини, тобто від 1 дня до 1 року. Наприклад, якщо ми оцінюємо показник станом на 1 квітня 2024 року, то у вибірку потрапляють діти, які народилися у проміжку від 1 квітня 2022 року до 31 березня 2023 року.
A8: Вакцинація дітей віком до 1 року (включно). | B8: Кількість дітей (задекларованих), які у звітному періоді мають вік до 1 року, і які були вакциновані за останній рік: | C8: Кількість задекларованих дітей віком 1 рік протягом звітного періоду: | D8: Заклад/Лікар | E8: 1 рік | F8: Відсоток дітей віком до 1 року (включно), які отримали вакцинацію (принаймні одну) за останній рік. | G8: У вибірку потрапляють діти віком до 1 рік 364(365) дні(в), при цьому оцінюється наявність медичних записів про вакцинацію за останній рік. Наприклад, якщо ми оцінюємо показник станом на 1 квітня 2024 року, то у вибірку потрапляють діти, які народилися у проміжку від 1 квітня 2022 року до 31 березня 2024 року та у проміжку від 1 квітня 2023 року до 31 березня 2024 року мають запис про вакцинацію.
A9: Вакцинація дітей віком до 6 років (включно). | B9: Кількість дітей (задекларованих), які у звітному періоді мають вік до 6 років, і які були вакциновані за останній рік: | C9: Кількість задекларованих дітей віком до 6 років протягом звітного періоду: | D9: Заклад/Лікар | E9: 1 рік | F9: Відсоток дітей віком до 6 років (включно), які отримали вакцинацію (принаймні одну) за останній рік. | G9: У вибірку потрапляють діти віком до 6 років 364(365) дні(в), при цьому оцінюється наявність вакцинацій протягом останнього року.
A10: Повне оцінювання серцево-судинного ризику. | B10: Кількість пацієнтів (задекларованих) цільової групи та пацієнтів з групи ризику, яким було проведено обстеження: | C10: Кількість пацієнтів (задекларованих) у цільовій групі та пацієнтів з групи ризику, які мали візити: | D10: Заклад/Лікар | E10: 2 роки | F10: Частка пацієнтів із цільової групи та пацієнтів з групи ризику, яким були проведені необхідні вимірювання. | G10: Пацієнти, які досягли віку в 40 повних років (чоловіки) та 50 повних років (жінки) і про яких були внесені електронні медичні записи під час візиту ПМД протягом останніх 2 років, якщо немає факторів ризику і 1 року, за наявності факторів ризику.
A11: Оцінювання компенсації гіпертонії. | B11: Загальна кількість пацієнтів (задекларованих) з гіпертонією, віком 18 років і старші: | C11: Загальна кількість осіб (задекларованих) віком 18 років і старше з гіпертонією, які мали електронні медичні записи під час візиту: | D11: Заклад/Лікар | E11: 1 квартал | F11: Частка задекларованого населення з діагнозом гіпертонічної хвороби, у яких під час останнього відвідування лікаря ПМД виміряно артеріальний тиск, показник якого становить менше 140/90 мм рт.ст.
A12: Скринінг на виявлення цукрового діабету у групі ризику. | B12: Кількість пацієнтів (задекларованих) цільової групи та пацієнтів з групи ризику, яким було проведено обстеження: | C12: Кількість пацієнтів (задекларованих) у цільовій групі та пацієнтів з групи ризику, які мали візити: | D12: Заклад/Лікар | E12: 1 рік | F12: Частка пацієнтів із цільової групи та пацієнтів з групи ризику, яким були проведені необхідні вимірювання. | G12: Пацієнти, які досягли віку в 45 повних років і всі пацієнти, за наявності факторів ризику, про яких були внесені електронні медичні записи під час візиту ПМД протягом останнього року.
A13: Скринінг на виявлення раку передміхурової залози (виписані направлення). | B13: Кількість пацієнтів (задекларованих) цільової групи та пацієнтів з групи ризику, яким було виписано направлення на тест: | C13: Кількість пацієнтів (задекларованих) у цільовій групі та пацієнтів з групи ризику, які мали візити: | D13: Заклад/Лікар | E13: 2 роки | F13: Частка пацієнтів із цільової групи та пацієнтів з групи ризику, яким були виписані направлення на необхідні обстеження. | G13: Пацієнти чоловіки, які досягли віку в 50 повних років і пацієнти чоловіки віком 40 років, за наявності факторів ризику, про яких були внесені електронні медичні записи під час візиту ПМД протягом останніх 2 років.
A14: Скринінг на виявлення раку передміхурової залози (погашені направлення). | B14: Кількість пацієнтів (задекларованих) цільової групи та пацієнтів з групи ризику, яким було погашено направлення на тест: | C14: Кількість пацієнтів цільової (задекларованих) групи та пацієнтів з групи ризику, яким було виписано направлення на тест: | D14: Заклад/Лікар | E14: 2 роки | F14: Частка пацієнтів із цільової групи та пацієнтів з групи ризику, яким були проведені необхідні обстеження.
A15: Скринінг на виявлення колоректального раку (виписані направлення). | B15: Кількість пацієнтів (задекларованих) цільової групи та пацієнтів з групи ризику, яким було виписано направлення на тест: | C15: Кількість пацієнтів (задекларованих) у цільовій групі та пацієнтів з групи ризику, які мали візити: | D15: Заклад/Лікар | E15: 2 роки | F15: Частка пацієнтів із цільової групи та пацієнтів з групи ризику, яким були виписані направлення на необхідні обстеження. | G15: Пацієнти віком в 50 - 75 повних років, про яких були внесені електронні медичні записи під час візиту ПМД протягом останніх 2 років, якщо немає факторів ризику і 1 року, за наявності факторів ризику.
A16: Скринінг на виявлення колоректального раку (погашені направлення). | B16: Кількість пацієнтів (задекларованих) цільової групи та пацієнтів з групи ризику, яким було погашено направлення на тест: | C16: Кількість пацієнтів (задекларованих) цільової групи та пацієнтів з групи ризику, яким було виписано направлення на тест: | D16: Заклад/Лікар | E16: 2 роки | F16: Частка пацієнтів із цільової групи та пацієнтів з групи ризику, яким були проведені необхідні обстеження.
A17: Скринінг на виявлення раку молочної залози серед жінок (виписані направлення). | B17: Кількість пацієнтів (задекларованих) цільової групи та пацієнтів з групи ризику, яким було виписано направлення на мамографію: | C17: Кількість пацієнтів (задекларованих) у цільовій групі та пацієнтів з групи ризику, які мали візити: | D17: Заклад/Лікар | E17: 2 роки | F17: Частка пацієнтів із цільової групи та пацієнтів з групи ризику, яким були виписані направлення на необхідні обстеження. | G17: Пацієнти жінки віком в 50 - 69 повних років, про яких були внесені електронні медичні записи під час візиту ПМД протягом останніх 2 років, якщо немає факторів ризику і 1 року, та віком в 40 - 69 повних років за наявності факторів ризику.
A18: Скринінг на виявлення раку молочної залози серед жінок (погашені направлення). | B18: Кількість пацієнтів (задекларованих) цільової групи та пацієнтів з групи ризику, яким було погашено направлення на мамографію: | C18: Кількість пацієнтів (задекларованих) цільової групи та пацієнтів з групи ризику, яким було виписано направлення на мамографію: | D18: Заклад/Лікар | E18: 2 роки | F18: Частка пацієнтів із цільової групи та пацієнтів з групи ризику, яким були проведені необхідні обстеження.
A19: Скринінг на наявність туберкульозу. | B19: Кількість пацієнтів (задекларованих) з групи ризику, яким було виписано направлення на КТ або рентген грудної клітки: | C19: Кількість пацієнтів (задекларованих) з групи ризику, які мали візити: | D19: Заклад/Лікар | E19: 1 квартал | F19: Частка пацієнтів, яким було проведено скринінг на захворювання на туберкульоз.
A20: Виявлення ВІЛ у пацієнтів з індикаторними станами. | B20: Кількість пацієнтів (задекларованих) із знаменника, яким було проведено скринінг на ВІЛ: | C20: Кількість пацієнтів (задекларованих) з індикаторними станами, які мали електронні медичні записи під час візиту: | D20: Заклад/Лікар | E20: 1 квартал | F20: Частка пацієнтів, яким було проведено скринінг на виявлення ВІЛ-інфекції, серед пацієнтів, які звернулися за допомогою і мають індикаторні стани.
A21: Охоплення реімбурсацією (виписування рецептів). | B21: Кількість пацієнтів (задекларованих), яким було виписано рецепти за програмою реімбурсації: | C21: Кількість задекларованих пацієнтів протягом звітного періоду: | D21: Заклад/Лікар | E21: 1 квартал | F21: Частка пацієнтів, яким було виписано рецепти за програмою реімбурсації.
A22: Охоплення реімбурсацією (отоварення рецептів). | B22: Кількість пацієнтів, які отримали ліки за програмою реімбурсації: | C22: Кількість пацієнтів (задекларованих), яким було виписано рецепти за програмою реімбурсації : | D22: Заклад/Лікар | E22: 1 квартал | F22: Частка пацієнтів, якіотримали ліки за програмою реімбурсації.
A23: Виписування антимікробних препаратів на рівні ПМД. | B23: Кількість пацієнтів (задекларованих), яким було виписано рецепти на антимікробні препарати: | C23: Кількість задекларованих пацієнтів протягом звітного періоду: | D23: Заклад/Лікар | E23: 1 квартал | F23: Частка пацієнтів, яким було виписано рецепти на антимікробні препарати.
A24: Профілактичний огляд осіб вікової групи 40-64 роки | B24: Кількість пацієнтів (задекларованих) з цільової групи, які за звітний період мали хоча б 1 візит з причиною звернення "А98 Підтримання здоров'я/профілактика" і проведено щонайменше одне обстеження (39156-5, 56086-2, 8480-6, 8462-4, 14647-2, 14743-9): | C24: Кількість пацієнтів (задекларованих) з цільової групи, які за звітний період мали хоча б 1 візит: | D24: Заклад/Лікар | E24: 1 рік | F24: Частка пацієнтів з цільової групи, яким було проведенно профілактичні огляди за період. | G24: Індикатор вважається досягнутим, якщо відсоткова кількість осіб визначеної цільової групи становить 95% і більше на дату проведення оцінки.
A25: Профілактичний огляд осіб вікової групи 65 років і старше | B25: Кількість пацієнтів (задекларованих) з цільової групи та діагнозами гіпертонічна хвороба, серцево-судинні захворювання, цукровий діабет, які за звітний період мали хоча б 1 візит з причиною звернення "А98 Підтримання здоров'я/профілактика" і проведено щонайменше одне обстеження (39156-5, 56086-2, 8480-6, 8462-4, 14647-2, 14743-9): | C25: Кількість пацієнтів (задекларованих) з цільової групи та діагнозами гіпертонічна хвороба, серцево-судинні захворювання, цукровий діабет, які за звітний період мали хоча б 1 візит: | D25: Заклад/Лікар | E25: 1 рік | F25: Частка пацієнтів з цільової групи, яким було проведенно профілактичні огляди за період. | G25: Індикатор вважається досягнутим, якщо відсоткова кількість осіб визначеної цільової групи становить 95% і більше на дату проведення оцінки.
A26: Кількість зареєстрованих місць надання допомоги. | D26: Заклад/Лікар | E26: на звітну дату
A27: Кількість зареєстрованих сімейних лікарів. | D27: Заклад/Лікар | E27: на звітну дату
A28: Кількість зареєстрованих терапевтів. | D28: Заклад/Лікар | E28: на звітну дату
A29: Кількість зареєстрованих педіатрів. | D29: Заклад/Лікар | E29: на звітну дату
A30: Кількість декларацій чоловіки 0-5. | D30: Заклад/Лікар | E30: на звітну дату
A31: Кількість декларацій чоловіки 6-17. | D31: Заклад/Лікар | E31: на звітну дату
A32: Кількість декларацій чоловіки 18-39. | D32: Заклад/Лікар | E32: на звітну дату
A33: Кількість декларацій чоловіки 40-64. | D33: Заклад/Лікар | E33: на звітну дату
A34: Кількість декларацій чоловіки 65+. | D34: Заклад/Лікар | E34: на звітну дату
A35: Кількість декларацій жінки 0-5. | D35: Заклад/Лікар | E35: на звітну дату
A36: Кількість декларацій жінки 6-17. | D36: Заклад/Лікар | E36: на звітну дату
A37: Кількість декларацій жінки 18-39. | D37: Заклад/Лікар | E37: на звітну дату
... A39: Кількість декларацій жінки 65+. | D39: Заклад/Лікар | E39: на звітну дату
A40: Всього взаємодій. | D40: Заклад/Лікар | E40: місяць | G40: Загальна кількість прийомів (на основі ЕМЗ) у звітному місяці.
A41: Взаємодій засобами телемедицини. | D41: Заклад/Лікар | E41: місяць
A42: Взаємодій на дому у пацієнта. | D42: Заклад/Лікар | E42: місяць
A43: Взаємодій, віднесених до пакету ПМД. | D43: Заклад/Лікар | E43: місяць
A44: Взаємодій, віднесених до пакету супровід хворих на туберкульоз. | D44: Заклад/Лікар | E44: місяць
A45: Взаємодій, віднесених до пакету супровід осіб з психічними розладами. | D45: Заклад/Лікар | E45: місяць
A46: Взаємодій, віднесених до пакету ВІЛ. | D46: Заклад/Лікар | E46: місяць
A47: Взаємодій, віднесених до пакету ЗПТ. | D47: Заклад/Лікар | E47: місяць
A48: Взаємодій, віднесених до пакету моб. паліативу. | D48: Заклад/Лікар | E48: місяць
A49: Взаємодій, не віднесених до жодного пакету. | D49: Заклад/Лікар | E49: місяць
A50: Всього виписано направлень. | D50: Заклад/Лікар | E50: місяць
A51: Направлень на візуалізацію. | D51: Заклад/Лікар | E51: місяць
A52: Направлень на консультацію. | D52: Заклад/Лікар | E52: місяць
... A57: Направлень на хірургічні процедури. | D57: Заклад/Лікар | E57: місяць

Sheet Індикатори
A1: ID індикатора | B1: Назва індикатора | C1: Чисельник | D1: Знаменник | E1: Рівень індикатора | F1: Період вибірки | G1: Трактування
A2: 1 | B2: Співвідношення кількості медсестер до кількості лікарів на ПМД. | C2: Кількість медичних сестер, що працюють на рівні ПМД: | D2: Кількість активних лікарів ПМД: | E2: Заклад | F2: на звітну дату | G2: Відображає середнє значення кількості зареєстрованих медичних сестер, яке припадає на 1 лікаря, які працюють в закладі.
A3: 2 | B3: Відсоток задекларованих пацієнтів у порівнянні з рекомендованою кількістю. | C3: Кількість декларацій: | D3: Рекомендована кількість декларацій: | E3: Заклад/Лікар | F3: на звітну дату | G3: Порівняння рекомендованої МОЗ кількості декларацій із фактичною кількістю декларацій у лікаря.
A4: 3 | B4: Загальне використання послуг ПМД. | C4: Кількість пацієнтів, які мали звернення до лікаря за останній рік: | D4: Кількість задекларованих пацієнтів у лікаря на звітну дату: | E4: Заклад/Лікар | F4: 1 рік | G4: Відображає частку пацієнтів, які мали хоча б 1 звернення до лікаря протягом року.
A5: 4 | B5: Частка консультацій з лікарями ПМД без перескерувань. | C5: Кількість візитів без виписки направлення на консультацію: | D5: Кількість візитів до лікаря: | E5: Заклад/Лікар | F5: 1 квартал | G5: Частка візитів, які завершились без виписки направлення на консультацію на спеціалізованому рівні медичної допомоги.
A6: 5 | B6: Завантаженість лікаря, який надає послуги ПМД. | C6: Кількість відвідувань протягом місяця: | D6: Кількість лікарів: | E6: Заклад/Лікар | F6: місяць | G6: Кількість візитів, яка в середгньому припадає на 1 лікаря під час його робочої зміни.
A7: 6 | B7: Моніторинг розвитку дитини протягом першого року життя. | C7: Кількість дітей (задекларованих), які у звітному місяці мають вік 1 рік, і які мають 4 або більше медичних записів з класом ПМД, зафіксованих протягом першого року життя: | D7: Кількість задекларованих дітей віком 1 рік протягом звітного періоду: | E7: Заклад/Лікар | F7: 1 рік | G7: Частка дітей віком до 1 року, які мали щонайменше 4 огляди лікарем протягом першого року життя.
A8: 7 | B8: Вакцинація дітей віком до 1 року (включно). | C8: Кількість дітей (задекларованих), які у звітному періоді мають вік до 1 року, і які були вакциновані за останній рік: | D8: Кількість задекларованих дітей віком 1 рік протягом звітного періоду: | E8: Заклад/Лікар | F8: 1 рік | G8: Відсоток дітей віком до 1 року (включно), які отримали вакцинацію (принаймні одну) за останній рік.
A9: 8 | B9: Вакцинація дітей віком до 6 років (включно). | C9: Кількість дітей (задекларованих), які у звітному періоді мають вік до 6 років, і які були вакциновані за останній рік: | D9: Кількість задекларованих дітей віком до 6 років протягом звітного періоду: | E9: Заклад/Лікар | F9: 1 рік | G9: Відсоток дітей віком до 6 років (включно), які отримали вакцинацію (принаймні одну) за останній рік.
A10: 9 | B10: Повне оцінювання серцево-судинного ризику. | C10: Кількість пацієнтів (задекларованих) цільової групи та пацієнтів з групи ризику, яким було проведено обстеження: | D10: Кількість пацієнтів (задекларованих) у цільовій групі та пацієнтів з групи ризику, які мали візити: | E10: Заклад/Лікар | F10: 2 роки | G10: Частка пацієнтів із цільової групи та пацієнтів з групи ризику, яким були проведені необхідні вимірювання.
A11: 10 | B11: Оцінювання компенсації гіпертонії. | C11: Загальна кількість пацієнтів (задекларованих) з гіпертонією, віком 18 років і старші: | D11: Загальна кількість осіб (задекларованих) віком 18 років і старше з гіпертонією, які мали електронні медичні записи під час візиту: | E11: Заклад/Лікар | F11: 1 квартал | G11: Частка задекларованого населення з діагнозом гіпертонічної хвороби, у яких під час останнього відвідування лікаря ПМД виміряно артеріальний тиск, показник якого становить менше 140/90 мм рт.ст.
A12: 11 | B12: Скринінг на виявлення цукрового діабету у групі ризику. | C12: Кількість пацієнтів (задекларованих) цільової групи та пацієнтів з групи ризику, яким було проведено обстеження: | D12: Кількість пацієнтів (задекларованих) у цільовій групі та пацієнтів з групи ризику, які мали візити: | E12: Заклад/Лікар | F12: 1 рік | G12: Частка пацієнтів із цільової групи та пацієнтів з групи ризику, яким були проведені необхідні вимірювання.
A13: 12 | B13: Скринінг на виявлення раку передміхурової залози (виписані направлення). | C13: Кількість пацієнтів (задекларованих) цільової групи та пацієнтів з групи ризику, яким було виписано направлення на тест: | D13: Кількість пацієнтів (задекларованих) у цільовій групі та пацієнтів з групи ризику, які мали візити: | E13: Заклад/Лікар | F13: 2 роки | G13: Частка пацієнтів із цільової групи та пацієнтів з групи ризику, яким були виписані направлення на необхідні обстеження.
... A25: 27 | B25: Профілактичний огляд осіб вікової групи 65 років і старше | C25: Кількість пацієнтів (задекларованих) з цільової групи та діагнозами гіпертонічна хвороба, серцево-судинні захворювання, цукровий діабет, які за звітний період мали хоча б 1 візит з причиною звернення "А98 Підтримання здоров'я/профілактика" і проведено щонайменше одне обстеження (39156-5, 56086-2, 8480-6, 8462-4, 14647-2, 14743-9): | D25: Кількість пацієнтів (задекларованих) з цільової групи та діагнозами гіпертонічна хвороба, серцево-судинні захворювання, цукровий діабет, які за звітний період мали хоча б 1 візит: | E25: Заклад/Лікар | F25: 1 рік | G25: Частка пацієнтів з цільової групи, яким було проведенно профілактичні огляди за період.
A26: 100 | B26: Кількість зареєстрованих місць надання допомоги. | E26: Заклад/Лікар | F26: на звітну дату
A27: 101 | B27: Кількість зареєстрованих сімейних лікарів. | E27: Заклад/Лікар | F27: на звітну дату
A28: 102 | B28: Кількість зареєстрованих терапевтів. | E28: Заклад/Лікар | F28: на звітну дату
A29: 103 | B29: Кількість зареєстрованих педіатрів. | E29: Заклад/Лікар | F29: на звітну дату
A30: 104 | B30: Кількість декларацій чоловіки 0-5. | E30: Заклад/Лікар | F30: на звітну дату
A31: 105 | B31: Кількість декларацій чоловіки 6-17. | E31: Заклад/Лікар | F31: на звітну дату
A32: 106 | B32: Кількість декларацій чоловіки 18-39. | E32: Заклад/Лікар | F32: на звітну дату
A33: 107 | B33: Кількість декларацій чоловіки 40-64. | E33: Заклад/Лікар | F33: на звітну дату
A34: 108 | B34: Кількість декларацій чоловіки 65+. | E34: Заклад/Лікар | F34: на звітну дату
A35: 109 | B35: Кількість декларацій жінки 0-5. | E35: Заклад/Лікар | F35: на звітну дату
A36: 110 | B36: Кількість декларацій жінки 6-17. | E36: Заклад/Лікар | F36: на звітну дату
A37: 111 | B37: Кількість декларацій жінки 18-39. | E37: Заклад/Лікар | F37: на звітну дату
... A57: 134 | B57: Направлень на хірургічні процедури. | E57: Заклад/Лікар | F57: місяць

Sheet Заклад
A1: ID індикатора | B1: Звітна дата | C1: Рівень | D1: Індикатор | E1: Значення | F1: Чисельник | G1: Знаменник
A2: 106 | B2: 45413 | C2: Оліярчук Наталія Вікторівна | D2: Кількість декларацій чоловіки 18-39 | E2: 112
A3: 24 | B3: 45505 | C3: Оліярчук Наталія Вікторівна | D3: Охоплення реімбурсацією (отоварення рецептів) | E3: 0.9 | F3: 9 | G3: 10
A4: 13 | B4: 45474 | C4: Оліярчук Наталія Вікторівна | D4: Скринінг на виявлення раку передміхурової залози (погашені направлення) | E4: 0.068965517 | F4: 6 | G4: 87
A5: 103 | B5: 45413 | C5: Оліярчук Наталія Вікторівна | D5: Кількість зареєстрованих педіатрів | E5: 0
A6: 106 | B6: 45505 | C6: Оліярчук Наталія Вікторівна | D6: Кількість декларацій чоловіки 18-39 | E6: 105
A7: 101 | B7: 45505 | C7: Оліярчук Наталія Вікторівна | D7: Кількість зареєстрованих сімейних лікарів | E7: 1
A8: 111 | B8: 45444 | C8: Оліярчук Наталія Вікторівна | D8: Кількість декларацій жінки 18-39 | E8: 96
A9: 3 | B9: 45474 | C9: Оліярчук Наталія Вікторівна | D9: Загальне використання послуг ПМД | E9: 1 | F9: 538 | G9: 538
A10: 16 | B10: 45505 | C10: Оліярчук Наталія Вікторівна | D10: Скринінг на виявлення раку молочної залози серед жінок (виписані направлення) | E10: 0.15584416 | F10: 12 | G10: 77
A11: 108 | B11: 45474 | C11: Оліярчук Наталія Вікторівна | D11: Кількість декларацій чоловіки 65+ | E11: 36
A12: 15 | B12: 45505 | C12: Оліярчук Наталія Вікторівна | D12: Скринінг на виявлення колоректального раку (погашені направлення) | E12: 0 | F12: 0 | G12: 170
A13: 100 | B13: 45474 | C13: Оліярчук Наталія Вікторівна | D13: Кількість зареєстрованих місць надання допомоги | E13: 1
A14: 122 | B14: 45413 | C14: Оліярчук Наталія Вікторівна | D14: Взаємодій віднесених до пакету супровід осіб з психічними розладами | E14: 6
A15: 17 | B15: 45474 | C15: Оліярчук Наталія Вікторівна | D15: Скринінг на виявлення раку молочної залози серед жінок (погашені направлення) | E15: 0.013333333 | F15: 1 | G15: 75
A16: 132 | B16: 45413 | C16: Оліярчук Наталія Вікторівна | D16: Направлень на лікувал.-діагностичні процедури | E16: 2
A17: 2 | B17: 45474 | C17: Оліярчук Наталія Вікторівна | D17: Відсоток задекларованих пацієнтів у порівнянні з рекомендаціями | E17: 0.29888889 | F17: 538 | G17: 1800
A18: 132 | B18: 45444 | C18: Оліярчук Наталія Вікторівна | D18: Направлень на лікувал.-діагностичні процедури | E18: 1
A19: 23 | B19: 45413 | C19: Оліярчук Наталія Вікторівна | D19: Охоплення реімбурсацією (виписування рецептів) | E19: 0.038062284 | F19: 22 | G19: 578
A20: 23 | B20: 45444 | C20: Оліярчук Наталія Вікторівна | D20: Охоплення реімбурсацією (виписування рецептів) | E20: 0.031634446 | F20: 18 | G20: 569
A21: 15 | B21: 45474 | C21: Оліярчук Наталія Вікторівна | D21: Скринінг на виявлення колоректального раку (погашені направлення) | E21: 0 | F21: 0 | G21: 170
A22: 23 | B22: 45474 | C22: Оліярчук Наталія Вікторівна | D22: Охоплення реімбурсацією (виписування рецептів) | E22: 0.019503546 | F22: 11 | G22: 564
A23: 15 | B23: 45444 | C23: Оліярчук Наталія Вікторівна | D23: Скринінг на виявлення колоректального раку (погашені направлення) | E23: 0 | F23: 0 | G23: 171
A24: 3 | B24: 45444 | C24: Оліярчук Наталія Вікторівна | D24: Загальне використання послуг ПМД | E24: 1.0641026 | F24: 581 | G24: 546
A25: 111 | B25: 45474 | C25: Оліярчук Наталія Вікторівна | D25: Кількість декларацій жінки 18-39 | E25: 95
A26: 131 | B26: 45413 | C26: Оліярчук Наталія Вікторівна | D26: Направлень на госпіталізацію | E26: 7
A27: 126 | B27: 45413 | C27: Оліярчук Наталія Вікторівна | D27: Взаємодій не віднесених до жодного пакету | E27: 1
A28: 130 | B28: 45505 | C28: Оліярчук Наталія Вікторівна | D28: Направлень на лабораторні дослідження | E28: 22
A29: 23 | B29: 45505 | C29: Оліярчук Наталія Вікторівна | D29: Охоплення реімбурсацією (виписування рецептів) | E29: 0.017985612 | F29: 10 | G29: 556
A30: 9 | B30: 45505 | C30: Оліярчук Наталія Вікторівна | D30: Повне оцінювання серце-судинного ризику | E30: 0.5 | F30: 100 | G30: 200
A31: 114 | B31: 45474 | C31: Оліярчук Наталія Вікторівна | D31: Всього взаємодій | E31: 79
A32: 12 | B32: 45505 | C32: Оліярчук Наталія Вікторівна | D32: Скринінг на виявлення раку передміхурової залози (виписані направлення) | E32: 0.14285714 | F32: 12 | G32: 84
A33: 130 | B33: 45474 | C33: Оліярчук Наталія Вікторівна | D33: Направлень на лабораторні дослідження | E33: 28
A34: 103 | B34: 45474 | C34: Оліярчук Наталія Вікторівна | D34: Кількість зареєстрованих педіатрів | E34: 0
A35: 5 | B35: 45505 | C35: Оліярчук Наталія Вікторівна | D35: Завантаженість лікаря | E35: 5.3 | F35: 53 | G35: 10
A36: 9 | B36: 45474 | C36: Оліярчук Наталія Вікторівна | D36: Повне оцінювання серце-судинного ризику | E36: 0.47979798 | F36: 95 | G36: 198
A37: 107 | B37: 45444 | C37: Оліярчук Наталія Вікторівна | D37: Кількість декларацій чоловіки 40-64 | E37: 122
A38: 27 | B38: 45505 | C38: Оліярчук Наталія Вікторівна | D38: Профілактичний огляд осіб вікової групи 65 років і старше | G38: 117
A39: 5 | B39: 45474 | C39: Оліярчук Наталія Вікторівна | D39: Завантаженість лікаря | E39: 6.2857143 | F39: 44 | G39: 7
A40: 2 | B40: 45413 | C40: Оліярчук Наталія Вікторівна | D40: Відсоток задекларованих пацієнтів у порівнянні з рекомендаціями | E40: 0.30777778 | F40: 554 | G40: 1800
A41: 126 | B41: 45474 | C41: Оліярчук Наталія Вікторівна | D41: Взаємодій не віднесених до жодного пакету | E41: 1
A42: 12 | B42: 45444 | C42: Оліярчук Наталія Вікторівна | D42: Скринінг на виявлення раку передміхурової залози (виписані направлення) | E42: 0.13793103 | F42: 12 | G42: 87
A43: 102 | B43: 45444 | C43: Оліярчук Наталія Вікторівна | D43: Кількість зареєстрованих терапевтів | E43: 0
A44: 126 | B44: 45505 | C44: Оліярчук Наталія Вікторівна | D44: Взаємодій не віднесених до жодного пакету | E44: 2
A45: 5 | B45: 45444 | C45: Оліярчук Наталія Вікторівна | D45: Завантаженість лікаря | E45: 8.8 | F45: 44 | G45: 5
A46: 10 | B46: 45413 | C46: Оліярчук Наталія Вікторівна | D46: Оцінювання компенсації гіпертонії | E46: 0.1372549 | F46: 7 | G46: 51
A47: 114 | B47: 45505 | C47: Оліярчук Наталія Вікторівна | D47: Всього взаємодій | E47: 93
A48: 5 | B48: 45413 | C48: Оліярчук Наталія Вікторівна | D48: Завантаженість лікаря | E48: 7 | F48: 91 | G48: 13
A49: 13 | B49: 45444 | C49: Оліярчук Наталія Вікторівна | D49: Скринінг на виявлення раку передміхурової залози (погашені направлення) | E49: 0.068965517 | F49: 6 | G49: 87
